{
	"parent": "minecraft:item/generated",
	"textures": {
		"layer0": "minecraft:item/netherite_leggings"
	},
  
	"overrides": [
		{"predicate": {"custom_model_data":603}, "model": "item/netherite_leggings/603"},
		{"predicate": {"custom_model_data":607}, "model": "item/netherite_leggings/607"},
		{"predicate": {"custom_model_data":611}, "model": "item/netherite_leggings/611"},
		{"predicate": {"custom_model_data":615}, "model": "item/netherite_leggings/615"},
		{"predicate": {"custom_model_data":619}, "model": "item/netherite_leggings/619"},
		{"predicate": {"custom_model_data":623}, "model": "item/netherite_leggings/623"}
    ]
}