{
	"parent": "minecraft:item/generated",
	"textures": {
		"layer0": "minecraft:item/netherite_boots"
	},
  
	"overrides": [
		{"predicate": {"custom_model_data":604}, "model": "item/netherite_boots/604"},
		{"predicate": {"custom_model_data":608}, "model": "item/netherite_boots/608"},
		{"predicate": {"custom_model_data":612}, "model": "item/netherite_boots/612"},
		{"predicate": {"custom_model_data":616}, "model": "item/netherite_boots/616"},
		{"predicate": {"custom_model_data":620}, "model": "item/netherite_boots/620"},
		{"predicate": {"custom_model_data":624}, "model": "item/netherite_boots/624"}
    ]
}