{
	"parent": "minecraft:item/generated",
	"textures": {
		"layer0": "minecraft:item/netherite_chestplate"
	},
  
	"overrides": [
		{"predicate": {"custom_model_data":602}, "model": "item/netherite_chestplate/602"},
		{"predicate": {"custom_model_data":606}, "model": "item/netherite_chestplate/606"},
		{"predicate": {"custom_model_data":610}, "model": "item/netherite_chestplate/610"},
		{"predicate": {"custom_model_data":614}, "model": "item/netherite_chestplate/614"},
		{"predicate": {"custom_model_data":618}, "model": "item/netherite_chestplate/618"},
		{"predicate": {"custom_model_data":622}, "model": "item/netherite_chestplate/622"}
    ]
}