{
	"credit": "Made with Blockbench",
	"texture_size": [32, 32],
	"textures": {
		"0": "./tochonekidok",
		"particle": "./tochonekidok"
	},
	"elements": [
		{
			"from": [7, -3.6, 7.5],
			"to": [9, 5, 8.5],
			"rotation": {"angle": 0, "axis": "y", "origin": [8, -3, 8]},
			"faces": {
				"north": {"uv": [0, 0, 1, 4.25], "texture": "#0"},
				"east": {"uv": [2, 0, 2.5, 4.25], "texture": "#0"},
				"south": {"uv": [1, 0, 2, 4.25], "texture": "#0"},
				"west": {"uv": [2.5, 0, 3, 4.25], "texture": "#0"},
				"up": {"uv": [4, 0.5, 3, 0], "texture": "#0"},
				"down": {"uv": [4, 0.5, 3, 1], "texture": "#0"}
			}
		},
		{
			"from": [6.55, 4.6, 6.75],
			"to": [9.35, 5.5, 9.45],
			"rotation": {"angle": 0, "axis": "y", "origin": [8, -3, 8]},
			"faces": {
				"north": {"uv": [4, 5, 5.5, 5.5], "texture": "#0"},
				"east": {"uv": [5.5, 3.25, 4, 3.75], "texture": "#0"},
				"south": {"uv": [5.5, 5, 4, 5.5], "texture": "#0"},
				"west": {"uv": [5.5, 5.5, 4, 6], "texture": "#0"},
				"up": {"uv": [5.5, 3.75, 4, 5], "texture": "#0"},
				"down": {"uv": [7, 5, 5.5, 3.75], "texture": "#0"}
			}
		},
		{
			"from": [6.25, -4, 6.95],
			"to": [9.55, -2.4, 9.15],
			"rotation": {"angle": -22.5, "axis": "z", "origin": [8, -3, 8]},
			"faces": {
				"north": {"uv": [4, 5, 5.5, 5.5], "texture": "#0"},
				"east": {"uv": [5.5, 5.5, 4, 6], "texture": "#0"},
				"south": {"uv": [4, 5, 5.5, 5.5], "texture": "#0"},
				"west": {"uv": [5.5, 3.25, 4, 3.75], "texture": "#0"},
				"up": {"uv": [4, 3.75, 5.5, 5], "texture": "#0"},
				"down": {"uv": [7, 5, 5.5, 3.75], "texture": "#0"}
			}
		},
		{
			"from": [4.25, 0.9, 6.95],
			"to": [7.55, 2.3, 9.15],
			"rotation": {"angle": -22.5, "axis": "z", "origin": [8, -3, 8]},
			"faces": {
				"north": {"uv": [4, 5, 5.5, 5.5], "texture": "#0"},
				"east": {"uv": [5.5, 5.5, 4, 6], "texture": "#0"},
				"south": {"uv": [4, 5, 5.5, 5.5], "texture": "#0"},
				"west": {"uv": [5.5, 3.25, 4, 3.75], "texture": "#0"},
				"up": {"uv": [4, 3.75, 5.5, 5], "texture": "#0"},
				"down": {"uv": [7, 5, 5.5, 3.75], "texture": "#0"}
			}
		},
		{
			"from": [7.25, 5.5, 7.8],
			"to": [8.75, 27.5, 8.3],
			"rotation": {"angle": 0, "axis": "y", "origin": [8, 1.5, 8]},
			"faces": {
				"north": {"uv": [8.75, 0.25, 8, 12.25], "texture": "#0"},
				"east": {"uv": [8.5, 0.25, 8.75, 12.25], "texture": "#0"},
				"south": {"uv": [8, 0.25, 8.75, 12.25], "texture": "#0"},
				"west": {"uv": [8, 0.25, 8.5, 12.25], "texture": "#0"},
				"up": {"uv": [8.75, 0.25, 8.5, 0.5], "texture": "#0"},
				"down": {"uv": [4, 0, 2, 0], "texture": "#missing"}
			}
		},
		{
			"from": [7.25, 27.5, 7.8],
			"to": [8.25, 29.5, 8.3],
			"rotation": {"angle": 0, "axis": "y", "origin": [8, 1.5, 8]},
			"faces": {
				"north": {"uv": [8.75, 0.25, 8.25, 1], "texture": "#0"},
				"east": {"uv": [8.5, 0.25, 8.75, 1], "texture": "#0"},
				"south": {"uv": [8.25, 0.25, 8.75, 1], "texture": "#0"},
				"west": {"uv": [8, 0.25, 8.25, 1.25], "texture": "#0"},
				"up": {"uv": [8.75, 0.25, 8.5, 0.75], "texture": "#0"},
				"down": {"uv": [4, 0, 2, 0], "texture": "#missing"}
			}
		},
		{
			"from": [7.25, 29.5, 7.8],
			"to": [7.75, 30.5, 8.3],
			"rotation": {"angle": 0, "axis": "y", "origin": [8, 1.5, 8]},
			"faces": {
				"north": {"uv": [8.5, 0.25, 8.75, 0.5], "texture": "#0"},
				"east": {"uv": [8.5, 0.25, 8.75, 0.5], "texture": "#0"},
				"south": {"uv": [8.5, 0.25, 8.75, 0.5], "texture": "#0"},
				"west": {"uv": [8.5, 0.25, 8.75, 0.5], "texture": "#0"},
				"up": {"uv": [8.75, 0.25, 8.5, 0.5], "texture": "#0"},
				"down": {"uv": [1, 0.5, 1.5, 1], "texture": "#missing"}
			}
		}
	],
	"display": {
		"thirdperson_righthand": {
			"rotation": [0, 90, 0],
			"translation": [0, 5, 0.25],
			"scale": [0.82, 0.82, 0.82]
		},
		"thirdperson_lefthand": {
			"rotation": [-178.75, -90, 0],
			"translation": [0, 2.25, 0],
			"scale": [0.82, 0.82, 0.82]
		},
		"firstperson_righthand": {
			"rotation": [-19.5, 90, 0],
			"translation": [2.13, 2.45, 0.63],
			"scale": [0.48, 0.48, 0.48]
		},
		"firstperson_lefthand": {
			"rotation": [126, -90, 0],
			"translation": [2.38, 1.45, 1.13],
			"scale": [0.48, 0.48, 0.48]
		},
		"ground": {
			"scale": [0.5, 0.5, 0.5]
		},
		"gui": {
			"rotation": [11.57, 25.45, -46.48],
			"translation": [-0.75, -1.25, 0],
			"scale": [0.54, 0.54, 0.54]
		},
		"fixed": {
			"rotation": [0, -180, -45],
			"translation": [3.5, -3.5, -1.25]
		}
	}
}