{
	"credit": "Made with Blockbench",
	"texture_size": [32, 32],
	"textures": {
		"0": "./cycleblade",
		"particle": "./cycleblade"
	},
	"elements": [
		{
			"from": [7, -3.6, 7.5],
			"to": [9, 5, 8.5],
			"rotation": {"angle": 0, "axis": "y", "origin": [8, -3, 8]},
			"faces": {
				"north": {"uv": [3, 0, 4, 4.25], "texture": "#0"},
				"east": {"uv": [2, 4.5, 2.5, 8.75], "texture": "#0"},
				"south": {"uv": [3, 0, 4, 4.25], "texture": "#0"},
				"west": {"uv": [2.5, 4.5, 3, 8.75], "texture": "#0"},
				"up": {"uv": [4, 5, 3, 4.5], "texture": "#0"},
				"down": {"uv": [4, 5, 3, 5.5], "texture": "#0"}
			}
		},
		{
			"from": [6.65, 4.6, 6.55],
			"to": [9.45, 5.5, 9.25],
			"rotation": {"angle": 0, "axis": "y", "origin": [8, -3, 8]},
			"faces": {
				"north": {"uv": [9.25, 3, 10.75, 3.5], "texture": "#0"},
				"east": {"uv": [9.25, 4, 10.5, 4.5], "texture": "#0"},
				"south": {"uv": [9.25, 3.5, 10.75, 4], "texture": "#0"},
				"west": {"uv": [9.25, 4.5, 10.5, 5], "texture": "#0"},
				"up": {"uv": [6.5, 4.25, 5, 3], "rotation": 180, "texture": "#0"},
				"down": {"uv": [6.5, 4.5, 5, 5.75], "rotation": 180, "texture": "#0"}
			}
		},
		{
			"from": [6.85, -4.8, 7.35],
			"to": [9.15, -3.5, 8.65],
			"rotation": {"angle": 0, "axis": "y", "origin": [8, -3, 8]},
			"faces": {
				"north": {"uv": [6.5, 0.5, 8, 1], "texture": "#0"},
				"east": {"uv": [6.5, 2.5, 7.75, 3], "texture": "#0"},
				"south": {"uv": [6.5, 1, 8, 1.5], "texture": "#0"},
				"west": {"uv": [6.5, 3, 7.75, 3.5], "texture": "#0"},
				"up": {"uv": [7.75, 2.5, 6.5, 1.5], "texture": "#0"},
				"down": {"uv": [7.75, 1.5, 6.5, 2.5], "texture": "#0"}
			}
		},
		{
			"from": [7.25, 5.5, 7.8],
			"to": [8.75, 27.5, 8.3],
			"rotation": {"angle": 0, "axis": "y", "origin": [8, 1.5, 8]},
			"faces": {
				"north": {"uv": [0, 0, 0.75, 11], "texture": "#0"},
				"east": {"uv": [0.5, 0, 0.75, 11], "texture": "#0"},
				"south": {"uv": [0.75, 0, 0, 11], "texture": "#0"},
				"west": {"uv": [0.25, 0, 0.5, 11], "texture": "#0"},
				"up": {"uv": [1, 3.75, 0.25, 3.5], "texture": "#0"},
				"down": {"uv": [1, 4.75, 0.25, 5], "texture": "#0"}
			}
		},
		{
			"from": [7.25, 27.5, 7.8],
			"to": [8.25, 29.5, 8.3],
			"rotation": {"angle": 0, "axis": "y", "origin": [8, 1.5, 8]},
			"faces": {
				"north": {"uv": [3, 5.5, 3.5, 6.5], "texture": "#0"},
				"east": {"uv": [3, 5.5, 3.25, 6.5], "texture": "#0"},
				"south": {"uv": [3, 5.5, 3.5, 6.5], "texture": "#0"},
				"west": {"uv": [3, 5.5, 3.25, 6.5], "texture": "#0"},
				"up": {"uv": [3.5, 5.75, 3, 5.5], "texture": "#0"},
				"down": {"uv": [3.5, 5.5, 3, 5.75], "texture": "#0"}
			}
		},
		{
			"from": [7.25, 29.5, 7.8],
			"to": [7.75, 30.5, 8.3],
			"rotation": {"angle": 0, "axis": "y", "origin": [8, 1.5, 8]},
			"faces": {
				"north": {"uv": [6.5, 4.5, 6.75, 5], "texture": "#0"},
				"east": {"uv": [3, 5.5, 3.25, 6], "texture": "#0"},
				"south": {"uv": [6.5, 4.5, 6.75, 5], "texture": "#0"},
				"west": {"uv": [3, 5.5, 3.25, 6], "texture": "#0"},
				"up": {"uv": [3.25, 5.75, 3, 5.5], "texture": "#0"},
				"down": {"uv": [3.25, 5.5, 3, 5.75], "texture": "#0"}
			}
		},
		{
			"from": [7, 5, 7.5],
			"to": [9, 30.7, 8.5],
			"faces": {
				"north": {"uv": [10.75, 0, 11.75, 12.5], "texture": "#0"},
				"east": {"uv": [10.75, 0, 11.75, 12.5], "texture": "#0"},
				"south": {"uv": [11.75, 0, 10.75, 12.5], "texture": "#0"},
				"west": {"uv": [10.75, 0, 11.75, 12.5], "texture": "#0"},
				"up": {"uv": [10.75, 0, 11.75, 0.25], "texture": "#0"},
				"down": {"uv": [18, 0, 20, 0.5], "texture": "#missing"}
			}
		},
		{
			"from": [1, 6, 8],
			"to": [7, 26.2, 8],
			"faces": {
				"north": {"uv": [12.5, 1.75, 15.25, 11], "texture": "#0"},
				"east": {"uv": [6, 5.5, 3.25, 14.75], "texture": "#missing"},
				"south": {"uv": [15.25, 1.75, 12.5, 11], "texture": "#0"},
				"west": {"uv": [0, 0, 0, 10], "texture": "#missing"},
				"up": {"uv": [0, 0, 4, 0], "texture": "#missing"},
				"down": {"uv": [0, 0, 4, 0], "texture": "#missing"}
			}
		}
	],
	"display": {
		"thirdperson_righthand": {
			"rotation": [0, 90, 0],
			"translation": [0, 5, 0.25],
			"scale": [0.82, 0.82, 0.82]
		},
		"thirdperson_lefthand": {
			"rotation": [-178.75, -90, 0],
			"translation": [0, 2.25, 0],
			"scale": [0.82, 0.82, 0.82]
		},
		"firstperson_righthand": {
			"rotation": [-19.5, 90, 0],
			"translation": [2.13, 2.45, 0.63],
			"scale": [0.48, 0.48, 0.48]
		},
		"firstperson_lefthand": {
			"rotation": [126, -90, 0],
			"translation": [2.38, 1.45, 1.13],
			"scale": [0.48, 0.48, 0.48]
		},
		"ground": {
			"scale": [0.5, 0.5, 0.5]
		},
		"gui": {
			"rotation": [11.57, 25.45, -46.48],
			"translation": [-0.75, -1.25, 0],
			"scale": [0.54, 0.54, 0.54]
		},
		"fixed": {
			"rotation": [0, -180, -45],
			"translation": [3.5, -3.5, -1.25]
		}
	}
}