{
	"parent": "minecraft:item/generated",
	"textures": {
		"layer0": "minecraft:item/book"
	},
  
	"overrides": [
		{"predicate": {"custom_model_data":1601}, "model": "item/book/1601"},
		{"predicate": {"custom_model_data":1602}, "model": "item/book/1602"},
		{"predicate": {"custom_model_data":1603}, "model": "item/book/1603"},
		{"predicate": {"custom_model_data":1604}, "model": "item/book/1604"},
		{"predicate": {"custom_model_data":1605}, "model": "item/book/1605"},
		{"predicate": {"custom_model_data":1606}, "model": "item/book/1606"}
    ]
}