{
	"parent": "minecraft:item/generated",
	"textures": {
		"layer0": "minecraft:item/elytra"
	},
  
	"overrides": [
		{"predicate": {"custom_model_data":1201}, "model": "item/elytra/1201"},
		{"predicate": {"custom_model_data":1202}, "model": "item/elytra/1202"},
		{"predicate": {"custom_model_data":1203}, "model": "item/elytra/1203"},
		{"predicate": {"custom_model_data":1204}, "model": "item/elytra/1204"},
		{"predicate": {"custom_model_data":1205}, "model": "item/elytra/1205"},
		{"predicate": {"custom_model_data":1206}, "model": "item/elytra/1206"}
    ]
}