{
	"credit": "Made with Blockbench",
	"texture_size": [32, 32],
	"textures": {
		"0": "item/custom_textures_3/_body1",
		"1": "item/custom_textures_3/emblem",
		"2": "item/custom_textures_3/screen",
		"3": "item/custom_textures_3/barrier",
		"4": "item/custom_textures_3/decals",
		"particle": "item/custom_textures_3/_body1"
	},
	"elements": [
		{
			"name": "ammo",
			"from": [7.02851, 8.33289, 8.08962],
			"to": [8.92851, 9.40789, 10.58962],
			"rotation": {"angle": 0, "axis": "y", "origin": [0.00351, 3.58289, 0.08962]},
			"faces": {
				"north": {"uv": [14.0625, 11.7125, 15.9625, 12.7875], "texture": "#0"},
				"east": {"uv": [16, 14.925, 13.5, 16], "texture": "#0"},
				"south": {"uv": [14.0625, 11.7125, 15.9625, 12.7875], "texture": "#0"},
				"west": {"uv": [13.5, 14.925, 16, 16], "texture": "#0"},
				"up": {"uv": [14.1, 13, 16, 15.5], "texture": "#0"},
				"down": {"uv": [14.1, 15.5, 16, 13], "texture": "#0"}
			}
		},
		{
			"from": [6.00351, 7.58289, 8.11462],
			"to": [7.25351, 8.83289, 8.36462],
			"rotation": {"angle": -22.5, "axis": "z", "origin": [6.00351, 7.58289, 7.36462]},
			"faces": {
				"north": {"uv": [7.75, 6, 8, 6.25], "texture": "#0"},
				"south": {"uv": [5, 6, 5.375, 6.375], "texture": "#0"},
				"west": {"uv": [5, 6, 5.25, 7.25], "texture": "#0"},
				"up": {"uv": [5, 10.5, 6.25, 10.75], "texture": "#0"},
				"down": {"uv": [6, 6, 7.25, 6.25], "texture": "#0"}
			}
		},
		{
			"from": [6.00351, 8.83289, 10.61462],
			"to": [7.00351, 9.83289, 10.86462],
			"rotation": {"angle": -22.5, "axis": "z", "origin": [6.00351, 7.58289, 7.36462]},
			"faces": {
				"north": {"uv": [5.5, 6.5, 6.5, 7.5], "texture": "#0"},
				"east": {"uv": [6, 6.5, 6.25, 7.5], "texture": "#0"},
				"south": {"uv": [5.5, 6.5, 6.5, 7.5], "texture": "#0"},
				"west": {"uv": [5.5, 9, 5.75, 10], "texture": "#0"},
				"up": {"uv": [5.5, 6.5, 6.5, 6.75], "texture": "#0"}
			}
		},
		{
			"from": [6.00351, 8.58289, 8.36462],
			"to": [7.25351, 8.83289, 10.86462],
			"rotation": {"angle": -22.5, "axis": "z", "origin": [6.00351, 7.58289, 7.36462]},
			"faces": {
				"east": {"uv": [5, 6, 7.5, 6.25], "texture": "#0"},
				"south": {"uv": [5, 6, 6.25, 6.25], "texture": "#0"},
				"west": {"uv": [5, 6, 7.5, 6.25], "texture": "#0"},
				"up": {"uv": [5, 8, 6.25, 10.5], "texture": "#0"},
				"down": {"uv": [5, 8, 6.25, 10.5], "texture": "#0"}
			}
		},
		{
			"from": [8.75351, 7.58289, 8.11462],
			"to": [10.00351, 8.83289, 8.36462],
			"rotation": {"angle": 22.5, "axis": "z", "origin": [10.00351, 7.58289, 8.36462]},
			"faces": {
				"north": {"uv": [5, 6, 5.25, 6.25], "texture": "#0"},
				"east": {"uv": [5.5, 6.5, 5.75, 7.75], "texture": "#0"},
				"south": {"uv": [7.625, 6, 8, 6.375], "texture": "#0"},
				"up": {"uv": [5, 10.5, 6.25, 10.75], "texture": "#0"},
				"down": {"uv": [6, 6, 7.25, 6.25], "texture": "#0"}
			}
		},
		{
			"from": [9.00351, 8.83289, 10.61462],
			"to": [10.00351, 9.83289, 10.86462],
			"rotation": {"angle": 22.5, "axis": "z", "origin": [10.00351, 7.58289, 8.36462]},
			"faces": {
				"north": {"uv": [5.5, 7, 6.5, 8], "texture": "#0"},
				"east": {"uv": [5.5, 9, 5.75, 10], "texture": "#0"},
				"south": {"uv": [5.5, 7, 6.5, 8], "texture": "#0"},
				"west": {"uv": [6, 6.5, 6.25, 7.5], "texture": "#0"},
				"up": {"uv": [6.5, 6, 7.5, 6.25], "texture": "#0"}
			}
		},
		{
			"from": [8.75351, 8.58289, 8.36462],
			"to": [10.00351, 8.83289, 10.86462],
			"rotation": {"angle": 22.5, "axis": "z", "origin": [10.00351, 7.58289, 8.36462]},
			"faces": {
				"east": {"uv": [5.5, 6, 8, 6.25], "texture": "#0"},
				"south": {"uv": [5.5, 6, 6.75, 6.25], "texture": "#0"},
				"west": {"uv": [5.5, 6, 8, 6.25], "texture": "#0"},
				"up": {"uv": [5, 8, 6.25, 10.5], "texture": "#0"},
				"down": {"uv": [5, 8, 6.25, 10.5], "texture": "#0"}
			}
		},
		{
			"from": [6.50351, 6.43289, 8.11462],
			"to": [9.50351, 8.08289, 8.36462],
			"rotation": {"angle": 0, "axis": "y", "origin": [0.00351, 4.58289, -1.91038]},
			"faces": {
				"north": {"uv": [5, 6, 8, 7.65], "texture": "#0"},
				"east": {"uv": [7, 6, 7.25, 7.65], "texture": "#0"},
				"south": {"uv": [5, 6, 8, 7.65], "texture": "#0"},
				"west": {"uv": [7, 6, 7.25, 7.65], "texture": "#0"},
				"down": {"uv": [5, 7.75, 8, 8], "texture": "#0"}
			}
		},
		{
			"from": [7.47851, 7.83289, 8.11462],
			"to": [8.52851, 8.33289, 10.83962],
			"rotation": {"angle": 0, "axis": "y", "origin": [0.00351, 3.58289, 0.08962]},
			"faces": {
				"north": {"uv": [6, 6, 7.05, 6.5], "texture": "#0"},
				"east": {"uv": [5.375, 8, 5.875, 10.75], "rotation": 90, "texture": "#0"},
				"south": {"uv": [5.875, 6, 6.925, 6.5], "texture": "#0"},
				"west": {"uv": [5.5, 8.125, 6, 10.875], "rotation": 90, "texture": "#0"},
				"up": {"uv": [5.375, 8.0125, 6.425, 10.7625], "rotation": 180, "texture": "#0"},
				"down": {"uv": [5.25, 8.125, 6.3, 10.875], "texture": "#0"}
			}
		},
		{
			"from": [6.77851, 6.18289, 8.11462],
			"to": [7.27851, 7.43289, 8.36462],
			"rotation": {"angle": 22.5, "axis": "z", "origin": [6.00351, 5.58289, 4.11462]},
			"faces": {
				"north": {"uv": [5.5, 6, 6, 7.25], "texture": "#0"},
				"south": {"uv": [5.5, 6, 6, 7.25], "texture": "#0"},
				"west": {"uv": [6, 6, 6.25, 7.25], "texture": "#0"},
				"down": {"uv": [5.5, 6.5, 6, 6.75], "texture": "#0"}
			}
		},
		{
			"from": [8.72851, 6.18289, 8.11462],
			"to": [9.22851, 7.43289, 8.36462],
			"rotation": {"angle": -22.5, "axis": "z", "origin": [10.00351, 5.58289, 5.11462]},
			"faces": {
				"north": {"uv": [7.5, 6.5, 8, 7.75], "texture": "#0"},
				"east": {"uv": [5.5, 6.5, 5.75, 7.75], "texture": "#0"},
				"south": {"uv": [7.5, 6.5, 8, 7.75], "texture": "#0"},
				"down": {"uv": [6, 6.5, 6.5, 6.75], "texture": "#0"}
			}
		},
		{
			"from": [6.87851, 8.33289, 10.58962],
			"to": [9.12851, 9.65789, 10.83962],
			"rotation": {"angle": 0, "axis": "y", "origin": [0.00351, 4.58289, -1.91038]},
			"faces": {
				"north": {"uv": [5.5, 6, 7.75, 7.325], "texture": "#0"},
				"east": {"uv": [5.5, 9, 5.75, 10.325], "texture": "#0"},
				"south": {"uv": [5.5, 6, 7.75, 7.325], "texture": "#0"},
				"west": {"uv": [5.5, 9, 5.75, 10.325], "texture": "#0"},
				"up": {"uv": [5.5, 6, 7.75, 6.25], "texture": "#0"}
			}
		},
		{
			"from": [8.00351, 6.58289, 9.83962],
			"to": [8.00351, 7.83289, 10.83962],
			"rotation": {"angle": 0, "axis": "y", "origin": [0.00351, 4.58289, -1.91038]},
			"faces": {
				"east": {"uv": [13, 9, 11, 11.5], "texture": "#0"},
				"west": {"uv": [11, 9, 13, 11.5], "texture": "#0"}
			}
		},
		{
			"from": [7.87851, 6.33289, 8.58962],
			"to": [8.12851, 6.58289, 11.58962],
			"rotation": {"angle": 0, "axis": "y", "origin": [0.00351, 4.58289, -1.91038]},
			"faces": {
				"north": {"uv": [8, 6, 8.25, 6.25], "texture": "#0"},
				"east": {"uv": [8, 6, 8.5, 9], "rotation": 90, "texture": "#0"},
				"west": {"uv": [8.5, 6, 8, 9], "rotation": 90, "texture": "#0"},
				"up": {"uv": [8, 6, 8.25, 9], "texture": "#0"},
				"down": {"uv": [6, 5.5, 9, 6], "rotation": 270, "texture": "#0"}
			}
		},
		{
			"from": [7.87851, 6.58289, 8.36462],
			"to": [8.12851, 7.83289, 9.11462],
			"rotation": {"angle": 0, "axis": "y", "origin": [0.00351, 4.58289, -1.91038]},
			"faces": {
				"east": {"uv": [7.375, 8, 6.5, 9.5], "texture": "#0"},
				"south": {"uv": [7.375, 8, 7.75, 9.5], "texture": "#0"},
				"west": {"uv": [6.5, 8, 7.375, 9.5], "texture": "#0"},
				"down": {"uv": [5.5, 5.5, 6.25, 6], "rotation": 270, "texture": "#0"}
			}
		},
		{
			"from": [9.75351, 8.83289, 2.36462],
			"to": [9.90351, 9.63289, 5.61462],
			"rotation": {"angle": 22.5, "axis": "z", "origin": [10.00351, 7.58289, 11.11462]},
			"faces": {
				"north": {"uv": [0, 0, 0.15, 0.8], "texture": "#0"},
				"east": {"uv": [0, 0, 3.25, 0.8], "texture": "#0"},
				"south": {"uv": [0, 0, 0.15, 0.8], "texture": "#0"},
				"west": {"uv": [0, 0, 3.25, 0.8], "texture": "#0"},
				"up": {"uv": [0, 0, 3.25, 0.15], "rotation": 90, "texture": "#0"},
				"down": {"uv": [0, 0, 3.25, 0.15], "rotation": 90, "texture": "#0"}
			}
		},
		{
			"from": [6.87851, 6.68289, 2.38962],
			"to": [9.12851, 9.43289, 8.11462],
			"rotation": {"angle": 0, "axis": "y", "origin": [0.00351, 3.58289, 0.08962]},
			"faces": {
				"north": {"uv": [0, 9, 5, 15], "texture": "#0"},
				"east": {"uv": [5.5, 0, 0, 3], "texture": "#0"},
				"south": {"uv": [2.5, 6, 5, 9], "texture": "#0"},
				"west": {"uv": [0, 0, 5.5, 3], "texture": "#0"},
				"up": {"uv": [8, 5.5, 5.5, 0], "texture": "#0"},
				"down": {"uv": [8, 0, 5.5, 5.5], "texture": "#0"}
			}
		},
		{
			"from": [6.10351, 8.83289, 2.36462],
			"to": [6.25351, 9.63289, 5.61462],
			"rotation": {"angle": -22.5, "axis": "z", "origin": [6.00351, 7.58289, 10.11462]},
			"faces": {
				"north": {"uv": [0, 0, 0.15, 0.8], "texture": "#0"},
				"east": {"uv": [0, 0, 3.25, 0.8], "texture": "#0"},
				"south": {"uv": [0, 0, 0.15, 0.8], "texture": "#0"},
				"west": {"uv": [0, 0, 3.25, 0.8], "texture": "#0"},
				"up": {"uv": [0, 0, 3.25, 0.15], "rotation": 90, "texture": "#0"},
				"down": {"uv": [0, 0, 3.25, 0.15], "rotation": 90, "texture": "#0"}
			}
		},
		{
			"from": [7.87851, 9.43289, 2.43962],
			"to": [8.12851, 9.90789, 3.08962],
			"rotation": {"angle": 0, "axis": "y", "origin": [0.00351, 3.58289, 0.08962]},
			"faces": {
				"north": {"uv": [11.5, 8.5, 11.75, 8.975], "texture": "#0"},
				"east": {"uv": [11, 7.5, 11.65, 7.975], "texture": "#0"},
				"south": {"uv": [8.5, 7, 12.475, 9], "rotation": 90, "texture": "#0"},
				"west": {"uv": [11, 7.5, 11.65, 7.975], "texture": "#0"},
				"up": {"uv": [10.5, 8, 10.75, 8.65], "texture": "#0"}
			}
		},
		{
			"from": [7.35351, 4.08289, 12.08962],
			"to": [8.65351, 4.58289, 14.31462],
			"rotation": {"angle": 0, "axis": "y", "origin": [0.00351, 4.58289, -1.91038]},
			"faces": {
				"north": {"uv": [6.5, 14.5, 7.8, 15], "texture": "#0"},
				"east": {"uv": [9, 12.75, 9.5, 14.975], "rotation": 90, "texture": "#0"},
				"south": {"uv": [6.5, 14.5, 7.8, 15], "texture": "#0"},
				"west": {"uv": [9, 12.75, 9.5, 14.975], "rotation": 90, "texture": "#0"},
				"up": {"uv": [7.5, 10, 8.8, 12.225], "texture": "#0"},
				"down": {"uv": [7.5, 12, 8.8, 14.225], "texture": "#0"}
			}
		},
		{
			"from": [7.37851, 4.55789, 12.33962],
			"to": [8.62851, 7.08289, 14.41462],
			"rotation": {"angle": -22.5, "axis": "x", "origin": [8.00351, 4.58289, 13.08962]},
			"faces": {
				"north": {"uv": [8, 12, 9.25, 14.5], "texture": "#0"},
				"east": {"uv": [6.5, 9.5, 8.575, 12], "texture": "#0"},
				"south": {"uv": [6.5, 12, 7.75, 14.5], "texture": "#0"},
				"west": {"uv": [6.5, 9.5, 8.575, 12], "texture": "#0"},
				"down": {"uv": [8, 9.5, 9.25, 11.575], "texture": "#0"}
			}
		},
		{
			"from": [7.40351, 4.58289, 13.08962],
			"to": [8.60351, 5.08289, 14.31462],
			"rotation": {"angle": 0, "axis": "y", "origin": [8.00351, 4.58289, 13.08962]},
			"faces": {
				"east": {"uv": [1.275, 8.5, 0, 9], "texture": "#0"},
				"south": {"uv": [0, 8, 1.2, 8.5], "texture": "#0"},
				"west": {"uv": [0, 8.5, 1.225, 9], "texture": "#0"}
			}
		},
		{
			"from": [7.15351, 7.08289, 11.83962],
			"to": [8.85351, 7.33289, 15.58962],
			"rotation": {"angle": -22.5, "axis": "x", "origin": [8.00351, 4.58289, 13.08962]},
			"faces": {
				"north": {"uv": [12, 3.5, 13.7, 3.75], "texture": "#0"},
				"east": {"uv": [12, 0, 12.25, 3.75], "rotation": 90, "texture": "#0"},
				"south": {"uv": [12, 3.5, 13.7, 3.75], "texture": "#0"},
				"west": {"uv": [13.5, 0, 13.75, 3.75], "rotation": 270, "texture": "#0"},
				"up": {"uv": [12, 0, 13.7, 3.75], "texture": "#0"},
				"down": {"uv": [12.1125, 3.75, 13.6875, 0], "texture": "#0"}
			}
		},
		{
			"from": [7.22851, 7.33289, 12.33962],
			"to": [8.77851, 8.58289, 14.33962],
			"rotation": {"angle": -22.5, "axis": "x", "origin": [8.00351, 4.58289, 13.08962]},
			"faces": {
				"north": {"uv": [9.5, 3.5, 11.05, 4.75], "texture": "#0"},
				"east": {"uv": [11.5, 2, 9.5, 3.25], "texture": "#0"},
				"south": {"uv": [9.5, 3.5, 11.05, 4.75], "texture": "#0"},
				"west": {"uv": [9.5, 2, 11.5, 3.25], "texture": "#0"},
				"up": {"uv": [9.5, 5, 11.05, 7], "texture": "#0"}
			}
		},
		{
			"from": [7.25351, 7.83289, 10.83962],
			"to": [8.75351, 9.65789, 13.08962],
			"rotation": {"angle": 0, "axis": "y", "origin": [0.00351, 4.58289, -1.91038]},
			"faces": {
				"north": {"uv": [10.5, 0, 12, 1.825], "texture": "#0"},
				"east": {"uv": [10.25, 0, 8, 1.825], "texture": "#0"},
				"south": {"uv": [10.5, 0, 12, 1.825], "texture": "#0"},
				"west": {"uv": [8, 0, 10.25, 1.825], "texture": "#0"},
				"up": {"uv": [8, 2, 9.5, 4.25], "texture": "#0"},
				"down": {"uv": [8, 2, 9.5, 4.25], "texture": "#0"}
			}
		},
		{
			"from": [8.12851, 9.65789, 11.98962],
			"to": [8.37851, 9.90789, 12.98962],
			"rotation": {"angle": 0, "axis": "y", "origin": [0.00351, 3.58289, 0.08962]},
			"faces": {
				"north": {"uv": [9, 6.5, 9.25, 6.75], "texture": "#0"},
				"east": {"uv": [9, 6, 9.25, 7], "rotation": 90, "texture": "#0"},
				"south": {"uv": [8.5, 7, 10.5, 9], "texture": "#0"},
				"west": {"uv": [9, 6, 9.25, 7], "rotation": 90, "texture": "#0"},
				"up": {"uv": [9, 6, 9.25, 7], "texture": "#0"}
			}
		},
		{
			"from": [7.62851, 9.65789, 11.98962],
			"to": [7.87851, 9.90789, 12.98962],
			"rotation": {"angle": 0, "axis": "y", "origin": [0.00351, 3.58289, 0.08962]},
			"faces": {
				"north": {"uv": [9, 6.5, 9.25, 6.75], "texture": "#0"},
				"east": {"uv": [9, 6, 9.25, 7], "rotation": 90, "texture": "#0"},
				"south": {"uv": [8.5, 7, 10.5, 9], "texture": "#0"},
				"west": {"uv": [9, 6, 9.25, 7], "rotation": 90, "texture": "#0"},
				"up": {"uv": [9, 6, 9.25, 7], "texture": "#0"}
			}
		},
		{
			"from": [7.65351, 8.83289, 13.11462],
			"to": [8.35351, 9.53289, 13.11462],
			"rotation": {"angle": 0, "axis": "y", "origin": [0.00351, 3.58289, 0.08962]},
			"faces": {
				"south": {"uv": [0, 0, 0.35, 0.35], "texture": "#2"}
			}
		},
		{
			"from": [7.65351, 8.83289, 13.13962],
			"to": [8.35351, 9.53289, 13.13962],
			"rotation": {"angle": 0, "axis": "y", "origin": [0.00351, 3.58289, 0.08962]},
			"faces": {
				"south": {"uv": [0, 0, 16, 16], "texture": "#3"}
			}
		},
		{
			"from": [6.00351, 8.83289, 5.36462],
			"to": [6.22851, 9.73289, 10.33962],
			"rotation": {"angle": -22.5, "axis": "z", "origin": [6.00351, 7.58289, 9.86462]},
			"faces": {
				"north": {"uv": [3.5, 3.5, 3.75, 4.5], "texture": "#0"},
				"east": {"uv": [0, 4.5, 5.125, 5.5], "texture": "#0"},
				"south": {"uv": [0.5, 4.5, 0.75, 5.5], "texture": "#0"},
				"west": {"uv": [0, 4.5, 5.125, 5.5], "texture": "#0"},
				"up": {"uv": [0.5, 3.5, 5.5, 3.75], "rotation": 90, "texture": "#0"},
				"down": {"uv": [0, 4, 5, 4.25], "rotation": 90, "texture": "#0"}
			}
		},
		{
			"from": [4.00351, 10.83289, 7.53962],
			"to": [4.00351, 11.63289, 8.33962],
			"rotation": {"angle": -22.5, "axis": "z", "origin": [0.00351, 3.58289, -2.16038]},
			"faces": {
				"west": {"uv": [0, 0, 16, 16], "texture": "#1"}
			}
		},
		{
			"from": [6.82851, 9.43289, 5.33962],
			"to": [9.17851, 9.55789, 10.33962],
			"rotation": {"angle": 0, "axis": "y", "origin": [0.00351, 4.58289, -2.16038]},
			"faces": {
				"north": {"uv": [2, 4.5, 4.25, 4.75], "texture": "#0"},
				"east": {"uv": [0, 3, 5, 3.25], "texture": "#0"},
				"south": {"uv": [0.5, 3.5, 2.75, 3.75], "texture": "#0"},
				"west": {"uv": [0, 5, 5, 5.25], "texture": "#0"},
				"up": {"uv": [0, 3.5, 5, 5.75], "rotation": 90, "texture": "#0"},
				"down": {"uv": [0, 3.5, 5, 5.75], "rotation": 90, "texture": "#0"}
			}
		},
		{
			"from": [10.77851, 4.70789, 7.48962],
			"to": [10.77851, 5.55789, 8.33962],
			"rotation": {"angle": 22.5, "axis": "z", "origin": [0.00351, 3.58289, -2.16038]},
			"faces": {
				"east": {"uv": [0, 0, 16, 16], "texture": "#1"}
			}
		},
		{
			"from": [9.77851, 8.83289, 5.36462],
			"to": [10.00351, 9.73289, 10.33962],
			"rotation": {"angle": 22.5, "axis": "z", "origin": [10.00351, 7.58289, 10.86462]},
			"faces": {
				"north": {"uv": [1, 4, 1.25, 5], "texture": "#0"},
				"east": {"uv": [0, 3, 5, 4], "texture": "#0"},
				"south": {"uv": [0.5, 3, 0.75, 4], "texture": "#0"},
				"west": {"uv": [0, 3, 5, 4], "texture": "#0"},
				"up": {"uv": [0, 4, 5, 4.25], "rotation": 90, "texture": "#0"},
				"down": {"uv": [0, 4.5, 5, 4.75], "rotation": 90, "texture": "#0"}
			}
		},
		{
			"from": [6.00351, 7.58289, 5.88962],
			"to": [6.25351, 8.83289, 7.61462],
			"rotation": {"angle": -22.5, "axis": "z", "origin": [6.00351, 7.58289, 3.63962]},
			"faces": {
				"north": {"uv": [5, 3, 5.25, 4.25], "texture": "#0"},
				"east": {"uv": [0, 3.5, 2.375, 4.75], "texture": "#0"},
				"south": {"uv": [5.25, 3, 5.5, 4.25], "texture": "#0"},
				"west": {"uv": [0, 3.5, 2.375, 4.75], "texture": "#0"},
				"up": {"uv": [0, 4, 5.5, 4.25], "rotation": 90, "texture": "#0"},
				"down": {"uv": [0, 4, 5.5, 4.25], "rotation": 90, "texture": "#0"}
			}
		},
		{
			"from": [6.77851, 6.18289, 5.88962],
			"to": [7.02851, 7.43289, 7.61462],
			"rotation": {"angle": 22.5, "axis": "z", "origin": [6.00351, 5.58289, 3.63962]},
			"faces": {
				"north": {"uv": [5, 4.125, 5.25, 5.375], "texture": "#0"},
				"east": {"uv": [0, 4.75, 2.375, 6], "texture": "#0"},
				"south": {"uv": [5.25, 4.25, 5.5, 5.5], "texture": "#0"},
				"west": {"uv": [0, 4.75, 2.375, 6], "texture": "#0"},
				"down": {"uv": [0, 4, 5.5, 4.25], "rotation": 90, "texture": "#0"}
			}
		},
		{
			"from": [8.97851, 6.18289, 5.88962],
			"to": [9.22851, 7.43289, 7.61462],
			"rotation": {"angle": -22.5, "axis": "z", "origin": [10.00351, 5.58289, 4.63962]},
			"faces": {
				"north": {"uv": [0, 4, 0.25, 5.25], "texture": "#0"},
				"east": {"uv": [1.75, 4.75, 0, 6], "texture": "#0"},
				"south": {"uv": [0, 4, 0.25, 5.25], "texture": "#0"},
				"west": {"uv": [0, 4.75, 1.75, 6], "texture": "#0"},
				"down": {"uv": [0, 3.5, 5.5, 3.75], "rotation": 90, "texture": "#0"}
			}
		},
		{
			"from": [9.75351, 7.58289, 5.88962],
			"to": [10.00351, 8.83289, 7.61462],
			"rotation": {"angle": 22.5, "axis": "z", "origin": [10.00351, 7.58289, 4.63962]},
			"faces": {
				"north": {"uv": [0, 3, 0.25, 4.25], "texture": "#0"},
				"east": {"uv": [0.25, 3, 2, 4.25], "texture": "#0"},
				"south": {"uv": [0, 3, 0.25, 4.25], "texture": "#0"},
				"west": {"uv": [0, 3, 2, 4.25], "texture": "#0"},
				"up": {"uv": [0, 4, 5.5, 4.25], "rotation": 90, "texture": "#0"},
				"down": {"uv": [0, 4.375, 5.75, 4.625], "rotation": 90, "texture": "#0"}
			}
		},
		{
			"from": [5.72851, 8.20789, 4.23962],
			"to": [6.97851, 8.45789, 5.88962],
			"rotation": {"angle": 22.5, "axis": "z", "origin": [6.00351, 7.58289, 1.91462]},
			"faces": {
				"north": {"uv": [5, 3, 5.25, 4.25], "rotation": 270, "texture": "#0"},
				"east": {"uv": [0, 5.5, 2, 6], "rotation": 180, "texture": "#0"},
				"south": {"uv": [5.25, 3, 5.5, 4.25], "rotation": 90, "texture": "#0"},
				"west": {"uv": [0, 4, 5.125, 4.25], "rotation": 180, "texture": "#0"},
				"up": {"uv": [14, 4.5, 16, 5.75], "rotation": 90, "texture": "#0"},
				"down": {"uv": [14, 4.5, 16, 5.75], "rotation": 90, "texture": "#0"}
			}
		},
		{
			"from": [4.42851, 6.60789, 4.23962],
			"to": [4.67851, 7.85789, 5.88962],
			"rotation": {"angle": -22.5, "axis": "z", "origin": [6.00351, 5.58289, 1.91462]},
			"faces": {
				"north": {"uv": [5, 4.125, 5.25, 5.375], "texture": "#0"},
				"east": {"uv": [14, 6.75, 16, 8], "texture": "#0"},
				"south": {"uv": [5.25, 4.25, 5.5, 5.5], "texture": "#0"},
				"west": {"uv": [14, 6.75, 16, 8], "texture": "#0"},
				"down": {"uv": [0, 4, 5.125, 4.25], "rotation": 90, "texture": "#0"}
			}
		},
		{
			"from": [11.30351, 6.70789, 4.23962],
			"to": [11.55351, 7.95789, 5.88962],
			"rotation": {"angle": 22.5, "axis": "z", "origin": [10.00351, 5.58289, 2.91462]},
			"faces": {
				"north": {"uv": [0, 4, 0.25, 5.25], "texture": "#0"},
				"east": {"uv": [16, 6.75, 14, 8], "texture": "#0"},
				"south": {"uv": [0, 4, 0.25, 5.25], "texture": "#0"},
				"west": {"uv": [14, 6.75, 16, 8], "texture": "#0"},
				"down": {"uv": [0, 3.5, 5.125, 3.75], "rotation": 90, "texture": "#0"}
			}
		},
		{
			"from": [8.97851, 8.25789, 4.23962],
			"to": [10.22851, 8.50789, 5.88962],
			"rotation": {"angle": -22.5, "axis": "z", "origin": [10.00351, 7.58289, 2.91462]},
			"faces": {
				"north": {"uv": [0, 3, 0.25, 4.25], "rotation": 90, "texture": "#0"},
				"east": {"uv": [0, 4.375, 5.375, 4.625], "texture": "#0"},
				"south": {"uv": [0, 3, 0.25, 4.25], "rotation": 270, "texture": "#0"},
				"west": {"uv": [0, 5.5, 2, 6], "texture": "#0"},
				"up": {"uv": [14, 4.5, 16, 5.75], "rotation": 270, "texture": "#0"},
				"down": {"uv": [14, 4.5, 16, 5.75], "rotation": 270, "texture": "#0"}
			}
		},
		{
			"from": [5.25351, 8.03289, 2.58962],
			"to": [5.50351, 9.28289, 4.23962],
			"rotation": {"angle": -45, "axis": "z", "origin": [5.25351, 7.53289, 0.33962]},
			"faces": {
				"north": {"uv": [5, 3, 5.25, 4.25], "texture": "#0"},
				"east": {"uv": [14, 4.5, 16, 5.75], "texture": "#0"},
				"south": {"uv": [5.25, 3, 5.5, 4.25], "texture": "#0"},
				"west": {"uv": [14, 4.5, 16, 5.75], "texture": "#0"},
				"up": {"uv": [0, 5.5, 2, 6], "rotation": 90, "texture": "#0"},
				"down": {"uv": [0, 4, 5.125, 4.25], "rotation": 90, "texture": "#0"}
			}
		},
		{
			"from": [5.62851, 6.63289, 2.58962],
			"to": [5.87851, 7.88289, 4.23962],
			"rotation": {"angle": 0, "axis": "y", "origin": [5.25351, 5.53289, 0.33962]},
			"faces": {
				"north": {"uv": [5, 4.125, 5.25, 5.375], "texture": "#0"},
				"east": {"uv": [14, 6.75, 16, 8], "texture": "#0"},
				"south": {"uv": [5.25, 4.25, 5.5, 5.5], "texture": "#0"},
				"west": {"uv": [14, 6.75, 16, 8], "texture": "#0"},
				"down": {"uv": [0, 4, 5.125, 4.25], "rotation": 90, "texture": "#0"}
			}
		},
		{
			"from": [10.10351, 6.65789, 2.58962],
			"to": [10.35351, 7.90789, 4.23962],
			"rotation": {"angle": 0, "axis": "y", "origin": [10.00351, 5.53289, 1.33962]},
			"faces": {
				"north": {"uv": [0, 4, 0.25, 5.25], "texture": "#0"},
				"east": {"uv": [16, 6.75, 14, 8], "texture": "#0"},
				"south": {"uv": [0, 4, 0.25, 5.25], "texture": "#0"},
				"west": {"uv": [14, 6.75, 16, 8], "texture": "#0"},
				"down": {"uv": [0, 3.5, 5.125, 3.75], "rotation": 90, "texture": "#0"}
			}
		},
		{
			"from": [10.27851, 7.53289, 2.58962],
			"to": [10.52851, 8.78289, 4.23962],
			"rotation": {"angle": 45, "axis": "z", "origin": [10.00351, 7.53289, 1.33962]},
			"faces": {
				"north": {"uv": [0, 3, 0.25, 4.25], "texture": "#0"},
				"east": {"uv": [14, 4.5, 16, 5.75], "texture": "#0"},
				"south": {"uv": [0, 3, 0.25, 4.25], "texture": "#0"},
				"west": {"uv": [14, 4.5, 16, 5.75], "texture": "#0"},
				"up": {"uv": [0, 5.5, 2, 6], "rotation": 90, "texture": "#0"},
				"down": {"uv": [0, 4.375, 5.375, 4.625], "rotation": 90, "texture": "#0"}
			}
		},
		{
			"from": [6.00351, 7.58289, 1.86462],
			"to": [6.25351, 8.83289, 2.58962],
			"rotation": {"angle": -22.5, "axis": "z", "origin": [6.00351, 7.58289, -0.38538]},
			"faces": {
				"north": {"uv": [5, 3, 5.25, 4.25], "texture": "#0"},
				"east": {"uv": [0, 3.5, 1.5, 4.75], "texture": "#0"},
				"south": {"uv": [5.25, 3, 5.5, 4.25], "texture": "#0"},
				"west": {"uv": [0, 3.5, 1.5, 4.75], "texture": "#0"},
				"up": {"uv": [0, 4, 1.5, 4.25], "rotation": 90, "texture": "#0"},
				"down": {"uv": [0, 4, 5.5, 4.25], "rotation": 90, "texture": "#0"}
			}
		},
		{
			"from": [6.77851, 6.18289, 1.86462],
			"to": [7.02851, 7.43289, 2.58962],
			"rotation": {"angle": 22.5, "axis": "z", "origin": [6.00351, 5.58289, -0.38538]},
			"faces": {
				"north": {"uv": [5, 4.125, 5.25, 5.375], "texture": "#0"},
				"east": {"uv": [0, 4.75, 1, 6], "texture": "#0"},
				"south": {"uv": [5.25, 4.25, 5.5, 5.5], "texture": "#0"},
				"west": {"uv": [0, 4.75, 1, 6], "texture": "#0"},
				"down": {"uv": [0, 4, 5.5, 4.25], "rotation": 90, "texture": "#0"}
			}
		},
		{
			"from": [8.97851, 6.18289, 1.86462],
			"to": [9.22851, 7.43289, 2.58962],
			"rotation": {"angle": -22.5, "axis": "z", "origin": [10.00351, 5.58289, 0.61462]},
			"faces": {
				"north": {"uv": [0, 4, 0.25, 5.25], "texture": "#0"},
				"east": {"uv": [1.5, 4.75, 0, 6], "texture": "#0"},
				"south": {"uv": [0, 4, 0.25, 5.25], "texture": "#0"},
				"west": {"uv": [0, 4.75, 1.5, 6], "texture": "#0"},
				"down": {"uv": [0, 3.5, 5.5, 3.75], "rotation": 90, "texture": "#0"}
			}
		},
		{
			"from": [9.75351, 7.58289, 1.86462],
			"to": [10.00351, 8.83289, 2.58962],
			"rotation": {"angle": 22.5, "axis": "z", "origin": [10.00351, 7.58289, 0.61462]},
			"faces": {
				"north": {"uv": [0, 3, 0.25, 4.25], "texture": "#0"},
				"east": {"uv": [0, 3.125, 1.5, 4.375], "texture": "#0"},
				"south": {"uv": [0, 3, 0.25, 4.25], "texture": "#0"},
				"west": {"uv": [0, 3.125, 1.5, 4.375], "texture": "#0"},
				"up": {"uv": [0, 4, 1.5, 4.25], "rotation": 90, "texture": "#0"},
				"down": {"uv": [0, 4.375, 5.75, 4.625], "rotation": 90, "texture": "#0"}
			}
		},
		{
			"from": [6.50351, 6.43289, 1.86462],
			"to": [9.50351, 6.68289, 7.61462],
			"rotation": {"angle": 0, "axis": "y", "origin": [0.00351, 4.58289, -2.41038]},
			"faces": {
				"north": {"uv": [0, 5.75, 3, 6], "texture": "#0"},
				"east": {"uv": [0, 4, 5.5, 4.25], "texture": "#0"},
				"south": {"uv": [2.5, 5.5, 5.5, 5.75], "texture": "#0"},
				"west": {"uv": [0, 4, 5.5, 4.25], "texture": "#0"},
				"up": {"uv": [0, 3, 5.5, 6], "rotation": 90, "texture": "#0"},
				"down": {"uv": [0, 3, 5.5, 6], "rotation": 90, "texture": "#0"}
			}
		},
		{
			"from": [7.15, 8.09567, 12.75597],
			"to": [8.85, 8.09567, 13.50597],
			"rotation": {"angle": 22.5, "axis": "x", "origin": [8, 8.25, 13.25]},
			"faces": {
				"north": {"uv": [0, 0, 1, 0], "texture": "#missing"},
				"east": {"uv": [0, 0, 0.5, 0], "texture": "#missing"},
				"south": {"uv": [0, 0, 1, 0], "texture": "#missing"},
				"west": {"uv": [0, 0, 0.5, 0], "texture": "#4"},
				"up": {"uv": [5.75, 3, 0, 0], "rotation": 180, "texture": "#4"},
				"down": {"uv": [5.75, 0, 0, 3], "rotation": 180, "texture": "#4"}
			}
		},
		{
			"from": [7.225, 8.175, 11.35],
			"to": [7.225, 9.175, 12.35],
			"faces": {
				"west": {"uv": [0, 10, 6, 16], "texture": "#4"},
				"up": {"uv": [0, 0, 0, 0.5], "texture": "#4"}
			}
		},
		{
			"from": [6.56903, 8.54567, 8.4],
			"to": [7.31903, 8.54567, 9.6],
			"rotation": {"angle": 22.5, "axis": "z", "origin": [8, 8.25, 13.25]},
			"faces": {
				"north": {"uv": [0, 0, 0.5, 0], "texture": "#missing"},
				"east": {"uv": [0, 0, 1, 0], "texture": "#missing"},
				"south": {"uv": [0, 0, 0.5, 0], "texture": "#missing"},
				"west": {"uv": [0, 0, 1, 0], "texture": "#4"},
				"up": {"uv": [11, 3, 6, 0], "rotation": 270, "texture": "#4"},
				"down": {"uv": [11, 0, 6, 3], "rotation": 90, "texture": "#missing"}
			}
		}
	],
	"display": {
		"thirdperson_righthand": {
			"translation": [0, 1, -1],
			"scale": [0.54, 0.54, 0.54]
		},
		"thirdperson_lefthand": {
			"translation": [0, 1, -1],
			"scale": [0.54, 0.54, 0.54]
		},
		"firstperson_righthand": {
			"rotation": [21.25, 1.63, -0.72],
			"translation": [10.75, 9.5, -10.55],
			"scale": [1.36, 1.36, 1.36]
		},
		"firstperson_lefthand": {
			"rotation": [21.25, 1.63, -0.72],
			"translation": [10.75, 9.5, -10.55],
			"scale": [1.36, 1.36, 1.36]
		},
		"ground": {
			"scale": [0.57, 0.57, 0.57]
		},
		"gui": {
			"rotation": [150, 47, -158],
			"translation": [0.25, 1.5, 0],
			"scale": [1.29961, 1.29961, 1.29961]
		},
		"head": {
			"translation": [0, 8, 0]
		},
		"fixed": {
			"rotation": [0, -90, 0],
			"scale": [1.01, 1.01, 1.01]
		}
	},
	"groups": [
		0,
		{
			"name": "A_C",
			"origin": [8, 8, 8],
			"color": 0,
			"children": [1, 2, 3, 4, 5, 6, 7, 8, 9, 10, 11]
		},
		{
			"name": "fortrigger",
			"origin": [0, 1, -2],
			"color": 0,
			"children": [12, 13, 14]
		},
		{
			"name": "canshoot",
			"origin": [6, 4, 10.025],
			"color": 0,
			"children": [15, 16, 17, 18]
		},
		{
			"name": "hold",
			"origin": [8, 1, 13],
			"color": 0,
			"children": [19, 20, 21, 22, 23]
		},
		{
			"name": "B",
			"origin": [0, 0, 0],
			"color": 0,
			"children": [24, 25, 26]
		},
		{
			"name": "group",
			"origin": [0, 1, -2],
			"color": 0,
			"children": [27, 28]
		},
		{
			"name": "A2",
			"origin": [10, 4, 11.025],
			"color": 0,
			"children": [29, 30, 31, 32, 33]
		},
		{
			"name": "A",
			"origin": [10, 4, 11.025],
			"color": 0,
			"children": [
				{
					"name": "4",
					"origin": [10, 4, 5.025],
					"color": 0,
					"children": [34, 35, 36, 37]
				},
				{
					"name": "3",
					"origin": [10, 4, 5.025],
					"color": 0,
					"children": [38, 39, 40, 41]
				},
				{
					"name": "2",
					"origin": [10, 4, 5.025],
					"color": 0,
					"children": [42, 43, 44, 45]
				},
				{
					"name": "1",
					"origin": [10, 4, 5.025],
					"color": 0,
					"children": [46, 47, 48, 49]
				},
				50,
				{
					"name": "emblems",
					"origin": [0, 0, 0],
					"color": 0,
					"children": []
				}
			]
		},
		51,
		52,
		53
	]
}