{
	"credit": "Made with Blockbench",
	"textures": {
		"0": "item/custom_textures_3/acero_oscuro",
		"2": "item/custom_textures_3/dropper_front_vertical",
		"3": "item/custom_textures_3/firework_rocket",
		"4": "item/custom_textures_3/fire_1",
		"particle": "item/custom_textures_3/acero_oscuro"
	},
	"elements": [
		{
			"name": "right_arm",
			"from": [6, 4.35, 4.83505],
			"to": [10, 4.75, 15.43505],
			"rotation": {"angle": 0, "axis": "y", "origin": [8, 2.75, 9.63505]},
			"faces": {
				"north": {"uv": [1, 10, 2, 15], "rotation": 90, "texture": "#2"},
				"east": {"uv": [1, 14, 15, 15], "texture": "#2"},
				"south": {"uv": [1, 10, 2, 15], "rotation": 90, "texture": "#2"},
				"west": {"uv": [15, 14, 1, 15], "texture": "#2"},
				"up": {"uv": [1, 10, 15, 15], "rotation": 90, "texture": "#2"},
				"down": {"uv": [1, 10, 15, 15], "rotation": 90, "texture": "#2"}
			}
		},
		{
			"name": "right_arm",
			"from": [6, 0.75, 4.83505],
			"to": [10, 1.15, 15.43505],
			"rotation": {"angle": 0, "axis": "y", "origin": [8, 2.75, 9.63505]},
			"faces": {
				"north": {"uv": [1, 10, 2, 15], "rotation": 90, "texture": "#2"},
				"east": {"uv": [1, 14, 15, 15], "texture": "#2"},
				"south": {"uv": [1, 10, 2, 15], "rotation": 90, "texture": "#2"},
				"west": {"uv": [15, 14, 1, 15], "texture": "#2"},
				"up": {"uv": [1, 10, 15, 15], "rotation": 90, "texture": "#2"},
				"down": {"uv": [1, 10, 15, 15], "rotation": 90, "texture": "#2"}
			}
		},
		{
			"name": "right_arm",
			"from": [9.6, 1.15, 4.83505],
			"to": [10, 4.35, 15.43505],
			"rotation": {"angle": 0, "axis": "y", "origin": [8, 2.75, 9.63505]},
			"faces": {
				"north": {"uv": [1, 10, 2, 15], "rotation": 90, "texture": "#2"},
				"east": {"uv": [1, 10, 15, 15], "texture": "#2"},
				"south": {"uv": [1, 10, 2, 15], "rotation": 90, "texture": "#2"},
				"west": {"uv": [1, 10, 15, 15], "texture": "#2"},
				"up": {"uv": [1, 10, 15, 15], "texture": "#2"},
				"down": {"uv": [1, 10, 15, 15], "texture": "#2"}
			}
		},
		{
			"name": "right_arm",
			"from": [6, 1.15, 4.83505],
			"to": [6.4, 4.35, 15.43505],
			"rotation": {"angle": 0, "axis": "y", "origin": [8, 2.75, 9.63505]},
			"faces": {
				"north": {"uv": [1, 10, 2, 15], "rotation": 90, "texture": "#2"},
				"east": {"uv": [1, 10, 15, 15], "texture": "#2"},
				"south": {"uv": [1, 10, 2, 15], "rotation": 90, "texture": "#2"},
				"west": {"uv": [1, 10, 15, 15], "texture": "#2"},
				"up": {"uv": [1, 10, 15, 15], "texture": "#2"},
				"down": {"uv": [1, 10, 15, 15], "texture": "#2"}
			}
		},
		{
			"from": [6.6824, 4.7299, 7.01495],
			"to": [9.3176, 4.9799, 11.31495],
			"rotation": {"angle": 0, "axis": "y", "origin": [8, 2.7174, 8]},
			"faces": {
				"north": {"uv": [0, 0, 16, 16], "texture": "#0"},
				"east": {"uv": [0, 0, 16, 16], "texture": "#0"},
				"south": {"uv": [0, 0, 16, 16], "texture": "#0"},
				"west": {"uv": [0, 0, 16, 16], "texture": "#0"},
				"up": {"uv": [0, 0, 16, 16], "texture": "#0"},
				"down": {"uv": [0, 0, 16, 16], "texture": "#0"}
			}
		},
		{
			"from": [6, 1.75, 3.83505],
			"to": [10, 2.75, 4.83505],
			"rotation": {"angle": -45, "axis": "x", "origin": [8, 2.25, 4.33505]},
			"faces": {
				"north": {"uv": [0, 0, 16, 16], "texture": "#0"},
				"east": {"uv": [0, 0, 16, 16], "texture": "#0"},
				"south": {"uv": [0, 0, 16, 16], "texture": "#0"},
				"west": {"uv": [0, 0, 16, 16], "texture": "#0"},
				"up": {"uv": [0, 0, 16, 16], "texture": "#0"},
				"down": {"uv": [0, 0, 16, 16], "texture": "#0"}
			}
		},
		{
			"from": [10, -0.20461, 5.03188],
			"to": [10.2, 2.59539, 6.43188],
			"rotation": {"angle": 45, "axis": "x", "origin": [8, 2.7174, 8]},
			"faces": {
				"north": {"uv": [0, 0, 16, 16], "rotation": 90, "texture": "#0"},
				"east": {"uv": [0, 0, 16, 16], "rotation": 270, "texture": "#0"},
				"south": {"uv": [0, 0, 16, 16], "rotation": 270, "texture": "#0"},
				"west": {"uv": [0, 0, 16, 16], "rotation": 270, "texture": "#0"},
				"up": {"uv": [0, 0, 16, 16], "rotation": 270, "texture": "#0"},
				"down": {"uv": [0, 0, 16, 16], "rotation": 270, "texture": "#0"}
			}
		},
		{
			"from": [10, 0.7799, 5.81495],
			"to": [10.3, 4.9799, 7.01495],
			"rotation": {"angle": 0, "axis": "y", "origin": [8, 2.7174, 8]},
			"faces": {
				"north": {"uv": [0, 0, 16, 16], "rotation": 90, "texture": "#0"},
				"east": {"uv": [0, 0, 16, 16], "rotation": 180, "texture": "#0"},
				"south": {"uv": [0, 0, 16, 16], "rotation": 270, "texture": "#0"},
				"west": {"uv": [0, 0, 16, 16], "texture": "#0"},
				"up": {"uv": [16, 0, 0, 16], "rotation": 270, "texture": "#0"},
				"down": {"uv": [0, 0, 16, 16], "rotation": 270, "texture": "#0"}
			}
		},
		{
			"from": [5.7, 0.7799, 5.81495],
			"to": [6, 4.9799, 7.01495],
			"rotation": {"angle": 0, "axis": "y", "origin": [8, 2.7174, 8]},
			"faces": {
				"north": {"uv": [0, 0, 16, 16], "rotation": 90, "texture": "#0"},
				"east": {"uv": [0, 0, 16, 16], "rotation": 180, "texture": "#0"},
				"south": {"uv": [0, 0, 16, 16], "rotation": 270, "texture": "#0"},
				"west": {"uv": [0, 0, 16, 16], "texture": "#0"},
				"up": {"uv": [16, 0, 0, 16], "rotation": 270, "texture": "#0"},
				"down": {"uv": [0, 0, 16, 16], "rotation": 270, "texture": "#0"}
			}
		},
		{
			"from": [10, 0.7299, 11.31495],
			"to": [10.3, 4.9799, 12.01495],
			"rotation": {"angle": 0, "axis": "y", "origin": [8, 2.7174, 8]},
			"faces": {
				"north": {"uv": [0, 0, 16, 16], "rotation": 90, "texture": "#0"},
				"east": {"uv": [0, 0, 16, 16], "rotation": 180, "texture": "#0"},
				"south": {"uv": [0, 0, 16, 16], "rotation": 270, "texture": "#0"},
				"west": {"uv": [0, 0, 16, 16], "texture": "#0"},
				"up": {"uv": [0, 0, 16, 16], "rotation": 270, "texture": "#0"},
				"down": {"uv": [0, 0, 16, 16], "rotation": 270, "texture": "#0"}
			}
		},
		{
			"from": [6, 4.6799, 11.31495],
			"to": [10, 4.9799, 12.01495],
			"rotation": {"angle": 0, "axis": "y", "origin": [8, 2.7174, 8]},
			"faces": {
				"north": {"uv": [0, 0, 16, 16], "rotation": 180, "texture": "#0"},
				"east": {"uv": [0, 0, 16, 16], "rotation": 180, "texture": "#0"},
				"south": {"uv": [0, 0, 16, 16], "rotation": 180, "texture": "#0"},
				"west": {"uv": [0, 0, 16, 16], "rotation": 180, "texture": "#0"},
				"up": {"uv": [0, 0, 16, 16], "rotation": 90, "texture": "#0"},
				"down": {"uv": [0, 0, 16, 16], "rotation": 270, "texture": "#0"}
			}
		},
		{
			"from": [6, 4.6799, 5.81495],
			"to": [10, 4.9799, 7.01495],
			"rotation": {"angle": 0, "axis": "y", "origin": [8, 2.7174, 8]},
			"faces": {
				"north": {"uv": [0, 0, 16, 16], "rotation": 180, "texture": "#0"},
				"east": {"uv": [0, 0, 16, 16], "rotation": 180, "texture": "#0"},
				"south": {"uv": [0, 0, 16, 16], "rotation": 180, "texture": "#0"},
				"west": {"uv": [0, 0, 16, 16], "rotation": 180, "texture": "#0"},
				"up": {"uv": [0, 0, 16, 16], "rotation": 90, "texture": "#0"},
				"down": {"uv": [0, 0, 16, 16], "rotation": 270, "texture": "#0"}
			}
		},
		{
			"from": [5.7, 0.4799, 5.81495],
			"to": [10.3, 0.7799, 7.01495],
			"rotation": {"angle": 0, "axis": "y", "origin": [8, 2.7174, 8]},
			"faces": {
				"north": {"uv": [0, 0, 16, 16], "rotation": 180, "texture": "#0"},
				"east": {"uv": [0, 0, 16, 16], "rotation": 180, "texture": "#0"},
				"south": {"uv": [0, 0, 16, 16], "rotation": 180, "texture": "#0"},
				"west": {"uv": [0, 0, 16, 16], "rotation": 180, "texture": "#0"},
				"up": {"uv": [0, 0, 16, 16], "rotation": 90, "texture": "#0"},
				"down": {"uv": [0, 0, 16, 16], "rotation": 270, "texture": "#0"}
			}
		},
		{
			"from": [5.7, 0.4299, 11.31495],
			"to": [10.3, 0.7299, 12.01495],
			"rotation": {"angle": 0, "axis": "y", "origin": [8, 2.7174, 8]},
			"faces": {
				"north": {"uv": [0, 0, 16, 16], "rotation": 180, "texture": "#0"},
				"east": {"uv": [0, 0, 16, 16], "rotation": 180, "texture": "#0"},
				"south": {"uv": [0, 0, 16, 16], "rotation": 180, "texture": "#0"},
				"west": {"uv": [0, 0, 16, 16], "rotation": 180, "texture": "#0"},
				"up": {"uv": [0, 0, 16, 16], "rotation": 90, "texture": "#0"},
				"down": {"uv": [0, 0, 16, 16], "rotation": 270, "texture": "#0"}
			}
		},
		{
			"from": [5.7, 0.7299, 11.31495],
			"to": [6, 4.9799, 12.01495],
			"rotation": {"angle": 0, "axis": "y", "origin": [8, 2.7174, 8]},
			"faces": {
				"north": {"uv": [0, 0, 16, 16], "rotation": 90, "texture": "#0"},
				"east": {"uv": [0, 0, 16, 16], "rotation": 180, "texture": "#0"},
				"south": {"uv": [0, 0, 16, 16], "rotation": 270, "texture": "#0"},
				"west": {"uv": [0, 0, 16, 16], "texture": "#0"},
				"up": {"uv": [0, 0, 16, 16], "rotation": 270, "texture": "#0"},
				"down": {"uv": [0, 0, 16, 16], "rotation": 270, "texture": "#0"}
			}
		},
		{
			"from": [5.8, -0.20461, 5.03188],
			"to": [6, 2.59539, 6.43188],
			"rotation": {"angle": 45, "axis": "x", "origin": [8, 2.7174, 8]},
			"faces": {
				"north": {"uv": [0, 0, 16, 16], "rotation": 90, "texture": "#0"},
				"east": {"uv": [0, 0, 16, 16], "rotation": 270, "texture": "#0"},
				"south": {"uv": [0, 0, 16, 16], "rotation": 270, "texture": "#0"},
				"west": {"uv": [0, 0, 16, 16], "rotation": 270, "texture": "#0"},
				"up": {"uv": [0, 0, 16, 16], "rotation": 270, "texture": "#0"},
				"down": {"uv": [0, 0, 16, 16], "rotation": 270, "texture": "#0"}
			}
		},
		{
			"from": [8.52, 4.9799, 8.01495],
			"to": [9.08, 5.3799, 13.31495],
			"rotation": {"angle": 0, "axis": "y", "origin": [8, 5.6799, 10.66495]},
			"faces": {
				"north": {"uv": [0, 0, 16, 16], "rotation": 90, "texture": "#0"},
				"east": {"uv": [16, 0, 0, 16], "rotation": 90, "texture": "#0"},
				"south": {"uv": [0, 0, 16, 16], "texture": "#0"},
				"west": {"uv": [0, 0, 16, 16], "rotation": 90, "texture": "#0"},
				"up": {"uv": [16, 16, 0, 0], "texture": "#0"},
				"down": {"uv": [0, 0, 16, 16], "texture": "#0"}
			}
		},
		{
			"from": [6.92, 4.9799, 8.01495],
			"to": [7.48, 5.3799, 13.31495],
			"rotation": {"angle": 0, "axis": "y", "origin": [8, 5.6799, 10.66495]},
			"faces": {
				"north": {"uv": [0, 0, 16, 16], "rotation": 90, "texture": "#0"},
				"east": {"uv": [0, 0, 16, 16], "rotation": 90, "texture": "#0"},
				"south": {"uv": [16, 0, 0, 16], "rotation": 180, "texture": "#0"},
				"west": {"uv": [16, 0, 0, 16], "rotation": 90, "texture": "#0"},
				"up": {"uv": [16, 16, 0, 0], "texture": "#0"},
				"down": {"uv": [0, 0, 16, 16], "texture": "#0"}
			}
		},
		{
			"from": [7.42, 5.98643, 9.9606],
			"to": [8.14, 6.78643, 10.6806],
			"rotation": {"angle": 0, "axis": "x", "origin": [7.78, 6.38643, 10.3206]},
			"faces": {
				"north": {"uv": [0, 0, 2, 2.5], "texture": "#0"},
				"east": {"uv": [0, 0, 2, 2.5], "texture": "#0"},
				"south": {"uv": [0, 0, 2, 2.5], "texture": "#0"},
				"west": {"uv": [0, 0, 2, 2.5], "texture": "#0"},
				"up": {"uv": [0, 0, 2, 2], "texture": "#0"},
				"down": {"uv": [0, 0, 2, 2], "texture": "#0"}
			}
		},
		{
			"from": [7.42, 4.7046, 9.42965],
			"to": [8.14, 6.5046, 10.14965],
			"rotation": {"angle": 45, "axis": "x", "origin": [7.78, 5.6046, 9.78965]},
			"faces": {
				"north": {"uv": [0, 0, 2, 2.5], "texture": "#0"},
				"east": {"uv": [0, 0, 2, 2.5], "texture": "#0"},
				"south": {"uv": [0, 0, 2, 2.5], "texture": "#0"},
				"west": {"uv": [0, 0, 2, 2.5], "texture": "#0"},
				"up": {"uv": [0, 0, 2, 2], "texture": "#0"},
				"down": {"uv": [0, 0, 2, 2], "texture": "#0"}
			}
		},
		{
			"from": [7.06816, 6.63302, 11.89815],
			"to": [8.93184, 6.84806, 13.33175],
			"rotation": {"angle": 0, "axis": "y", "origin": [8, 8.2279, 12.61495]},
			"faces": {
				"north": {"uv": [0, 0, 16, 16], "texture": "#0"},
				"east": {"uv": [0, 0, 7.5, 3.7], "texture": "#0"},
				"south": {"uv": [0, 0, 4, 3.7], "texture": "#0"},
				"west": {"uv": [0, 0, 7.5, 3.7], "texture": "#0"},
				"up": {"uv": [0, 0, 4, 7.5], "texture": "#0"},
				"down": {"uv": [0, 0, 4, 7.5], "texture": "#0"}
			}
		},
		{
			"from": [7.06816, 8.71174, 11.89815],
			"to": [8.93184, 8.92678, 13.33175],
			"rotation": {"angle": 0, "axis": "y", "origin": [8, 8.2279, 12.61495]},
			"faces": {
				"north": {"uv": [0, 0, 16, 16], "texture": "#0"},
				"east": {"uv": [0, 0, 7.5, 3.7], "texture": "#0"},
				"south": {"uv": [0, 0, 4, 3.7], "texture": "#0"},
				"west": {"uv": [0, 0, 7.5, 3.7], "texture": "#0"},
				"up": {"uv": [0, 0, 4, 7.5], "texture": "#0"},
				"down": {"uv": [0, 0, 4, 7.5], "texture": "#0"}
			}
		},
		{
			"from": [7.06816, 6.84806, 11.89815],
			"to": [7.2832, 8.71174, 13.33175],
			"rotation": {"angle": 0, "axis": "z", "origin": [8, 8.2279, 12.61495]},
			"faces": {
				"north": {"uv": [0, 0, 16, 16], "rotation": 270, "texture": "#0"},
				"east": {"uv": [0, 0, 4, 7.5], "rotation": 90, "texture": "#0"},
				"south": {"uv": [0, 0, 4, 3.7], "rotation": 90, "texture": "#0"},
				"west": {"uv": [0, 0, 4, 7.5], "rotation": 90, "texture": "#0"},
				"up": {"uv": [0, 0, 7.5, 3.7], "rotation": 90, "texture": "#0"},
				"down": {"uv": [0, 0, 7.5, 3.7], "rotation": 90, "texture": "#0"}
			}
		},
		{
			"from": [7.2832, 6.84806, 12.91671],
			"to": [8.7168, 8.71174, 13.13175],
			"rotation": {"angle": 0, "axis": "z", "origin": [8, 7.7799, 13.22423]},
			"faces": {
				"north": {"uv": [0, 0, 4, 7.5], "rotation": 90, "texture": "#0"},
				"east": {"uv": [0, 0, 16, 16], "rotation": 270, "texture": "#0"},
				"south": {"uv": [0, 0, 4, 7.5], "rotation": 90, "texture": "#0"},
				"west": {"uv": [0, 0, 4, 3.7], "rotation": 90, "texture": "#0"},
				"up": {"uv": [0, 0, 7.5, 3.7], "rotation": 180, "texture": "#0"},
				"down": {"uv": [0, 0, 7.5, 3.7], "texture": "#0"}
			}
		},
		{
			"from": [8.7168, 6.84806, 11.89815],
			"to": [8.93184, 8.71174, 13.33175],
			"rotation": {"angle": 0, "axis": "z", "origin": [8, 8.2279, 12.61495]},
			"faces": {
				"north": {"uv": [0, 0, 16, 16], "rotation": 270, "texture": "#0"},
				"east": {"uv": [0, 0, 4, 7.5], "rotation": 90, "texture": "#0"},
				"south": {"uv": [0, 0, 4, 3.7], "rotation": 90, "texture": "#0"},
				"west": {"uv": [0, 0, 4, 7.5], "rotation": 90, "texture": "#0"},
				"up": {"uv": [0, 0, 7.5, 3.7], "rotation": 90, "texture": "#0"},
				"down": {"uv": [0, 0, 7.5, 3.7], "rotation": 90, "texture": "#0"}
			}
		},
		{
			"from": [7.168, 6.7559, 7.89495],
			"to": [8.832, 6.9479, 11.97495],
			"rotation": {"angle": 0, "axis": "y", "origin": [8, 8.1799, 9.93495]},
			"faces": {
				"north": {"uv": [0, 0, 16, 16], "texture": "#0"},
				"east": {"uv": [0, 0, 7.5, 3.7], "texture": "#0"},
				"south": {"uv": [0, 0, 4, 3.7], "texture": "#0"},
				"west": {"uv": [0, 0, 7.5, 3.7], "texture": "#0"},
				"up": {"uv": [0, 0, 4, 7.5], "texture": "#0"},
				"down": {"uv": [0, 0, 4, 7.5], "texture": "#0"}
			}
		},
		{
			"from": [7.168, 8.6119, 7.89495],
			"to": [8.832, 8.8039, 11.97495],
			"rotation": {"angle": 0, "axis": "y", "origin": [8, 8.1799, 9.93495]},
			"faces": {
				"north": {"uv": [0, 0, 16, 16], "texture": "#0"},
				"east": {"uv": [0, 0, 7.5, 3.7], "texture": "#0"},
				"south": {"uv": [0, 0, 4, 3.7], "texture": "#0"},
				"west": {"uv": [0, 0, 7.5, 3.7], "texture": "#0"},
				"up": {"uv": [0, 0, 4, 7.5], "texture": "#0"},
				"down": {"uv": [0, 0, 4, 7.5], "texture": "#0"}
			}
		},
		{
			"from": [7.168, 6.9479, 7.89495],
			"to": [7.36, 8.6119, 11.97495],
			"rotation": {"angle": 0, "axis": "z", "origin": [8, 8.1799, 9.93495]},
			"faces": {
				"north": {"uv": [0, 0, 16, 16], "rotation": 270, "texture": "#0"},
				"east": {"uv": [0, 0, 4, 7.5], "rotation": 90, "texture": "#0"},
				"south": {"uv": [0, 0, 4, 3.7], "rotation": 90, "texture": "#0"},
				"west": {"uv": [0, 0, 4, 7.5], "rotation": 90, "texture": "#0"},
				"up": {"uv": [0, 0, 7.5, 3.7], "rotation": 90, "texture": "#0"},
				"down": {"uv": [0, 0, 7.5, 3.7], "rotation": 90, "texture": "#0"}
			}
		},
		{
			"from": [8.64, 6.9479, 7.89495],
			"to": [8.832, 8.6119, 11.97495],
			"rotation": {"angle": 0, "axis": "z", "origin": [8, 8.1799, 9.93495]},
			"faces": {
				"north": {"uv": [0, 0, 16, 16], "rotation": 270, "texture": "#0"},
				"east": {"uv": [0, 0, 4, 7.5], "rotation": 90, "texture": "#0"},
				"south": {"uv": [0, 0, 4, 3.7], "rotation": 90, "texture": "#0"},
				"west": {"uv": [0, 0, 4, 7.5], "rotation": 90, "texture": "#0"},
				"up": {"uv": [0, 0, 7.5, 3.7], "rotation": 90, "texture": "#0"},
				"down": {"uv": [0, 0, 7.5, 3.7], "rotation": 90, "texture": "#0"}
			}
		},
		{
			"name": "escape",
			"from": [7.2832, 6.84806, 8.11671],
			"to": [8.7168, 8.71174, 8.33175],
			"rotation": {"angle": 0, "axis": "z", "origin": [8, 7.7799, 8.22423]},
			"faces": {
				"north": {"uv": [4, 5, 12, 11], "rotation": 90, "texture": "#2"},
				"east": {"uv": [5, 6, 11, 10], "rotation": 90, "texture": "#2"},
				"south": {"uv": [5, 6, 11, 10], "rotation": 90, "texture": "#2"},
				"west": {"uv": [5, 6, 11, 10], "rotation": 90, "texture": "#2"},
				"up": {"uv": [5, 6, 11, 10], "rotation": 90, "texture": "#2"},
				"down": {"uv": [5, 6, 11, 10], "rotation": 90, "texture": "#2"}
			}
		},
		{
			"from": [7.38, 7.18, 11.069],
			"to": [8.62, 8.42, 14.231],
			"rotation": {"angle": 0, "axis": "y", "origin": [8, 7.8, 12.65]},
			"faces": {
				"north": {"uv": [7, 3, 9.9, 6], "texture": "#3"},
				"east": {"uv": [7, 6, 10, 12.9], "rotation": 90, "texture": "#3"},
				"south": {"uv": [7, 13, 10, 13.9], "rotation": 90, "texture": "#3"},
				"west": {"uv": [10, 6, 7, 12.9], "rotation": 90, "texture": "#3"},
				"up": {"uv": [9.9, 6, 7, 13], "texture": "#3"},
				"down": {"uv": [7, 6, 9.9, 13], "texture": "#3"}
			}
		},
		{
			"from": [7.38, 7.18, 7.569],
			"to": [8.62, 8.42, 9.831],
			"rotation": {"angle": 0, "axis": "y", "origin": [8, 7.8, 12.65]},
			"faces": {
				"north": {"uv": [7, 3, 9.9, 6], "texture": "#3"},
				"east": {"uv": [7, 6, 10, 12.9], "rotation": 90, "texture": "#3"},
				"south": {"uv": [7, 13, 10, 13.9], "rotation": 90, "texture": "#3"},
				"west": {"uv": [10, 6, 7, 12.9], "rotation": 90, "texture": "#3"},
				"up": {"uv": [9.9, 6, 7, 13], "texture": "#3"},
				"down": {"uv": [7, 6, 9.9, 13], "texture": "#3"}
			}
		},
		{
			"from": [7.848, 7.648, 14.337],
			"to": [8.112, 7.912, 15.101],
			"rotation": {"angle": 0, "axis": "y", "origin": [7.98, 7.78, 14.719]},
			"faces": {
				"north": {"uv": [8, 13, 8.9, 14], "texture": "#3"},
				"east": {"uv": [8, 13, 8.9, 14], "texture": "#3"},
				"south": {"uv": [8, 13, 8.9, 14], "texture": "#3"},
				"west": {"uv": [8, 13, 8.9, 14], "texture": "#3"},
				"up": {"uv": [8, 13, 8.9, 14], "texture": "#3"},
				"down": {"uv": [8, 13, 8.9, 14], "texture": "#3"}
			}
		},
		{
			"from": [8.112, 7.648, 15.101],
			"to": [8.576, 7.912, 15.365],
			"rotation": {"angle": 0, "axis": "y", "origin": [8.344, 7.78, 15.233]},
			"faces": {
				"north": {"uv": [8, 13, 8.9, 14], "texture": "#3"},
				"east": {"uv": [8, 13, 8.9, 14], "texture": "#3"},
				"south": {"uv": [8, 13, 8.9, 14], "texture": "#3"},
				"west": {"uv": [8, 13, 8.9, 14], "texture": "#3"},
				"up": {"uv": [8, 13, 8.9, 14], "texture": "#3"},
				"down": {"uv": [8, 13, 8.9, 14], "texture": "#3"}
			}
		},
		{
			"from": [8.41471, 7.648, 15.22639],
			"to": [8.77871, 7.912, 15.49039],
			"rotation": {"angle": -45, "axis": "y", "origin": [8.64671, 7.78, 15.35839]},
			"faces": {
				"north": {"uv": [8, 13, 8.9, 14], "texture": "#3"},
				"east": {"uv": [8, 13, 8.9, 14], "texture": "#3"},
				"south": {"uv": [8, 13, 8.9, 14], "texture": "#3"},
				"west": {"uv": [8, 13, 8.9, 14], "texture": "#3"},
				"up": {"uv": [8, 13, 8.9, 14], "texture": "#3"},
				"down": {"uv": [8, 13, 8.9, 14], "texture": "#3"}
			}
		},
		{
			"from": [8.40851, 7.81668, 15.41577],
			"to": [8.81331, 8.22148, 15.41577],
			"rotation": {"angle": 0, "axis": "z", "origin": [8.81091, 8.01908, 15.51577]},
			"faces": {
				"north": {"uv": [0, 6, 16, 16], "texture": "#4"},
				"east": {"uv": [0, 0, 1, 1], "texture": "#4"},
				"south": {"uv": [0, 6, 16, 16], "texture": "#4"},
				"west": {"uv": [0, 0, 1, 1], "texture": "#4"},
				"up": {"uv": [0, 0, 1, 1], "texture": "#4"},
				"down": {"uv": [0, 0, 1, 1], "texture": "#4"}
			}
		},
		{
			"from": [8.61091, 7.81668, 15.31337],
			"to": [8.61091, 8.22148, 15.71817],
			"rotation": {"angle": 0, "axis": "y", "origin": [8.81091, 8.01908, 15.51577]},
			"faces": {
				"north": {"uv": [0, 0, 1, 1], "texture": "#4"},
				"east": {"uv": [0, 6, 16, 16], "texture": "#4"},
				"south": {"uv": [0, 0, 1, 1], "texture": "#4"},
				"west": {"uv": [0, 6, 16, 16], "texture": "#4"},
				"up": {"uv": [0, 0, 1, 1], "rotation": 270, "texture": "#4"},
				"down": {"uv": [0, 0, 1, 1], "rotation": 90, "texture": "#4"}
			}
		},
		{
			"from": [8.67848, 7.66537, 15.21337],
			"to": [9.08328, 7.66537, 15.61817],
			"rotation": {"angle": 0, "axis": "x", "origin": [8.88088, 7.66537, 15.41577]},
			"faces": {
				"north": {"uv": [0, 0, 1, 1], "rotation": 270, "texture": "#4"},
				"east": {"uv": [0, 0, 1, 1], "rotation": 180, "texture": "#4"},
				"south": {"uv": [0, 0, 1, 1], "rotation": 90, "texture": "#4"},
				"west": {"uv": [0, 0, 1, 1], "texture": "#4"},
				"up": {"uv": [0, 6, 16, 16], "rotation": 90, "texture": "#4"},
				"down": {"uv": [0, 6, 16, 16], "rotation": 90, "texture": "#4"}
			}
		},
		{
			"from": [8.67848, 7.46297, 15.41577],
			"to": [9.08328, 7.86777, 15.41577],
			"rotation": {"angle": -22.5, "axis": "z", "origin": [8.88088, 7.66537, 15.41577]},
			"faces": {
				"north": {"uv": [0, 6, 16, 16], "rotation": 270, "texture": "#4"},
				"east": {"uv": [0, 0, 1, 1], "rotation": 90, "texture": "#4"},
				"south": {"uv": [0, 6, 16, 16], "rotation": 90, "texture": "#4"},
				"west": {"uv": [0, 0, 1, 1], "rotation": 90, "texture": "#4"},
				"up": {"uv": [0, 0, 1, 1], "rotation": 90, "texture": "#4"},
				"down": {"uv": [0, 0, 1, 1], "rotation": 90, "texture": "#4"}
			}
		},
		{
			"from": [7.2436, 7.0436, 7.0916],
			"to": [8.7564, 8.5564, 7.5064],
			"rotation": {"angle": 0, "axis": "y", "origin": [8, 7.8, 7.299]},
			"faces": {
				"north": {"uv": [6, 5, 10.9, 6], "texture": "#3"},
				"east": {"uv": [6, 5, 10.9, 6], "texture": "#3"},
				"south": {"uv": [6, 5, 10.9, 6], "texture": "#3"},
				"west": {"uv": [6, 5, 10.9, 6], "texture": "#3"},
				"up": {"uv": [6, 5, 10.9, 6], "texture": "#3"},
				"down": {"uv": [6, 5, 10.9, 6], "texture": "#3"}
			}
		},
		{
			"from": [7.3495, 7.1495, 6.80584],
			"to": [8.6505, 8.4505, 7.16256],
			"rotation": {"angle": 0, "axis": "y", "origin": [8, 7.8, 6.8842]},
			"faces": {
				"north": {"uv": [6, 5, 10.9, 6], "texture": "#3"},
				"east": {"uv": [6, 5, 10.9, 6], "texture": "#3"},
				"south": {"uv": [6, 5, 10.9, 6], "texture": "#3"},
				"west": {"uv": [6, 5, 10.9, 6], "texture": "#3"},
				"up": {"uv": [6, 5, 10.9, 6], "texture": "#3"},
				"down": {"uv": [6, 5, 10.9, 6], "texture": "#3"}
			}
		},
		{
			"from": [7.50562, 7.30562, 6.59192],
			"to": [8.49438, 8.29438, 6.86303],
			"rotation": {"angle": 0, "axis": "y", "origin": [8, 7.8, 6.72747]},
			"faces": {
				"north": {"uv": [6, 5, 10.9, 6], "texture": "#3"},
				"east": {"uv": [6, 5, 10.9, 6], "texture": "#3"},
				"south": {"uv": [6, 5, 10.9, 6], "texture": "#3"},
				"west": {"uv": [6, 5, 10.9, 6], "texture": "#3"},
				"up": {"uv": [6, 5, 10.9, 6], "texture": "#3"},
				"down": {"uv": [6, 5, 10.9, 6], "texture": "#3"}
			}
		},
		{
			"from": [7.65393, 7.45393, 6.36147],
			"to": [8.34607, 8.14607, 6.55125],
			"rotation": {"angle": 0, "axis": "y", "origin": [8, 7.8, 6.80636]},
			"faces": {
				"north": {"uv": [6, 5, 10.9, 6], "texture": "#3"},
				"east": {"uv": [6, 5, 10.9, 6], "texture": "#3"},
				"south": {"uv": [6, 5, 10.9, 6], "texture": "#3"},
				"west": {"uv": [6, 5, 10.9, 6], "texture": "#3"},
				"up": {"uv": [6, 5, 10.9, 6], "texture": "#3"},
				"down": {"uv": [6, 5, 10.9, 6], "texture": "#3"}
			}
		}
	],
	"display": {
		"thirdperson_righthand": {
			"translation": [0, 3.75, 3.41],
			"scale": [1.07, 1.07, 1.07]
		},
		"thirdperson_lefthand": {
			"translation": [0, 3.75, 3.41],
			"scale": [1.07, 1.07, 1.07]
		},
		"firstperson_righthand": {
			"rotation": [0, 0, 22.5],
			"translation": [7.5, 4.25, -3.25]
		},
		"firstperson_lefthand": {
			"rotation": [0, 0, 22.5],
			"translation": [-0.75, 5.5, -3.25]
		},
		"ground": {
			"rotation": [24.5, 0.06, 0.56],
			"translation": [0, 11.5, 0]
		},
		"gui": {
			"rotation": [-138.25, 62.5, -180],
			"translation": [-1.5, 1.75, 0]
		},
		"fixed": {
			"rotation": [0, 90, -90],
			"translation": [-2.25, 0, -12],
			"scale": [1.53, 1.53, 1.53]
		}
	},
	"groups": [
		{
			"name": "steve",
			"origin": [2, 8, 8],
			"color": 0,
			"nbt": "{}",
			"armAnimationEnabled": false,
			"children": [0, 1, 2, 3]
		},
		{
			"name": "base ballesta",
			"origin": [5.85, 3.24497, 5.31997],
			"color": 0,
			"nbt": "{}",
			"armAnimationEnabled": false,
			"children": [4, 5, 6, 7, 8, 9, 10, 11, 12, 13, 14, 15]
		},
		{
			"name": "entrada",
			"origin": [8, 8, 8],
			"color": 0,
			"nbt": "{}",
			"armAnimationEnabled": false,
			"children": [16, 17]
		},
		{
			"name": "soporte cañon",
			"origin": [7.78, 5.6046, 9.78965],
			"color": 0,
			"nbt": "{}",
			"armAnimationEnabled": false,
			"children": [18, 19]
		},
		{
			"name": "cañon trasero",
			"origin": [7.25, 8.1799, 12.61495],
			"color": 0,
			"nbt": "{}",
			"armAnimationEnabled": false,
			"children": [20, 21, 22, 23, 24]
		},
		{
			"name": "cañon delantero",
			"origin": [7.25, 8.1799, 12.61495],
			"color": 0,
			"nbt": "{}",
			"armAnimationEnabled": false,
			"children": [25, 26, 27, 28]
		},
		{
			"name": "group",
			"origin": [8.88088, 7.66537, 15.41577],
			"color": 0,
			"nbt": "{}",
			"armAnimationEnabled": false,
			"children": [29, 30, 31, 32, 33, 34, 35, 36, 37, 38]
		},
		39,
		40,
		41,
		42
	]
}