{
	"credit": "Made with Blockbench",
	"textures": {
		"0": "item/custom_textures_3/acero_oscuro",
		"2": "item/custom_textures_3/dropper_front_vertical",
		"4": "item/custom_textures_3/barrel_side",
		"5": "item/custom_textures_3/barrel_bottom",
		"6": "item/custom_textures_3/arrow",
		"7": "item/custom_textures_3/arco",
		"particle": "item/custom_textures_3/acero_oscuro"
	},
	"elements": [
		{
			"name": "right_arm",
			"from": [6, 4.35, 4.83505],
			"to": [10, 4.75, 15.43505],
			"rotation": {"angle": 0, "axis": "y", "origin": [8, 2.75, 9.63505]},
			"faces": {
				"north": {"uv": [1, 10, 2, 15], "rotation": 90, "texture": "#2"},
				"east": {"uv": [1, 14, 15, 15], "texture": "#2"},
				"south": {"uv": [1, 10, 2, 15], "rotation": 90, "texture": "#2"},
				"west": {"uv": [15, 14, 1, 15], "texture": "#2"},
				"up": {"uv": [1, 10, 15, 15], "rotation": 90, "texture": "#2"},
				"down": {"uv": [1, 10, 15, 15], "rotation": 90, "texture": "#2"}
			}
		},
		{
			"name": "right_arm",
			"from": [6, 0.75, 4.83505],
			"to": [10, 1.15, 15.43505],
			"rotation": {"angle": 0, "axis": "y", "origin": [8, 2.75, 9.63505]},
			"faces": {
				"north": {"uv": [1, 10, 2, 15], "rotation": 90, "texture": "#2"},
				"east": {"uv": [1, 14, 15, 15], "texture": "#2"},
				"south": {"uv": [1, 10, 2, 15], "rotation": 90, "texture": "#2"},
				"west": {"uv": [15, 14, 1, 15], "texture": "#2"},
				"up": {"uv": [1, 10, 15, 15], "rotation": 90, "texture": "#2"},
				"down": {"uv": [1, 10, 15, 15], "rotation": 90, "texture": "#2"}
			}
		},
		{
			"name": "right_arm",
			"from": [9.6, 1.15, 4.83505],
			"to": [10, 4.35, 15.43505],
			"rotation": {"angle": 0, "axis": "y", "origin": [8, 2.75, 9.63505]},
			"faces": {
				"north": {"uv": [1, 10, 2, 15], "rotation": 90, "texture": "#2"},
				"east": {"uv": [1, 10, 15, 15], "texture": "#2"},
				"south": {"uv": [1, 10, 2, 15], "rotation": 90, "texture": "#2"},
				"west": {"uv": [1, 10, 15, 15], "texture": "#2"},
				"up": {"uv": [1, 10, 15, 15], "texture": "#2"},
				"down": {"uv": [1, 10, 15, 15], "texture": "#2"}
			}
		},
		{
			"name": "right_arm",
			"from": [6, 1.15, 4.83505],
			"to": [6.4, 4.35, 15.43505],
			"rotation": {"angle": 0, "axis": "y", "origin": [8, 2.75, 9.63505]},
			"faces": {
				"north": {"uv": [1, 10, 2, 15], "rotation": 90, "texture": "#2"},
				"east": {"uv": [1, 10, 15, 15], "texture": "#2"},
				"south": {"uv": [1, 10, 2, 15], "rotation": 90, "texture": "#2"},
				"west": {"uv": [1, 10, 15, 15], "texture": "#2"},
				"up": {"uv": [1, 10, 15, 15], "texture": "#2"},
				"down": {"uv": [1, 10, 15, 15], "texture": "#2"}
			}
		},
		{
			"from": [6.6824, 4.7299, 7.01495],
			"to": [9.3176, 4.9799, 11.31495],
			"rotation": {"angle": 0, "axis": "y", "origin": [8, 2.7174, 8]},
			"faces": {
				"north": {"uv": [0, 0, 16, 16], "texture": "#0"},
				"east": {"uv": [0, 0, 16, 16], "texture": "#0"},
				"south": {"uv": [0, 0, 16, 16], "texture": "#0"},
				"west": {"uv": [0, 0, 16, 16], "texture": "#0"},
				"up": {"uv": [0, 0, 16, 16], "texture": "#0"},
				"down": {"uv": [0, 0, 16, 16], "texture": "#0"}
			}
		},
		{
			"from": [6, 1.75, 3.83505],
			"to": [10, 2.75, 4.83505],
			"rotation": {"angle": -45, "axis": "x", "origin": [8, 2.25, 4.33505]},
			"faces": {
				"north": {"uv": [0, 0, 16, 16], "texture": "#0"},
				"east": {"uv": [0, 0, 16, 16], "texture": "#0"},
				"south": {"uv": [0, 0, 16, 16], "texture": "#0"},
				"west": {"uv": [0, 0, 16, 16], "texture": "#0"},
				"up": {"uv": [0, 0, 16, 16], "texture": "#0"},
				"down": {"uv": [0, 0, 16, 16], "texture": "#0"}
			}
		},
		{
			"from": [10, -0.20461, 5.03188],
			"to": [10.2, 2.59539, 6.43188],
			"rotation": {"angle": 45, "axis": "x", "origin": [8, 2.7174, 8]},
			"faces": {
				"north": {"uv": [0, 0, 16, 16], "rotation": 90, "texture": "#0"},
				"east": {"uv": [0, 0, 16, 16], "rotation": 270, "texture": "#0"},
				"south": {"uv": [0, 0, 16, 16], "rotation": 270, "texture": "#0"},
				"west": {"uv": [0, 0, 16, 16], "rotation": 270, "texture": "#0"},
				"up": {"uv": [0, 0, 16, 16], "rotation": 270, "texture": "#0"},
				"down": {"uv": [0, 0, 16, 16], "rotation": 270, "texture": "#0"}
			}
		},
		{
			"from": [10, 0.7799, 5.81495],
			"to": [10.3, 4.9799, 7.01495],
			"rotation": {"angle": 0, "axis": "y", "origin": [8, 2.7174, 8]},
			"faces": {
				"north": {"uv": [0, 0, 16, 16], "rotation": 90, "texture": "#0"},
				"east": {"uv": [0, 0, 16, 16], "rotation": 180, "texture": "#0"},
				"south": {"uv": [0, 0, 16, 16], "rotation": 270, "texture": "#0"},
				"west": {"uv": [0, 0, 16, 16], "texture": "#0"},
				"up": {"uv": [16, 0, 0, 16], "rotation": 270, "texture": "#0"},
				"down": {"uv": [0, 0, 16, 16], "rotation": 270, "texture": "#0"}
			}
		},
		{
			"from": [5.7, 0.7799, 5.81495],
			"to": [6, 4.9799, 7.01495],
			"rotation": {"angle": 0, "axis": "y", "origin": [8, 2.7174, 8]},
			"faces": {
				"north": {"uv": [0, 0, 16, 16], "rotation": 90, "texture": "#0"},
				"east": {"uv": [0, 0, 16, 16], "rotation": 180, "texture": "#0"},
				"south": {"uv": [0, 0, 16, 16], "rotation": 270, "texture": "#0"},
				"west": {"uv": [0, 0, 16, 16], "texture": "#0"},
				"up": {"uv": [16, 0, 0, 16], "rotation": 270, "texture": "#0"},
				"down": {"uv": [0, 0, 16, 16], "rotation": 270, "texture": "#0"}
			}
		},
		{
			"from": [10, 0.7299, 11.31495],
			"to": [10.3, 4.9799, 12.01495],
			"rotation": {"angle": 0, "axis": "y", "origin": [8, 2.7174, 8]},
			"faces": {
				"north": {"uv": [0, 0, 16, 16], "rotation": 90, "texture": "#0"},
				"east": {"uv": [0, 0, 16, 16], "rotation": 180, "texture": "#0"},
				"south": {"uv": [0, 0, 16, 16], "rotation": 270, "texture": "#0"},
				"west": {"uv": [0, 0, 16, 16], "texture": "#0"},
				"up": {"uv": [0, 0, 16, 16], "rotation": 270, "texture": "#0"},
				"down": {"uv": [0, 0, 16, 16], "rotation": 270, "texture": "#0"}
			}
		},
		{
			"from": [6, 4.6799, 11.31495],
			"to": [10, 4.9799, 12.01495],
			"rotation": {"angle": 0, "axis": "y", "origin": [8, 2.7174, 8]},
			"faces": {
				"north": {"uv": [0, 0, 16, 16], "rotation": 180, "texture": "#0"},
				"east": {"uv": [0, 0, 16, 16], "rotation": 180, "texture": "#0"},
				"south": {"uv": [0, 0, 16, 16], "rotation": 180, "texture": "#0"},
				"west": {"uv": [0, 0, 16, 16], "rotation": 180, "texture": "#0"},
				"up": {"uv": [0, 0, 16, 16], "rotation": 90, "texture": "#0"},
				"down": {"uv": [0, 0, 16, 16], "rotation": 270, "texture": "#0"}
			}
		},
		{
			"from": [6, 4.6799, 5.81495],
			"to": [10, 4.9799, 7.01495],
			"rotation": {"angle": 0, "axis": "y", "origin": [8, 2.7174, 8]},
			"faces": {
				"north": {"uv": [0, 0, 16, 16], "rotation": 180, "texture": "#0"},
				"east": {"uv": [0, 0, 16, 16], "rotation": 180, "texture": "#0"},
				"south": {"uv": [0, 0, 16, 16], "rotation": 180, "texture": "#0"},
				"west": {"uv": [0, 0, 16, 16], "rotation": 180, "texture": "#0"},
				"up": {"uv": [0, 0, 16, 16], "rotation": 90, "texture": "#0"},
				"down": {"uv": [0, 0, 16, 16], "rotation": 270, "texture": "#0"}
			}
		},
		{
			"from": [5.7, 0.4799, 5.81495],
			"to": [10.3, 0.7799, 7.01495],
			"rotation": {"angle": 0, "axis": "y", "origin": [8, 2.7174, 8]},
			"faces": {
				"north": {"uv": [0, 0, 16, 16], "rotation": 180, "texture": "#0"},
				"east": {"uv": [0, 0, 16, 16], "rotation": 180, "texture": "#0"},
				"south": {"uv": [0, 0, 16, 16], "rotation": 180, "texture": "#0"},
				"west": {"uv": [0, 0, 16, 16], "rotation": 180, "texture": "#0"},
				"up": {"uv": [0, 0, 16, 16], "rotation": 90, "texture": "#0"},
				"down": {"uv": [0, 0, 16, 16], "rotation": 270, "texture": "#0"}
			}
		},
		{
			"from": [5.7, 0.4299, 11.31495],
			"to": [10.3, 0.7299, 12.01495],
			"rotation": {"angle": 0, "axis": "y", "origin": [8, 2.7174, 8]},
			"faces": {
				"north": {"uv": [0, 0, 16, 16], "rotation": 180, "texture": "#0"},
				"east": {"uv": [0, 0, 16, 16], "rotation": 180, "texture": "#0"},
				"south": {"uv": [0, 0, 16, 16], "rotation": 180, "texture": "#0"},
				"west": {"uv": [0, 0, 16, 16], "rotation": 180, "texture": "#0"},
				"up": {"uv": [0, 0, 16, 16], "rotation": 90, "texture": "#0"},
				"down": {"uv": [0, 0, 16, 16], "rotation": 270, "texture": "#0"}
			}
		},
		{
			"from": [5.7, 0.7299, 11.31495],
			"to": [6, 4.9799, 12.01495],
			"rotation": {"angle": 0, "axis": "y", "origin": [8, 2.7174, 8]},
			"faces": {
				"north": {"uv": [0, 0, 16, 16], "rotation": 90, "texture": "#0"},
				"east": {"uv": [0, 0, 16, 16], "rotation": 180, "texture": "#0"},
				"south": {"uv": [0, 0, 16, 16], "rotation": 270, "texture": "#0"},
				"west": {"uv": [0, 0, 16, 16], "texture": "#0"},
				"up": {"uv": [0, 0, 16, 16], "rotation": 270, "texture": "#0"},
				"down": {"uv": [0, 0, 16, 16], "rotation": 270, "texture": "#0"}
			}
		},
		{
			"from": [5.8, -0.20461, 5.03188],
			"to": [6, 2.59539, 6.43188],
			"rotation": {"angle": 45, "axis": "x", "origin": [8, 2.7174, 8]},
			"faces": {
				"north": {"uv": [0, 0, 16, 16], "rotation": 90, "texture": "#0"},
				"east": {"uv": [0, 0, 16, 16], "rotation": 270, "texture": "#0"},
				"south": {"uv": [0, 0, 16, 16], "rotation": 270, "texture": "#0"},
				"west": {"uv": [0, 0, 16, 16], "rotation": 270, "texture": "#0"},
				"up": {"uv": [0, 0, 16, 16], "rotation": 270, "texture": "#0"},
				"down": {"uv": [0, 0, 16, 16], "rotation": 270, "texture": "#0"}
			}
		},
		{
			"from": [6.92, 4.9799, 6.21495],
			"to": [9.08, 7.0799, 8.01495],
			"rotation": {"angle": 0, "axis": "y", "origin": [8, 6.0299, 7.11495]},
			"faces": {
				"north": {"uv": [0, 0, 16, 16], "rotation": 90, "texture": "#2"},
				"east": {"uv": [0, 0, 16, 16], "rotation": 90, "texture": "#0"},
				"south": {"uv": [0, 0, 16, 16], "texture": "#0"},
				"west": {"uv": [0, 0, 16, 16], "rotation": 90, "texture": "#0"},
				"up": {"uv": [16, 0, 0, 16], "texture": "#0"},
				"down": {"uv": [0, 0, 16, 16], "texture": "#0"}
			}
		},
		{
			"from": [6.92, 4.9799, 8.01495],
			"to": [9.08, 5.4799, 13.31495],
			"rotation": {"angle": 0, "axis": "y", "origin": [8, 6.0299, 6.91495]},
			"faces": {
				"north": {"uv": [0, 0, 16, 16], "rotation": 90, "texture": "#0"},
				"east": {"uv": [0, 0, 16, 16], "rotation": 90, "texture": "#0"},
				"south": {"uv": [0, 0, 16, 16], "texture": "#0"},
				"west": {"uv": [0, 0, 16, 16], "rotation": 90, "texture": "#0"},
				"up": {"uv": [0, 0, 16, 16], "texture": "#0"},
				"down": {"uv": [0, 0, 16, 16], "texture": "#0"}
			}
		},
		{
			"from": [6.92, 6.2799, 8.01495],
			"to": [9.08, 7.0799, 13.31495],
			"rotation": {"angle": 0, "axis": "y", "origin": [8, 3.4299, 6.91495]},
			"faces": {
				"north": {"uv": [0, 0, 16, 16], "rotation": 90, "texture": "#0"},
				"east": {"uv": [0, 0, 16, 16], "rotation": 90, "texture": "#0"},
				"south": {"uv": [0, 0, 16, 16], "texture": "#0"},
				"west": {"uv": [0, 0, 16, 16], "rotation": 90, "texture": "#0"},
				"up": {"uv": [16, 16, 0, 0], "texture": "#0"},
				"down": {"uv": [0, 0, 16, 16], "texture": "#0"}
			}
		},
		{
			"from": [8.52, 5.4799, 8.01495],
			"to": [9.08, 5.8799, 13.31495],
			"rotation": {"angle": 0, "axis": "y", "origin": [8, 4.6299, 6.91495]},
			"faces": {
				"north": {"uv": [0, 0, 16, 16], "rotation": 90, "texture": "#0"},
				"east": {"uv": [16, 0, 0, 16], "rotation": 90, "texture": "#0"},
				"south": {"uv": [0, 0, 16, 16], "texture": "#0"},
				"west": {"uv": [0, 0, 16, 16], "rotation": 90, "texture": "#0"},
				"up": {"uv": [16, 16, 0, 0], "texture": "#0"},
				"down": {"uv": [0, 0, 16, 16], "texture": "#0"}
			}
		},
		{
			"from": [6.92, 5.4799, 8.01495],
			"to": [7.48, 5.8799, 13.31495],
			"rotation": {"angle": 0, "axis": "y", "origin": [8, 4.6299, 6.91495]},
			"faces": {
				"north": {"uv": [0, 0, 16, 16], "rotation": 90, "texture": "#0"},
				"east": {"uv": [0, 0, 16, 16], "rotation": 90, "texture": "#0"},
				"south": {"uv": [16, 0, 0, 16], "rotation": 180, "texture": "#0"},
				"west": {"uv": [16, 0, 0, 16], "rotation": 90, "texture": "#0"},
				"up": {"uv": [16, 16, 0, 0], "texture": "#0"},
				"down": {"uv": [0, 0, 16, 16], "texture": "#0"}
			}
		},
		{
			"from": [4.23285, 5.6799, 6.75626],
			"to": [6.53285, 6.1799, 7.31626],
			"rotation": {"angle": 0, "axis": "y", "origin": [6.53285, 5.7799, 7.03626]},
			"faces": {
				"north": {"uv": [0, 0, 16, 16], "texture": "#7"},
				"east": {"uv": [0, 0, 16, 16], "texture": "#7"},
				"south": {"uv": [16, 0, 0, 16], "texture": "#7"},
				"west": {"uv": [0, 0, 16, 16], "texture": "#7"},
				"up": {"uv": [0, 0, 16, 16], "rotation": 180, "texture": "#7"},
				"down": {"uv": [0, 0, 16, 16], "texture": "#7"}
			}
		},
		{
			"from": [5.49535, 5.6799, 3.81735],
			"to": [7.79535, 6.1899, 4.37735],
			"rotation": {"angle": 22.5, "axis": "y", "origin": [13.40157, 11.4598, 14.24176]},
			"faces": {
				"north": {"uv": [16, 0, 0, 16], "texture": "#7"},
				"east": {"uv": [0, 0, 16, 16], "texture": "#7"},
				"south": {"uv": [0, 0, 16, 16], "texture": "#7"},
				"west": {"uv": [0, 0, 16, 16], "texture": "#7"},
				"up": {"uv": [16, 0, 0, 16], "rotation": 180, "texture": "#7"},
				"down": {"uv": [0, 0, 16, 16], "texture": "#7"}
			}
		},
		{
			"from": [1.42223, 5.6799, 7.59381],
			"to": [2.32223, 6.1799, 8.15381],
			"rotation": {"angle": 0, "axis": "y", "origin": [10.8269, 11.4598, 14.46381]},
			"faces": {
				"north": {"uv": [0, 0, 16, 16], "texture": "#7"},
				"east": {"uv": [0, 0, 16, 16], "texture": "#7"},
				"south": {"uv": [0, 0, 16, 16], "texture": "#7"},
				"west": {"uv": [0, 0, 16, 16], "texture": "#7"},
				"up": {"uv": [0, 0, 16, 16], "rotation": 180, "texture": "#7"},
				"down": {"uv": [0, 0, 16, 16], "texture": "#7"}
			}
		},
		{
			"from": [13.57062, 5.6799, 7.57249],
			"to": [14.47062, 6.1799, 8.13249],
			"rotation": {"angle": 0, "axis": "y", "origin": [13.62062, 5.9299, 7.85249]},
			"faces": {
				"north": {"uv": [16, 0, 0, 16], "texture": "#7"},
				"east": {"uv": [0, 0, 16, 16], "texture": "#7"},
				"south": {"uv": [0, 0, 16, 16], "texture": "#7"},
				"west": {"uv": [0, 0, 16, 16], "texture": "#7"},
				"up": {"uv": [16, 0, 0, 16], "rotation": 180, "texture": "#7"},
				"down": {"uv": [0, 0, 16, 16], "texture": "#7"}
			}
		},
		{
			"from": [9.52247, 5.6799, 10.95987],
			"to": [11.82247, 6.1899, 11.51987],
			"rotation": {"angle": -22.5, "axis": "y", "origin": [21.21128, 11.4598, 14.22045]},
			"faces": {
				"north": {"uv": [0, 0, 16, 16], "texture": "#7"},
				"east": {"uv": [0, 0, 16, 16], "texture": "#7"},
				"south": {"uv": [16, 0, 0, 16], "texture": "#7"},
				"west": {"uv": [0, 0, 16, 16], "texture": "#7"},
				"up": {"uv": [16, 16, 0, 0], "texture": "#7"},
				"down": {"uv": [0, 0, 16, 16], "rotation": 180, "texture": "#7"}
			}
		},
		{
			"from": [9.36, 5.6799, 6.73495],
			"to": [11.66, 6.1799, 7.29495],
			"rotation": {"angle": 0, "axis": "y", "origin": [9.36, 5.7799, 7.01495]},
			"faces": {
				"north": {"uv": [16, 0, 0, 16], "texture": "#7"},
				"east": {"uv": [0, 0, 16, 16], "texture": "#7"},
				"south": {"uv": [0, 16, 16, 0], "texture": "#7"},
				"west": {"uv": [0, 0, 16, 16], "texture": "#7"},
				"up": {"uv": [16, 0, 0, 16], "rotation": 180, "texture": "#7"},
				"down": {"uv": [0, 0, 16, 16], "texture": "#7"}
			}
		},
		{
			"from": [6.53285, 5.6799, 6.75626],
			"to": [9.43285, 6.1799, 7.31626],
			"rotation": {"angle": 0, "axis": "y", "origin": [8.03285, 5.7799, 7.03626]},
			"faces": {
				"north": {"uv": [0, 14.72, 1.32, 16], "texture": "#7"},
				"east": {"uv": [0, 14.72, 1.32, 16], "texture": "#7"},
				"south": {"uv": [0, 14.72, 1.32, 16], "texture": "#7"},
				"west": {"uv": [0, 14.72, 1.32, 16], "texture": "#7"},
				"up": {"uv": [0, 14.72, 1.32, 16], "texture": "#7"},
				"down": {"uv": [0, 14.72, 1.32, 16], "texture": "#7"}
			}
		},
		{
			"from": [9.08, 5.8199, 8.41495],
			"to": [9.514, 6.3799, 8.91495],
			"rotation": {"angle": 0, "axis": "y", "origin": [8, 6.0999, 9.96495]},
			"faces": {
				"north": {"uv": [0, 0, 16, 16], "rotation": 90, "texture": "#5"},
				"east": {"uv": [0, 0, 16, 16], "rotation": 90, "texture": "#5"},
				"south": {"uv": [0, 0, 16, 16], "rotation": 90, "texture": "#5"},
				"west": {"uv": [0, 0, 16, 16], "rotation": 270, "texture": "#5"},
				"up": {"uv": [0, 0, 16, 16], "rotation": 90, "texture": "#5"},
				"down": {"uv": [0, 0, 16, 16], "rotation": 180, "texture": "#5"}
			}
		},
		{
			"from": [9.824, 5.8199, 8.41495],
			"to": [10.134, 6.3799, 8.91495],
			"rotation": {"angle": 0, "axis": "y", "origin": [8, 6.0999, 9.96495]},
			"faces": {
				"north": {"uv": [6, 3, 9, 5], "rotation": 270, "texture": "#4"},
				"east": {"uv": [6, 3, 9, 5], "rotation": 90, "texture": "#4"},
				"south": {"uv": [6, 3, 9, 5], "rotation": 90, "texture": "#4"},
				"west": {"uv": [6, 3, 9, 5], "rotation": 90, "texture": "#4"},
				"up": {"uv": [6, 3, 9, 5], "rotation": 180, "texture": "#4"},
				"down": {"uv": [6, 3, 9, 5], "rotation": 90, "texture": "#4"}
			}
		},
		{
			"from": [9.51276, 5.8983, 8.48495],
			"to": [9.82524, 6.3015, 8.84495],
			"rotation": {"angle": 0, "axis": "y", "origin": [8, 6.0999, 9.96495]},
			"faces": {
				"north": {"uv": [0, 0, 16, 16], "rotation": 90, "texture": "#5"},
				"east": {"uv": [0, 0, 16, 16], "rotation": 90, "texture": "#5"},
				"south": {"uv": [0, 0, 16, 16], "rotation": 90, "texture": "#5"},
				"west": {"uv": [0, 0, 16, 16], "rotation": 270, "texture": "#5"},
				"up": {"uv": [0, 0, 16, 16], "rotation": 90, "texture": "#5"},
				"down": {"uv": [0, 0, 16, 16], "rotation": 180, "texture": "#5"}
			}
		},
		{
			"from": [6.486, 5.8199, 8.41495],
			"to": [6.92, 6.3799, 8.91495],
			"rotation": {"angle": 0, "axis": "y", "origin": [8, 6.0999, 9.96495]},
			"faces": {
				"north": {"uv": [16, 16, 0, 0], "rotation": 90, "texture": "#5"},
				"east": {"uv": [16, 16, 0, 0], "rotation": 270, "texture": "#5"},
				"south": {"uv": [16, 16, 0, 0], "rotation": 90, "texture": "#5"},
				"west": {"uv": [16, 16, 0, 0], "rotation": 90, "texture": "#5"},
				"up": {"uv": [16, 16, 0, 0], "rotation": 180, "texture": "#5"},
				"down": {"uv": [16, 16, 0, 0], "rotation": 90, "texture": "#5"}
			}
		},
		{
			"from": [6.486, 6.0199, 7.91495],
			"to": [6.92, 6.2799, 8.41495],
			"rotation": {"angle": 0, "axis": "y", "origin": [6.703, 6.1499, 9.46495]},
			"faces": {
				"north": {"uv": [16, 16, 0, 0], "rotation": 90, "texture": "#5"},
				"east": {"uv": [16, 16, 0, 0], "rotation": 270, "texture": "#5"},
				"south": {"uv": [16, 16, 0, 0], "rotation": 90, "texture": "#5"},
				"west": {"uv": [16, 16, 0, 0], "rotation": 90, "texture": "#5"},
				"up": {"uv": [16, 16, 0, 0], "rotation": 180, "texture": "#5"},
				"down": {"uv": [16, 16, 0, 0], "rotation": 90, "texture": "#5"}
			}
		},
		{
			"from": [9.086, 6.0199, 7.91495],
			"to": [9.52, 6.2799, 8.41495],
			"rotation": {"angle": 0, "axis": "y", "origin": [8.303, 6.0199, 9.38995]},
			"faces": {
				"north": {"uv": [16, 16, 0, 0], "rotation": 90, "texture": "#5"},
				"east": {"uv": [16, 16, 0, 0], "rotation": 270, "texture": "#5"},
				"south": {"uv": [16, 16, 0, 0], "rotation": 90, "texture": "#5"},
				"west": {"uv": [16, 16, 0, 0], "rotation": 90, "texture": "#5"},
				"up": {"uv": [16, 16, 0, 0], "rotation": 180, "texture": "#5"},
				"down": {"uv": [16, 16, 0, 0], "rotation": 90, "texture": "#5"}
			}
		},
		{
			"from": [9.086, 5.7599, 7.91495],
			"to": [9.52, 6.0199, 8.11495],
			"rotation": {"angle": 0, "axis": "y", "origin": [8.303, 6.0199, 9.38995]},
			"faces": {
				"north": {"uv": [16, 16, 0, 0], "rotation": 90, "texture": "#5"},
				"east": {"uv": [16, 16, 0, 0], "rotation": 270, "texture": "#5"},
				"south": {"uv": [16, 16, 0, 0], "rotation": 90, "texture": "#5"},
				"west": {"uv": [16, 16, 0, 0], "rotation": 90, "texture": "#5"},
				"up": {"uv": [16, 16, 0, 0], "rotation": 180, "texture": "#5"},
				"down": {"uv": [16, 16, 0, 0], "rotation": 90, "texture": "#5"}
			}
		},
		{
			"from": [6.486, 5.7599, 7.91495],
			"to": [6.92, 6.0199, 8.11495],
			"rotation": {"angle": 0, "axis": "y", "origin": [6.703, 5.8899, 9.66495]},
			"faces": {
				"north": {"uv": [16, 16, 0, 0], "rotation": 90, "texture": "#5"},
				"east": {"uv": [16, 16, 0, 0], "rotation": 270, "texture": "#5"},
				"south": {"uv": [16, 16, 0, 0], "rotation": 90, "texture": "#5"},
				"west": {"uv": [16, 16, 0, 0], "rotation": 90, "texture": "#5"},
				"up": {"uv": [16, 16, 0, 0], "rotation": 180, "texture": "#5"},
				"down": {"uv": [16, 16, 0, 0], "rotation": 90, "texture": "#5"}
			}
		},
		{
			"from": [5.866, 5.8199, 8.41495],
			"to": [6.176, 6.3799, 8.91495],
			"rotation": {"angle": 0, "axis": "y", "origin": [8, 6.0999, 9.96495]},
			"faces": {
				"north": {"uv": [9, 5, 6, 3], "rotation": 270, "texture": "#4"},
				"east": {"uv": [9, 5, 6, 3], "rotation": 90, "texture": "#4"},
				"south": {"uv": [9, 5, 6, 3], "rotation": 90, "texture": "#4"},
				"west": {"uv": [9, 5, 6, 3], "rotation": 90, "texture": "#4"},
				"up": {"uv": [9, 5, 6, 3], "rotation": 90, "texture": "#4"},
				"down": {"uv": [9, 5, 6, 3], "rotation": 180, "texture": "#4"}
			}
		},
		{
			"from": [6.17476, 5.8983, 8.48495],
			"to": [6.48724, 6.3015, 8.84495],
			"rotation": {"angle": 0, "axis": "y", "origin": [8, 6.0999, 9.96495]},
			"faces": {
				"north": {"uv": [16, 16, 0, 0], "rotation": 90, "texture": "#5"},
				"east": {"uv": [16, 16, 0, 0], "rotation": 270, "texture": "#5"},
				"south": {"uv": [16, 16, 0, 0], "rotation": 90, "texture": "#5"},
				"west": {"uv": [16, 16, 0, 0], "rotation": 90, "texture": "#5"},
				"up": {"uv": [16, 16, 0, 0], "rotation": 180, "texture": "#5"},
				"down": {"uv": [16, 16, 0, 0], "rotation": 90, "texture": "#5"}
			}
		},
		{
			"from": [7.22, 7.0799, 10.11495],
			"to": [8.68, 8.3799, 11.61495],
			"rotation": {"angle": 0, "axis": "y", "origin": [7.95, 7.6799, 10.16495]},
			"faces": {
				"north": {"uv": [0, 0, 16, 16], "texture": "#5"},
				"east": {"uv": [0, 1, 16, 16], "rotation": 90, "texture": "#4"},
				"south": {"uv": [0, 1, 16, 16], "texture": "#5"},
				"west": {"uv": [0, 1, 16, 16], "rotation": 270, "texture": "#4"},
				"up": {"uv": [0, 16, 16, 1], "rotation": 180, "texture": "#4"},
				"down": {"uv": [0, 0, 1.46, 4.1], "texture": "#missing"}
			}
		},
		{
			"from": [7.22, 7.0799, 8.61495],
			"to": [8.68, 8.3799, 10.11495],
			"rotation": {"angle": 0, "axis": "y", "origin": [7.95, 7.6799, 10.16495]},
			"faces": {
				"north": {"uv": [0, 0, 16, 16], "texture": "#5"},
				"east": {"uv": [0, 0, 16, 15], "rotation": 90, "texture": "#4"},
				"south": {"uv": [0, 0, 16, 16], "texture": "#5"},
				"west": {"uv": [0, 0, 16, 15], "rotation": 270, "texture": "#4"},
				"up": {"uv": [0, 1, 16, 16], "rotation": 180, "texture": "#4"},
				"down": {"uv": [0, 0, 1.46, 4.1], "texture": "#missing"}
			}
		},
		{
			"from": [7.6, 7.8976, 10.7922],
			"to": [7.6, 8.3024, 12.1078],
			"rotation": {"angle": 0, "axis": "y", "origin": [8, 7.716, 11.414]},
			"faces": {
				"north": {"uv": [8, 0, 0, 2.5], "texture": "#6"},
				"east": {"uv": [0, 0, 8, 2.5], "texture": "#6"},
				"south": {"uv": [8, 0, 0, 2.5], "texture": "#6"},
				"west": {"uv": [8, 2.5, 0, 0], "texture": "#6"},
				"up": {"uv": [8, 0, 0, 2.5], "texture": "#6"},
				"down": {"uv": [8, 0, 0, 2.5], "texture": "#6"}
			}
		},
		{
			"from": [7.3976, 8.1, 10.7922],
			"to": [7.8024, 8.1, 12.1078],
			"rotation": {"angle": 0, "axis": "y", "origin": [8, 7.716, 11.414]},
			"faces": {
				"north": {"uv": [8, 0, 0, 2.5], "rotation": 90, "texture": "#6"},
				"east": {"uv": [8, 0, 0, 2.5], "rotation": 270, "texture": "#6"},
				"south": {"uv": [8, 0, 0, 2.5], "rotation": 270, "texture": "#6"},
				"west": {"uv": [8, 0, 0, 2.5], "rotation": 270, "texture": "#6"},
				"up": {"uv": [0, 0, 8, 2.5], "rotation": 270, "texture": "#6"},
				"down": {"uv": [8, 2.5, 0, 0], "rotation": 270, "texture": "#6"}
			}
		},
		{
			"from": [7.6, 7.8976, 10.7922],
			"to": [7.6, 8.3024, 12.1078],
			"rotation": {"angle": 0, "axis": "y", "origin": [8, 7.716, 11.414]},
			"faces": {
				"north": {"uv": [8, 0, 0, 2.5], "texture": "#6"},
				"east": {"uv": [0, 0, 8, 2.5], "texture": "#6"},
				"south": {"uv": [8, 0, 0, 2.5], "texture": "#6"},
				"west": {"uv": [8, 2.5, 0, 0], "texture": "#6"},
				"up": {"uv": [8, 0, 0, 2.5], "texture": "#6"},
				"down": {"uv": [8, 0, 0, 2.5], "texture": "#6"}
			}
		},
		{
			"from": [7.3976, 8.1, 10.7922],
			"to": [7.8024, 8.1, 12.1078],
			"rotation": {"angle": 0, "axis": "y", "origin": [8, 7.716, 11.414]},
			"faces": {
				"north": {"uv": [8, 0, 0, 2.5], "rotation": 90, "texture": "#6"},
				"east": {"uv": [8, 0, 0, 2.5], "rotation": 270, "texture": "#6"},
				"south": {"uv": [8, 0, 0, 2.5], "rotation": 270, "texture": "#6"},
				"west": {"uv": [8, 0, 0, 2.5], "rotation": 270, "texture": "#6"},
				"up": {"uv": [0, 0, 8, 2.5], "rotation": 270, "texture": "#6"},
				"down": {"uv": [8, 2.5, 0, 0], "rotation": 270, "texture": "#6"}
			}
		},
		{
			"from": [7.6, 7.8976, 10.7922],
			"to": [7.6, 8.3024, 12.1078],
			"rotation": {"angle": 0, "axis": "y", "origin": [8, 7.716, 11.414]},
			"faces": {
				"north": {"uv": [8, 0, 0, 2.5], "texture": "#6"},
				"east": {"uv": [0, 0, 8, 2.5], "texture": "#6"},
				"south": {"uv": [8, 0, 0, 2.5], "texture": "#6"},
				"west": {"uv": [8, 2.5, 0, 0], "texture": "#6"},
				"up": {"uv": [8, 0, 0, 2.5], "texture": "#6"},
				"down": {"uv": [8, 0, 0, 2.5], "texture": "#6"}
			}
		},
		{
			"from": [7.3976, 8.1, 10.7922],
			"to": [7.8024, 8.1, 12.1078],
			"rotation": {"angle": 0, "axis": "y", "origin": [8, 7.716, 11.414]},
			"faces": {
				"north": {"uv": [8, 0, 0, 2.5], "rotation": 90, "texture": "#6"},
				"east": {"uv": [8, 0, 0, 2.5], "rotation": 270, "texture": "#6"},
				"south": {"uv": [8, 0, 0, 2.5], "rotation": 270, "texture": "#6"},
				"west": {"uv": [8, 0, 0, 2.5], "rotation": 270, "texture": "#6"},
				"up": {"uv": [0, 0, 8, 2.5], "rotation": 270, "texture": "#6"},
				"down": {"uv": [8, 2.5, 0, 0], "rotation": 270, "texture": "#6"}
			}
		},
		{
			"from": [8, 7.8976, 10.7922],
			"to": [8, 8.3024, 12.1078],
			"rotation": {"angle": 0, "axis": "y", "origin": [8, 7.716, 11.414]},
			"faces": {
				"north": {"uv": [8, 0, 0, 2.5], "texture": "#6"},
				"east": {"uv": [0, 0, 8, 2.5], "texture": "#6"},
				"south": {"uv": [8, 0, 0, 2.5], "texture": "#6"},
				"west": {"uv": [8, 2.5, 0, 0], "texture": "#6"},
				"up": {"uv": [8, 0, 0, 2.5], "texture": "#6"},
				"down": {"uv": [8, 0, 0, 2.5], "texture": "#6"}
			}
		},
		{
			"from": [7.7976, 8.1, 10.7922],
			"to": [8.2024, 8.1, 12.1078],
			"rotation": {"angle": 0, "axis": "y", "origin": [8, 7.716, 11.414]},
			"faces": {
				"north": {"uv": [8, 0, 0, 2.5], "rotation": 90, "texture": "#6"},
				"east": {"uv": [8, 0, 0, 2.5], "rotation": 270, "texture": "#6"},
				"south": {"uv": [8, 0, 0, 2.5], "rotation": 270, "texture": "#6"},
				"west": {"uv": [8, 0, 0, 2.5], "rotation": 270, "texture": "#6"},
				"up": {"uv": [0, 0, 8, 2.5], "rotation": 270, "texture": "#6"},
				"down": {"uv": [8, 2.5, 0, 0], "rotation": 270, "texture": "#6"}
			}
		},
		{
			"from": [8, 7.8976, 10.7922],
			"to": [8, 8.3024, 12.1078],
			"rotation": {"angle": 0, "axis": "y", "origin": [8, 7.716, 11.414]},
			"faces": {
				"north": {"uv": [8, 0, 0, 2.5], "texture": "#6"},
				"east": {"uv": [0, 0, 8, 2.5], "texture": "#6"},
				"south": {"uv": [8, 0, 0, 2.5], "texture": "#6"},
				"west": {"uv": [8, 2.5, 0, 0], "texture": "#6"},
				"up": {"uv": [8, 0, 0, 2.5], "texture": "#6"},
				"down": {"uv": [8, 0, 0, 2.5], "texture": "#6"}
			}
		},
		{
			"from": [7.7976, 8.1, 10.7922],
			"to": [8.2024, 8.1, 12.1078],
			"rotation": {"angle": 0, "axis": "y", "origin": [8, 7.716, 11.414]},
			"faces": {
				"north": {"uv": [8, 0, 0, 2.5], "rotation": 90, "texture": "#6"},
				"east": {"uv": [8, 0, 0, 2.5], "rotation": 270, "texture": "#6"},
				"south": {"uv": [8, 0, 0, 2.5], "rotation": 270, "texture": "#6"},
				"west": {"uv": [8, 0, 0, 2.5], "rotation": 270, "texture": "#6"},
				"up": {"uv": [0, 0, 8, 2.5], "rotation": 270, "texture": "#6"},
				"down": {"uv": [8, 2.5, 0, 0], "rotation": 270, "texture": "#6"}
			}
		},
		{
			"from": [8, 7.8976, 10.7922],
			"to": [8, 8.3024, 12.1078],
			"rotation": {"angle": 0, "axis": "y", "origin": [8, 7.716, 11.414]},
			"faces": {
				"north": {"uv": [8, 0, 0, 2.5], "texture": "#6"},
				"east": {"uv": [0, 0, 8, 2.5], "texture": "#6"},
				"south": {"uv": [8, 0, 0, 2.5], "texture": "#6"},
				"west": {"uv": [8, 2.5, 0, 0], "texture": "#6"},
				"up": {"uv": [8, 0, 0, 2.5], "texture": "#6"},
				"down": {"uv": [8, 0, 0, 2.5], "texture": "#6"}
			}
		},
		{
			"from": [7.7976, 8.1, 10.7922],
			"to": [8.2024, 8.1, 12.1078],
			"rotation": {"angle": 0, "axis": "y", "origin": [8, 7.716, 11.414]},
			"faces": {
				"north": {"uv": [8, 0, 0, 2.5], "rotation": 90, "texture": "#6"},
				"east": {"uv": [8, 0, 0, 2.5], "rotation": 270, "texture": "#6"},
				"south": {"uv": [8, 0, 0, 2.5], "rotation": 270, "texture": "#6"},
				"west": {"uv": [8, 0, 0, 2.5], "rotation": 270, "texture": "#6"},
				"up": {"uv": [0, 0, 8, 2.5], "rotation": 270, "texture": "#6"},
				"down": {"uv": [8, 2.5, 0, 0], "rotation": 270, "texture": "#6"}
			}
		},
		{
			"from": [8.4, 7.8976, 10.7922],
			"to": [8.4, 8.3024, 12.1078],
			"rotation": {"angle": 0, "axis": "y", "origin": [8, 7.716, 11.414]},
			"faces": {
				"north": {"uv": [8, 0, 0, 2.5], "texture": "#6"},
				"east": {"uv": [0, 0, 8, 2.5], "texture": "#6"},
				"south": {"uv": [8, 0, 0, 2.5], "texture": "#6"},
				"west": {"uv": [8, 2.5, 0, 0], "texture": "#6"},
				"up": {"uv": [8, 0, 0, 2.5], "texture": "#6"},
				"down": {"uv": [8, 0, 0, 2.5], "texture": "#6"}
			}
		},
		{
			"from": [8.1976, 8.1, 10.7922],
			"to": [8.6024, 8.1, 12.1078],
			"rotation": {"angle": 0, "axis": "y", "origin": [8, 7.716, 11.414]},
			"faces": {
				"north": {"uv": [8, 0, 0, 2.5], "rotation": 90, "texture": "#6"},
				"east": {"uv": [8, 0, 0, 2.5], "rotation": 270, "texture": "#6"},
				"south": {"uv": [8, 0, 0, 2.5], "rotation": 270, "texture": "#6"},
				"west": {"uv": [8, 0, 0, 2.5], "rotation": 270, "texture": "#6"},
				"up": {"uv": [0, 0, 8, 2.5], "rotation": 270, "texture": "#6"},
				"down": {"uv": [8, 2.5, 0, 0], "rotation": 270, "texture": "#6"}
			}
		},
		{
			"from": [8.4, 7.8976, 10.7922],
			"to": [8.4, 8.3024, 12.1078],
			"rotation": {"angle": 0, "axis": "y", "origin": [8, 7.716, 11.414]},
			"faces": {
				"north": {"uv": [8, 0, 0, 2.5], "texture": "#6"},
				"east": {"uv": [0, 0, 8, 2.5], "texture": "#6"},
				"south": {"uv": [8, 0, 0, 2.5], "texture": "#6"},
				"west": {"uv": [8, 2.5, 0, 0], "texture": "#6"},
				"up": {"uv": [8, 0, 0, 2.5], "texture": "#6"},
				"down": {"uv": [8, 0, 0, 2.5], "texture": "#6"}
			}
		},
		{
			"from": [8.1976, 8.1, 10.7922],
			"to": [8.6024, 8.1, 12.1078],
			"rotation": {"angle": 0, "axis": "y", "origin": [8, 7.716, 11.414]},
			"faces": {
				"north": {"uv": [8, 0, 0, 2.5], "rotation": 90, "texture": "#6"},
				"east": {"uv": [8, 0, 0, 2.5], "rotation": 270, "texture": "#6"},
				"south": {"uv": [8, 0, 0, 2.5], "rotation": 270, "texture": "#6"},
				"west": {"uv": [8, 0, 0, 2.5], "rotation": 270, "texture": "#6"},
				"up": {"uv": [0, 0, 8, 2.5], "rotation": 270, "texture": "#6"},
				"down": {"uv": [8, 2.5, 0, 0], "rotation": 270, "texture": "#6"}
			}
		},
		{
			"from": [8.4, 7.8976, 10.7922],
			"to": [8.4, 8.3024, 12.1078],
			"rotation": {"angle": 0, "axis": "y", "origin": [8, 7.716, 11.414]},
			"faces": {
				"north": {"uv": [8, 0, 0, 2.5], "texture": "#6"},
				"east": {"uv": [0, 0, 8, 2.5], "texture": "#6"},
				"south": {"uv": [8, 0, 0, 2.5], "texture": "#6"},
				"west": {"uv": [8, 2.5, 0, 0], "texture": "#6"},
				"up": {"uv": [8, 0, 0, 2.5], "texture": "#6"},
				"down": {"uv": [8, 0, 0, 2.5], "texture": "#6"}
			}
		},
		{
			"from": [8.1976, 8.1, 10.7922],
			"to": [8.6024, 8.1, 12.1078],
			"rotation": {"angle": 0, "axis": "y", "origin": [8, 7.716, 11.414]},
			"faces": {
				"north": {"uv": [8, 0, 0, 2.5], "rotation": 90, "texture": "#6"},
				"east": {"uv": [8, 0, 0, 2.5], "rotation": 270, "texture": "#6"},
				"south": {"uv": [8, 0, 0, 2.5], "rotation": 270, "texture": "#6"},
				"west": {"uv": [8, 0, 0, 2.5], "rotation": 270, "texture": "#6"},
				"up": {"uv": [0, 0, 8, 2.5], "rotation": 270, "texture": "#6"},
				"down": {"uv": [8, 2.5, 0, 0], "rotation": 270, "texture": "#6"}
			}
		},
		{
			"from": [7.6, 7.4976, 10.7922],
			"to": [7.6, 7.9024, 12.1078],
			"rotation": {"angle": 0, "axis": "y", "origin": [8, 7.7, 12.15]},
			"faces": {
				"north": {"uv": [8, 0, 0, 2.5], "texture": "#6"},
				"east": {"uv": [0, 0, 8, 2.5], "texture": "#6"},
				"south": {"uv": [8, 0, 0, 2.5], "texture": "#6"},
				"west": {"uv": [8, 2.5, 0, 0], "texture": "#6"},
				"up": {"uv": [8, 0, 0, 2.5], "texture": "#6"},
				"down": {"uv": [8, 0, 0, 2.5], "texture": "#6"}
			}
		},
		{
			"from": [7.3976, 7.7, 10.7922],
			"to": [7.8024, 7.7, 12.1078],
			"rotation": {"angle": 0, "axis": "y", "origin": [8, 7.7, 12.15]},
			"faces": {
				"north": {"uv": [8, 0, 0, 2.5], "rotation": 90, "texture": "#6"},
				"east": {"uv": [8, 0, 0, 2.5], "rotation": 270, "texture": "#6"},
				"south": {"uv": [8, 0, 0, 2.5], "rotation": 270, "texture": "#6"},
				"west": {"uv": [8, 0, 0, 2.5], "rotation": 270, "texture": "#6"},
				"up": {"uv": [0, 0, 8, 2.5], "rotation": 270, "texture": "#6"},
				"down": {"uv": [8, 2.5, 0, 0], "rotation": 270, "texture": "#6"}
			}
		},
		{
			"from": [7.6, 7.4976, 10.7922],
			"to": [7.6, 7.9024, 12.1078],
			"rotation": {"angle": 0, "axis": "y", "origin": [8, 7.7, 12.15]},
			"faces": {
				"north": {"uv": [8, 0, 0, 2.5], "texture": "#6"},
				"east": {"uv": [0, 0, 8, 2.5], "texture": "#6"},
				"south": {"uv": [8, 0, 0, 2.5], "texture": "#6"},
				"west": {"uv": [8, 2.5, 0, 0], "texture": "#6"},
				"up": {"uv": [8, 0, 0, 2.5], "texture": "#6"},
				"down": {"uv": [8, 0, 0, 2.5], "texture": "#6"}
			}
		},
		{
			"from": [7.3976, 7.7, 10.7922],
			"to": [7.8024, 7.7, 12.1078],
			"rotation": {"angle": 0, "axis": "y", "origin": [8, 7.7, 12.15]},
			"faces": {
				"north": {"uv": [8, 0, 0, 2.5], "rotation": 90, "texture": "#6"},
				"east": {"uv": [8, 0, 0, 2.5], "rotation": 270, "texture": "#6"},
				"south": {"uv": [8, 0, 0, 2.5], "rotation": 270, "texture": "#6"},
				"west": {"uv": [8, 0, 0, 2.5], "rotation": 270, "texture": "#6"},
				"up": {"uv": [0, 0, 8, 2.5], "rotation": 270, "texture": "#6"},
				"down": {"uv": [8, 2.5, 0, 0], "rotation": 270, "texture": "#6"}
			}
		},
		{
			"from": [7.6, 7.4976, 10.7922],
			"to": [7.6, 7.9024, 12.1078],
			"rotation": {"angle": 0, "axis": "y", "origin": [8, 7.7, 12.15]},
			"faces": {
				"north": {"uv": [8, 0, 0, 2.5], "texture": "#6"},
				"east": {"uv": [0, 0, 8, 2.5], "texture": "#6"},
				"south": {"uv": [8, 0, 0, 2.5], "texture": "#6"},
				"west": {"uv": [8, 2.5, 0, 0], "texture": "#6"},
				"up": {"uv": [8, 0, 0, 2.5], "texture": "#6"},
				"down": {"uv": [8, 0, 0, 2.5], "texture": "#6"}
			}
		},
		{
			"from": [7.3976, 7.7, 10.7922],
			"to": [7.8024, 7.7, 12.1078],
			"rotation": {"angle": 0, "axis": "y", "origin": [8, 7.7, 12.15]},
			"faces": {
				"north": {"uv": [8, 0, 0, 2.5], "rotation": 90, "texture": "#6"},
				"east": {"uv": [8, 0, 0, 2.5], "rotation": 270, "texture": "#6"},
				"south": {"uv": [8, 0, 0, 2.5], "rotation": 270, "texture": "#6"},
				"west": {"uv": [8, 0, 0, 2.5], "rotation": 270, "texture": "#6"},
				"up": {"uv": [0, 0, 8, 2.5], "rotation": 270, "texture": "#6"},
				"down": {"uv": [8, 2.5, 0, 0], "rotation": 270, "texture": "#6"}
			}
		},
		{
			"from": [8, 7.4976, 10.7922],
			"to": [8, 7.9024, 12.1078],
			"rotation": {"angle": 0, "axis": "y", "origin": [8, 7.7, 12.15]},
			"faces": {
				"north": {"uv": [8, 0, 0, 2.5], "texture": "#6"},
				"east": {"uv": [0, 0, 8, 2.5], "texture": "#6"},
				"south": {"uv": [8, 0, 0, 2.5], "texture": "#6"},
				"west": {"uv": [8, 2.5, 0, 0], "texture": "#6"},
				"up": {"uv": [8, 0, 0, 2.5], "texture": "#6"},
				"down": {"uv": [8, 0, 0, 2.5], "texture": "#6"}
			}
		},
		{
			"from": [7.7976, 7.7, 10.7922],
			"to": [8.2024, 7.7, 12.1078],
			"rotation": {"angle": 0, "axis": "y", "origin": [8, 7.7, 12.15]},
			"faces": {
				"north": {"uv": [8, 0, 0, 2.5], "rotation": 90, "texture": "#6"},
				"east": {"uv": [8, 0, 0, 2.5], "rotation": 270, "texture": "#6"},
				"south": {"uv": [8, 0, 0, 2.5], "rotation": 270, "texture": "#6"},
				"west": {"uv": [8, 0, 0, 2.5], "rotation": 270, "texture": "#6"},
				"up": {"uv": [0, 0, 8, 2.5], "rotation": 270, "texture": "#6"},
				"down": {"uv": [8, 2.5, 0, 0], "rotation": 270, "texture": "#6"}
			}
		},
		{
			"from": [8, 7.4976, 10.7922],
			"to": [8, 7.9024, 12.1078],
			"rotation": {"angle": 0, "axis": "y", "origin": [8, 7.7, 12.15]},
			"faces": {
				"north": {"uv": [8, 0, 0, 2.5], "texture": "#6"},
				"east": {"uv": [0, 0, 8, 2.5], "texture": "#6"},
				"south": {"uv": [8, 0, 0, 2.5], "texture": "#6"},
				"west": {"uv": [8, 2.5, 0, 0], "texture": "#6"},
				"up": {"uv": [8, 0, 0, 2.5], "texture": "#6"},
				"down": {"uv": [8, 0, 0, 2.5], "texture": "#6"}
			}
		},
		{
			"from": [7.7976, 7.7, 10.7922],
			"to": [8.2024, 7.7, 12.1078],
			"rotation": {"angle": 0, "axis": "y", "origin": [8, 7.7, 12.15]},
			"faces": {
				"north": {"uv": [8, 0, 0, 2.5], "rotation": 90, "texture": "#6"},
				"east": {"uv": [8, 0, 0, 2.5], "rotation": 270, "texture": "#6"},
				"south": {"uv": [8, 0, 0, 2.5], "rotation": 270, "texture": "#6"},
				"west": {"uv": [8, 0, 0, 2.5], "rotation": 270, "texture": "#6"},
				"up": {"uv": [0, 0, 8, 2.5], "rotation": 270, "texture": "#6"},
				"down": {"uv": [8, 2.5, 0, 0], "rotation": 270, "texture": "#6"}
			}
		},
		{
			"from": [8, 7.4976, 10.7922],
			"to": [8, 7.9024, 12.1078],
			"rotation": {"angle": 0, "axis": "y", "origin": [8, 7.7, 12.15]},
			"faces": {
				"north": {"uv": [8, 0, 0, 2.5], "texture": "#6"},
				"east": {"uv": [0, 0, 8, 2.5], "texture": "#6"},
				"south": {"uv": [8, 0, 0, 2.5], "texture": "#6"},
				"west": {"uv": [8, 2.5, 0, 0], "texture": "#6"},
				"up": {"uv": [8, 0, 0, 2.5], "texture": "#6"},
				"down": {"uv": [8, 0, 0, 2.5], "texture": "#6"}
			}
		},
		{
			"from": [7.7976, 7.7, 10.7922],
			"to": [8.2024, 7.7, 12.1078],
			"rotation": {"angle": 0, "axis": "y", "origin": [8, 7.7, 12.15]},
			"faces": {
				"north": {"uv": [8, 0, 0, 2.5], "rotation": 90, "texture": "#6"},
				"east": {"uv": [8, 0, 0, 2.5], "rotation": 270, "texture": "#6"},
				"south": {"uv": [8, 0, 0, 2.5], "rotation": 270, "texture": "#6"},
				"west": {"uv": [8, 0, 0, 2.5], "rotation": 270, "texture": "#6"},
				"up": {"uv": [0, 0, 8, 2.5], "rotation": 270, "texture": "#6"},
				"down": {"uv": [8, 2.5, 0, 0], "rotation": 270, "texture": "#6"}
			}
		},
		{
			"from": [8.4, 7.4976, 10.7922],
			"to": [8.4, 7.9024, 12.1078],
			"rotation": {"angle": 0, "axis": "y", "origin": [8, 7.7, 12.15]},
			"faces": {
				"north": {"uv": [8, 0, 0, 2.5], "texture": "#6"},
				"east": {"uv": [0, 0, 8, 2.5], "texture": "#6"},
				"south": {"uv": [8, 0, 0, 2.5], "texture": "#6"},
				"west": {"uv": [8, 2.5, 0, 0], "texture": "#6"},
				"up": {"uv": [8, 0, 0, 2.5], "texture": "#6"},
				"down": {"uv": [8, 0, 0, 2.5], "texture": "#6"}
			}
		},
		{
			"from": [8.1976, 7.7, 10.7922],
			"to": [8.6024, 7.7, 12.1078],
			"rotation": {"angle": 0, "axis": "y", "origin": [8, 7.7, 12.15]},
			"faces": {
				"north": {"uv": [8, 0, 0, 2.5], "rotation": 90, "texture": "#6"},
				"east": {"uv": [8, 0, 0, 2.5], "rotation": 270, "texture": "#6"},
				"south": {"uv": [8, 0, 0, 2.5], "rotation": 270, "texture": "#6"},
				"west": {"uv": [8, 0, 0, 2.5], "rotation": 270, "texture": "#6"},
				"up": {"uv": [0, 0, 8, 2.5], "rotation": 270, "texture": "#6"},
				"down": {"uv": [8, 2.5, 0, 0], "rotation": 270, "texture": "#6"}
			}
		},
		{
			"from": [8.4, 7.4976, 10.7922],
			"to": [8.4, 7.9024, 12.1078],
			"rotation": {"angle": 0, "axis": "y", "origin": [8, 7.7, 12.15]},
			"faces": {
				"north": {"uv": [8, 0, 0, 2.5], "texture": "#6"},
				"east": {"uv": [0, 0, 8, 2.5], "texture": "#6"},
				"south": {"uv": [8, 0, 0, 2.5], "texture": "#6"},
				"west": {"uv": [8, 2.5, 0, 0], "texture": "#6"},
				"up": {"uv": [8, 0, 0, 2.5], "texture": "#6"},
				"down": {"uv": [8, 0, 0, 2.5], "texture": "#6"}
			}
		},
		{
			"from": [8.1976, 7.7, 10.7922],
			"to": [8.6024, 7.7, 12.1078],
			"rotation": {"angle": 0, "axis": "y", "origin": [8, 7.7, 12.15]},
			"faces": {
				"north": {"uv": [8, 0, 0, 2.5], "rotation": 90, "texture": "#6"},
				"east": {"uv": [8, 0, 0, 2.5], "rotation": 270, "texture": "#6"},
				"south": {"uv": [8, 0, 0, 2.5], "rotation": 270, "texture": "#6"},
				"west": {"uv": [8, 0, 0, 2.5], "rotation": 270, "texture": "#6"},
				"up": {"uv": [0, 0, 8, 2.5], "rotation": 270, "texture": "#6"},
				"down": {"uv": [8, 2.5, 0, 0], "rotation": 270, "texture": "#6"}
			}
		},
		{
			"from": [8.4, 7.4976, 10.7922],
			"to": [8.4, 7.9024, 12.1078],
			"rotation": {"angle": 0, "axis": "y", "origin": [8, 7.7, 12.15]},
			"faces": {
				"north": {"uv": [8, 0, 0, 2.5], "texture": "#6"},
				"east": {"uv": [0, 0, 8, 2.5], "texture": "#6"},
				"south": {"uv": [8, 0, 0, 2.5], "texture": "#6"},
				"west": {"uv": [8, 2.5, 0, 0], "texture": "#6"},
				"up": {"uv": [8, 0, 0, 2.5], "texture": "#6"},
				"down": {"uv": [8, 0, 0, 2.5], "texture": "#6"}
			}
		},
		{
			"from": [8.1976, 7.7, 10.7922],
			"to": [8.6024, 7.7, 12.1078],
			"rotation": {"angle": 0, "axis": "y", "origin": [8, 7.7, 12.15]},
			"faces": {
				"north": {"uv": [8, 0, 0, 2.5], "rotation": 90, "texture": "#6"},
				"east": {"uv": [8, 0, 0, 2.5], "rotation": 270, "texture": "#6"},
				"south": {"uv": [8, 0, 0, 2.5], "rotation": 270, "texture": "#6"},
				"west": {"uv": [8, 0, 0, 2.5], "rotation": 270, "texture": "#6"},
				"up": {"uv": [0, 0, 8, 2.5], "rotation": 270, "texture": "#6"},
				"down": {"uv": [8, 2.5, 0, 0], "rotation": 270, "texture": "#6"}
			}
		},
		{
			"from": [7.6, 7.1976, 10.7922],
			"to": [7.6, 7.6024, 12.1078],
			"rotation": {"angle": 0, "axis": "y", "origin": [8, 7.7, 12.15]},
			"faces": {
				"north": {"uv": [8, 0, 0, 2.5], "texture": "#6"},
				"east": {"uv": [0, 0, 8, 2.5], "texture": "#6"},
				"south": {"uv": [8, 0, 0, 2.5], "texture": "#6"},
				"west": {"uv": [8, 2.5, 0, 0], "texture": "#6"},
				"up": {"uv": [8, 0, 0, 2.5], "texture": "#6"},
				"down": {"uv": [8, 0, 0, 2.5], "texture": "#6"}
			}
		},
		{
			"from": [7.3976, 7.4, 10.7922],
			"to": [7.8024, 7.4, 12.1078],
			"rotation": {"angle": 0, "axis": "y", "origin": [8, 7.7, 12.15]},
			"faces": {
				"north": {"uv": [8, 0, 0, 2.5], "rotation": 90, "texture": "#6"},
				"east": {"uv": [8, 0, 0, 2.5], "rotation": 270, "texture": "#6"},
				"south": {"uv": [8, 0, 0, 2.5], "rotation": 270, "texture": "#6"},
				"west": {"uv": [8, 0, 0, 2.5], "rotation": 270, "texture": "#6"},
				"up": {"uv": [0, 0, 8, 2.5], "rotation": 270, "texture": "#6"},
				"down": {"uv": [8, 2.5, 0, 0], "rotation": 270, "texture": "#6"}
			}
		},
		{
			"from": [7.6, 7.1976, 10.7922],
			"to": [7.6, 7.6024, 12.1078],
			"rotation": {"angle": 0, "axis": "y", "origin": [8, 7.7, 12.15]},
			"faces": {
				"north": {"uv": [8, 0, 0, 2.5], "texture": "#6"},
				"east": {"uv": [0, 0, 8, 2.5], "texture": "#6"},
				"south": {"uv": [8, 0, 0, 2.5], "texture": "#6"},
				"west": {"uv": [8, 2.5, 0, 0], "texture": "#6"},
				"up": {"uv": [8, 0, 0, 2.5], "texture": "#6"},
				"down": {"uv": [8, 0, 0, 2.5], "texture": "#6"}
			}
		},
		{
			"from": [7.3976, 7.4, 10.7922],
			"to": [7.8024, 7.4, 12.1078],
			"rotation": {"angle": 0, "axis": "y", "origin": [8, 7.7, 12.15]},
			"faces": {
				"north": {"uv": [8, 0, 0, 2.5], "rotation": 90, "texture": "#6"},
				"east": {"uv": [8, 0, 0, 2.5], "rotation": 270, "texture": "#6"},
				"south": {"uv": [8, 0, 0, 2.5], "rotation": 270, "texture": "#6"},
				"west": {"uv": [8, 0, 0, 2.5], "rotation": 270, "texture": "#6"},
				"up": {"uv": [0, 0, 8, 2.5], "rotation": 270, "texture": "#6"},
				"down": {"uv": [8, 2.5, 0, 0], "rotation": 270, "texture": "#6"}
			}
		},
		{
			"from": [7.6, 7.1976, 10.7922],
			"to": [7.6, 7.6024, 12.1078],
			"rotation": {"angle": 0, "axis": "y", "origin": [8, 7.7, 12.15]},
			"faces": {
				"north": {"uv": [8, 0, 0, 2.5], "texture": "#6"},
				"east": {"uv": [0, 0, 8, 2.5], "texture": "#6"},
				"south": {"uv": [8, 0, 0, 2.5], "texture": "#6"},
				"west": {"uv": [8, 2.5, 0, 0], "texture": "#6"},
				"up": {"uv": [8, 0, 0, 2.5], "texture": "#6"},
				"down": {"uv": [8, 0, 0, 2.5], "texture": "#6"}
			}
		},
		{
			"from": [7.3976, 7.4, 10.7922],
			"to": [7.8024, 7.4, 12.1078],
			"rotation": {"angle": 0, "axis": "y", "origin": [8, 7.7, 12.15]},
			"faces": {
				"north": {"uv": [8, 0, 0, 2.5], "rotation": 90, "texture": "#6"},
				"east": {"uv": [8, 0, 0, 2.5], "rotation": 270, "texture": "#6"},
				"south": {"uv": [8, 0, 0, 2.5], "rotation": 270, "texture": "#6"},
				"west": {"uv": [8, 0, 0, 2.5], "rotation": 270, "texture": "#6"},
				"up": {"uv": [0, 0, 8, 2.5], "rotation": 270, "texture": "#6"},
				"down": {"uv": [8, 2.5, 0, 0], "rotation": 270, "texture": "#6"}
			}
		},
		{
			"from": [8, 7.1976, 10.7922],
			"to": [8, 7.6024, 12.1078],
			"rotation": {"angle": 0, "axis": "y", "origin": [8, 7.7, 12.15]},
			"faces": {
				"north": {"uv": [8, 0, 0, 2.5], "texture": "#6"},
				"east": {"uv": [0, 0, 8, 2.5], "texture": "#6"},
				"south": {"uv": [8, 0, 0, 2.5], "texture": "#6"},
				"west": {"uv": [8, 2.5, 0, 0], "texture": "#6"},
				"up": {"uv": [8, 0, 0, 2.5], "texture": "#6"},
				"down": {"uv": [8, 0, 0, 2.5], "texture": "#6"}
			}
		},
		{
			"from": [7.7976, 7.4, 10.7922],
			"to": [8.2024, 7.4, 12.1078],
			"rotation": {"angle": 0, "axis": "y", "origin": [8, 7.7, 12.15]},
			"faces": {
				"north": {"uv": [8, 0, 0, 2.5], "rotation": 90, "texture": "#6"},
				"east": {"uv": [8, 0, 0, 2.5], "rotation": 270, "texture": "#6"},
				"south": {"uv": [8, 0, 0, 2.5], "rotation": 270, "texture": "#6"},
				"west": {"uv": [8, 0, 0, 2.5], "rotation": 270, "texture": "#6"},
				"up": {"uv": [0, 0, 8, 2.5], "rotation": 270, "texture": "#6"},
				"down": {"uv": [8, 2.5, 0, 0], "rotation": 270, "texture": "#6"}
			}
		},
		{
			"from": [8, 7.1976, 10.7922],
			"to": [8, 7.6024, 12.1078],
			"rotation": {"angle": 0, "axis": "y", "origin": [8, 7.7, 12.15]},
			"faces": {
				"north": {"uv": [8, 0, 0, 2.5], "texture": "#6"},
				"east": {"uv": [0, 0, 8, 2.5], "texture": "#6"},
				"south": {"uv": [8, 0, 0, 2.5], "texture": "#6"},
				"west": {"uv": [8, 2.5, 0, 0], "texture": "#6"},
				"up": {"uv": [8, 0, 0, 2.5], "texture": "#6"},
				"down": {"uv": [8, 0, 0, 2.5], "texture": "#6"}
			}
		},
		{
			"from": [7.7976, 7.4, 10.7922],
			"to": [8.2024, 7.4, 12.1078],
			"rotation": {"angle": 0, "axis": "y", "origin": [8, 7.7, 12.15]},
			"faces": {
				"north": {"uv": [8, 0, 0, 2.5], "rotation": 90, "texture": "#6"},
				"east": {"uv": [8, 0, 0, 2.5], "rotation": 270, "texture": "#6"},
				"south": {"uv": [8, 0, 0, 2.5], "rotation": 270, "texture": "#6"},
				"west": {"uv": [8, 0, 0, 2.5], "rotation": 270, "texture": "#6"},
				"up": {"uv": [0, 0, 8, 2.5], "rotation": 270, "texture": "#6"},
				"down": {"uv": [8, 2.5, 0, 0], "rotation": 270, "texture": "#6"}
			}
		},
		{
			"from": [8, 7.1976, 10.7922],
			"to": [8, 7.6024, 12.1078],
			"rotation": {"angle": 0, "axis": "y", "origin": [8, 7.7, 12.15]},
			"faces": {
				"north": {"uv": [8, 0, 0, 2.5], "texture": "#6"},
				"east": {"uv": [0, 0, 8, 2.5], "texture": "#6"},
				"south": {"uv": [8, 0, 0, 2.5], "texture": "#6"},
				"west": {"uv": [8, 2.5, 0, 0], "texture": "#6"},
				"up": {"uv": [8, 0, 0, 2.5], "texture": "#6"},
				"down": {"uv": [8, 0, 0, 2.5], "texture": "#6"}
			}
		},
		{
			"from": [7.7976, 7.4, 10.7922],
			"to": [8.2024, 7.4, 12.1078],
			"rotation": {"angle": 0, "axis": "y", "origin": [8, 7.7, 12.15]},
			"faces": {
				"north": {"uv": [8, 0, 0, 2.5], "rotation": 90, "texture": "#6"},
				"east": {"uv": [8, 0, 0, 2.5], "rotation": 270, "texture": "#6"},
				"south": {"uv": [8, 0, 0, 2.5], "rotation": 270, "texture": "#6"},
				"west": {"uv": [8, 0, 0, 2.5], "rotation": 270, "texture": "#6"},
				"up": {"uv": [0, 0, 8, 2.5], "rotation": 270, "texture": "#6"},
				"down": {"uv": [8, 2.5, 0, 0], "rotation": 270, "texture": "#6"}
			}
		},
		{
			"from": [8.4, 7.1976, 10.7922],
			"to": [8.4, 7.6024, 12.1078],
			"rotation": {"angle": 0, "axis": "y", "origin": [8, 7.7, 12.15]},
			"faces": {
				"north": {"uv": [8, 0, 0, 2.5], "texture": "#6"},
				"east": {"uv": [0, 0, 8, 2.5], "texture": "#6"},
				"south": {"uv": [8, 0, 0, 2.5], "texture": "#6"},
				"west": {"uv": [8, 2.5, 0, 0], "texture": "#6"},
				"up": {"uv": [8, 0, 0, 2.5], "texture": "#6"},
				"down": {"uv": [8, 0, 0, 2.5], "texture": "#6"}
			}
		},
		{
			"from": [8.1976, 7.4, 10.7922],
			"to": [8.6024, 7.4, 12.1078],
			"rotation": {"angle": 0, "axis": "y", "origin": [8, 7.7, 12.15]},
			"faces": {
				"north": {"uv": [8, 0, 0, 2.5], "rotation": 90, "texture": "#6"},
				"east": {"uv": [8, 0, 0, 2.5], "rotation": 270, "texture": "#6"},
				"south": {"uv": [8, 0, 0, 2.5], "rotation": 270, "texture": "#6"},
				"west": {"uv": [8, 0, 0, 2.5], "rotation": 270, "texture": "#6"},
				"up": {"uv": [0, 0, 8, 2.5], "rotation": 270, "texture": "#6"},
				"down": {"uv": [8, 2.5, 0, 0], "rotation": 270, "texture": "#6"}
			}
		},
		{
			"from": [8.4, 7.1976, 10.7922],
			"to": [8.4, 7.6024, 12.1078],
			"rotation": {"angle": 0, "axis": "y", "origin": [8, 7.7, 12.15]},
			"faces": {
				"north": {"uv": [8, 0, 0, 2.5], "texture": "#6"},
				"east": {"uv": [0, 0, 8, 2.5], "texture": "#6"},
				"south": {"uv": [8, 0, 0, 2.5], "texture": "#6"},
				"west": {"uv": [8, 2.5, 0, 0], "texture": "#6"},
				"up": {"uv": [8, 0, 0, 2.5], "texture": "#6"},
				"down": {"uv": [8, 0, 0, 2.5], "texture": "#6"}
			}
		},
		{
			"from": [8.1976, 7.4, 10.7922],
			"to": [8.6024, 7.4, 12.1078],
			"rotation": {"angle": 0, "axis": "y", "origin": [8, 7.7, 12.15]},
			"faces": {
				"north": {"uv": [8, 0, 0, 2.5], "rotation": 90, "texture": "#6"},
				"east": {"uv": [8, 0, 0, 2.5], "rotation": 270, "texture": "#6"},
				"south": {"uv": [8, 0, 0, 2.5], "rotation": 270, "texture": "#6"},
				"west": {"uv": [8, 0, 0, 2.5], "rotation": 270, "texture": "#6"},
				"up": {"uv": [0, 0, 8, 2.5], "rotation": 270, "texture": "#6"},
				"down": {"uv": [8, 2.5, 0, 0], "rotation": 270, "texture": "#6"}
			}
		},
		{
			"from": [8.4, 7.1976, 10.7922],
			"to": [8.4, 7.6024, 12.1078],
			"rotation": {"angle": 0, "axis": "y", "origin": [8, 7.7, 12.15]},
			"faces": {
				"north": {"uv": [8, 0, 0, 2.5], "texture": "#6"},
				"east": {"uv": [0, 0, 8, 2.5], "texture": "#6"},
				"south": {"uv": [8, 0, 0, 2.5], "texture": "#6"},
				"west": {"uv": [8, 2.5, 0, 0], "texture": "#6"},
				"up": {"uv": [8, 0, 0, 2.5], "texture": "#6"},
				"down": {"uv": [8, 0, 0, 2.5], "texture": "#6"}
			}
		},
		{
			"from": [8.1976, 7.4, 10.7922],
			"to": [8.6024, 7.4, 12.1078],
			"rotation": {"angle": 0, "axis": "y", "origin": [8, 7.7, 12.15]},
			"faces": {
				"north": {"uv": [8, 0, 0, 2.5], "rotation": 90, "texture": "#6"},
				"east": {"uv": [8, 0, 0, 2.5], "rotation": 270, "texture": "#6"},
				"south": {"uv": [8, 0, 0, 2.5], "rotation": 270, "texture": "#6"},
				"west": {"uv": [8, 0, 0, 2.5], "rotation": 270, "texture": "#6"},
				"up": {"uv": [0, 0, 8, 2.5], "rotation": 270, "texture": "#6"},
				"down": {"uv": [8, 2.5, 0, 0], "rotation": 270, "texture": "#6"}
			}
		},
		{
			"from": [7.6, 7.8976, 7.9922],
			"to": [7.6, 8.3024, 9.3078],
			"rotation": {"angle": 0, "axis": "y", "origin": [8, 7.716, 11.414]},
			"faces": {
				"north": {"uv": [8, 0, 0, 2.5], "texture": "#6"},
				"east": {"uv": [0, 0, 8, 2.5], "texture": "#6"},
				"south": {"uv": [8, 0, 0, 2.5], "texture": "#6"},
				"west": {"uv": [8, 2.5, 0, 0], "texture": "#6"},
				"up": {"uv": [8, 0, 0, 2.5], "texture": "#6"},
				"down": {"uv": [8, 0, 0, 2.5], "texture": "#6"}
			}
		},
		{
			"from": [7.3976, 8.1, 7.9922],
			"to": [7.8024, 8.1, 9.3078],
			"rotation": {"angle": 0, "axis": "y", "origin": [8, 7.716, 11.414]},
			"faces": {
				"north": {"uv": [8, 0, 0, 2.5], "rotation": 90, "texture": "#6"},
				"east": {"uv": [8, 0, 0, 2.5], "rotation": 270, "texture": "#6"},
				"south": {"uv": [8, 0, 0, 2.5], "rotation": 270, "texture": "#6"},
				"west": {"uv": [8, 0, 0, 2.5], "rotation": 270, "texture": "#6"},
				"up": {"uv": [0, 0, 8, 2.5], "rotation": 270, "texture": "#6"},
				"down": {"uv": [8, 2.5, 0, 0], "rotation": 270, "texture": "#6"}
			}
		},
		{
			"from": [7.6, 7.8976, 7.9922],
			"to": [7.6, 8.3024, 9.3078],
			"rotation": {"angle": 0, "axis": "y", "origin": [8, 7.716, 11.414]},
			"faces": {
				"north": {"uv": [8, 0, 0, 2.5], "texture": "#6"},
				"east": {"uv": [0, 0, 8, 2.5], "texture": "#6"},
				"south": {"uv": [8, 0, 0, 2.5], "texture": "#6"},
				"west": {"uv": [8, 2.5, 0, 0], "texture": "#6"},
				"up": {"uv": [8, 0, 0, 2.5], "texture": "#6"},
				"down": {"uv": [8, 0, 0, 2.5], "texture": "#6"}
			}
		},
		{
			"from": [7.3976, 8.1, 7.9922],
			"to": [7.8024, 8.1, 9.3078],
			"rotation": {"angle": 0, "axis": "y", "origin": [8, 7.716, 11.414]},
			"faces": {
				"north": {"uv": [8, 0, 0, 2.5], "rotation": 90, "texture": "#6"},
				"east": {"uv": [8, 0, 0, 2.5], "rotation": 270, "texture": "#6"},
				"south": {"uv": [8, 0, 0, 2.5], "rotation": 270, "texture": "#6"},
				"west": {"uv": [8, 0, 0, 2.5], "rotation": 270, "texture": "#6"},
				"up": {"uv": [0, 0, 8, 2.5], "rotation": 270, "texture": "#6"},
				"down": {"uv": [8, 2.5, 0, 0], "rotation": 270, "texture": "#6"}
			}
		},
		{
			"from": [7.6, 7.8976, 7.9922],
			"to": [7.6, 8.3024, 9.3078],
			"rotation": {"angle": 0, "axis": "y", "origin": [8, 7.716, 11.414]},
			"faces": {
				"north": {"uv": [8, 0, 0, 2.5], "texture": "#6"},
				"east": {"uv": [0, 0, 8, 2.5], "texture": "#6"},
				"south": {"uv": [8, 0, 0, 2.5], "texture": "#6"},
				"west": {"uv": [8, 2.5, 0, 0], "texture": "#6"},
				"up": {"uv": [8, 0, 0, 2.5], "texture": "#6"},
				"down": {"uv": [8, 0, 0, 2.5], "texture": "#6"}
			}
		},
		{
			"from": [7.3976, 8.1, 7.9922],
			"to": [7.8024, 8.1, 9.3078],
			"rotation": {"angle": 0, "axis": "y", "origin": [8, 7.716, 11.414]},
			"faces": {
				"north": {"uv": [8, 0, 0, 2.5], "rotation": 90, "texture": "#6"},
				"east": {"uv": [8, 0, 0, 2.5], "rotation": 270, "texture": "#6"},
				"south": {"uv": [8, 0, 0, 2.5], "rotation": 270, "texture": "#6"},
				"west": {"uv": [8, 0, 0, 2.5], "rotation": 270, "texture": "#6"},
				"up": {"uv": [0, 0, 8, 2.5], "rotation": 270, "texture": "#6"},
				"down": {"uv": [8, 2.5, 0, 0], "rotation": 270, "texture": "#6"}
			}
		},
		{
			"from": [8, 7.8976, 7.9922],
			"to": [8, 8.3024, 9.3078],
			"rotation": {"angle": 0, "axis": "y", "origin": [8, 7.716, 11.414]},
			"faces": {
				"north": {"uv": [8, 0, 0, 2.5], "texture": "#6"},
				"east": {"uv": [0, 0, 8, 2.5], "texture": "#6"},
				"south": {"uv": [8, 0, 0, 2.5], "texture": "#6"},
				"west": {"uv": [8, 2.5, 0, 0], "texture": "#6"},
				"up": {"uv": [8, 0, 0, 2.5], "texture": "#6"},
				"down": {"uv": [8, 0, 0, 2.5], "texture": "#6"}
			}
		},
		{
			"from": [7.7976, 8.1, 7.9922],
			"to": [8.2024, 8.1, 9.3078],
			"rotation": {"angle": 0, "axis": "y", "origin": [8, 7.716, 11.414]},
			"faces": {
				"north": {"uv": [8, 0, 0, 2.5], "rotation": 90, "texture": "#6"},
				"east": {"uv": [8, 0, 0, 2.5], "rotation": 270, "texture": "#6"},
				"south": {"uv": [8, 0, 0, 2.5], "rotation": 270, "texture": "#6"},
				"west": {"uv": [8, 0, 0, 2.5], "rotation": 270, "texture": "#6"},
				"up": {"uv": [0, 0, 8, 2.5], "rotation": 270, "texture": "#6"},
				"down": {"uv": [8, 2.5, 0, 0], "rotation": 270, "texture": "#6"}
			}
		},
		{
			"from": [8, 7.8976, 7.9922],
			"to": [8, 8.3024, 9.3078],
			"rotation": {"angle": 0, "axis": "y", "origin": [8, 7.716, 11.414]},
			"faces": {
				"north": {"uv": [8, 0, 0, 2.5], "texture": "#6"},
				"east": {"uv": [0, 0, 8, 2.5], "texture": "#6"},
				"south": {"uv": [8, 0, 0, 2.5], "texture": "#6"},
				"west": {"uv": [8, 2.5, 0, 0], "texture": "#6"},
				"up": {"uv": [8, 0, 0, 2.5], "texture": "#6"},
				"down": {"uv": [8, 0, 0, 2.5], "texture": "#6"}
			}
		},
		{
			"from": [7.7976, 8.1, 7.9922],
			"to": [8.2024, 8.1, 9.3078],
			"rotation": {"angle": 0, "axis": "y", "origin": [8, 7.716, 11.414]},
			"faces": {
				"north": {"uv": [8, 0, 0, 2.5], "rotation": 90, "texture": "#6"},
				"east": {"uv": [8, 0, 0, 2.5], "rotation": 270, "texture": "#6"},
				"south": {"uv": [8, 0, 0, 2.5], "rotation": 270, "texture": "#6"},
				"west": {"uv": [8, 0, 0, 2.5], "rotation": 270, "texture": "#6"},
				"up": {"uv": [0, 0, 8, 2.5], "rotation": 270, "texture": "#6"},
				"down": {"uv": [8, 2.5, 0, 0], "rotation": 270, "texture": "#6"}
			}
		},
		{
			"from": [8, 7.8976, 7.9922],
			"to": [8, 8.3024, 9.3078],
			"rotation": {"angle": 0, "axis": "y", "origin": [8, 7.716, 11.414]},
			"faces": {
				"north": {"uv": [8, 0, 0, 2.5], "texture": "#6"},
				"east": {"uv": [0, 0, 8, 2.5], "texture": "#6"},
				"south": {"uv": [8, 0, 0, 2.5], "texture": "#6"},
				"west": {"uv": [8, 2.5, 0, 0], "texture": "#6"},
				"up": {"uv": [8, 0, 0, 2.5], "texture": "#6"},
				"down": {"uv": [8, 0, 0, 2.5], "texture": "#6"}
			}
		},
		{
			"from": [7.7976, 8.1, 7.9922],
			"to": [8.2024, 8.1, 9.3078],
			"rotation": {"angle": 0, "axis": "y", "origin": [8, 7.716, 11.414]},
			"faces": {
				"north": {"uv": [8, 0, 0, 2.5], "rotation": 90, "texture": "#6"},
				"east": {"uv": [8, 0, 0, 2.5], "rotation": 270, "texture": "#6"},
				"south": {"uv": [8, 0, 0, 2.5], "rotation": 270, "texture": "#6"},
				"west": {"uv": [8, 0, 0, 2.5], "rotation": 270, "texture": "#6"},
				"up": {"uv": [0, 0, 8, 2.5], "rotation": 270, "texture": "#6"},
				"down": {"uv": [8, 2.5, 0, 0], "rotation": 270, "texture": "#6"}
			}
		},
		{
			"from": [8.4, 7.8976, 7.9922],
			"to": [8.4, 8.3024, 9.3078],
			"rotation": {"angle": 0, "axis": "y", "origin": [8, 7.716, 11.414]},
			"faces": {
				"north": {"uv": [8, 0, 0, 2.5], "texture": "#6"},
				"east": {"uv": [0, 0, 8, 2.5], "texture": "#6"},
				"south": {"uv": [8, 0, 0, 2.5], "texture": "#6"},
				"west": {"uv": [8, 2.5, 0, 0], "texture": "#6"},
				"up": {"uv": [8, 0, 0, 2.5], "texture": "#6"},
				"down": {"uv": [8, 0, 0, 2.5], "texture": "#6"}
			}
		},
		{
			"from": [8.1976, 8.1, 7.9922],
			"to": [8.6024, 8.1, 9.3078],
			"rotation": {"angle": 0, "axis": "y", "origin": [8, 7.716, 11.414]},
			"faces": {
				"north": {"uv": [8, 0, 0, 2.5], "rotation": 90, "texture": "#6"},
				"east": {"uv": [8, 0, 0, 2.5], "rotation": 270, "texture": "#6"},
				"south": {"uv": [8, 0, 0, 2.5], "rotation": 270, "texture": "#6"},
				"west": {"uv": [8, 0, 0, 2.5], "rotation": 270, "texture": "#6"},
				"up": {"uv": [0, 0, 8, 2.5], "rotation": 270, "texture": "#6"},
				"down": {"uv": [8, 2.5, 0, 0], "rotation": 270, "texture": "#6"}
			}
		},
		{
			"from": [8.4, 7.8976, 7.9922],
			"to": [8.4, 8.3024, 9.3078],
			"rotation": {"angle": 0, "axis": "y", "origin": [8, 7.716, 11.414]},
			"faces": {
				"north": {"uv": [8, 0, 0, 2.5], "texture": "#6"},
				"east": {"uv": [0, 0, 8, 2.5], "texture": "#6"},
				"south": {"uv": [8, 0, 0, 2.5], "texture": "#6"},
				"west": {"uv": [8, 2.5, 0, 0], "texture": "#6"},
				"up": {"uv": [8, 0, 0, 2.5], "texture": "#6"},
				"down": {"uv": [8, 0, 0, 2.5], "texture": "#6"}
			}
		},
		{
			"from": [8.1976, 8.1, 7.9922],
			"to": [8.6024, 8.1, 9.3078],
			"rotation": {"angle": 0, "axis": "y", "origin": [8, 7.716, 11.414]},
			"faces": {
				"north": {"uv": [8, 0, 0, 2.5], "rotation": 90, "texture": "#6"},
				"east": {"uv": [8, 0, 0, 2.5], "rotation": 270, "texture": "#6"},
				"south": {"uv": [8, 0, 0, 2.5], "rotation": 270, "texture": "#6"},
				"west": {"uv": [8, 0, 0, 2.5], "rotation": 270, "texture": "#6"},
				"up": {"uv": [0, 0, 8, 2.5], "rotation": 270, "texture": "#6"},
				"down": {"uv": [8, 2.5, 0, 0], "rotation": 270, "texture": "#6"}
			}
		},
		{
			"from": [8.4, 7.8976, 7.9922],
			"to": [8.4, 8.3024, 9.3078],
			"rotation": {"angle": 0, "axis": "y", "origin": [8, 7.716, 11.414]},
			"faces": {
				"north": {"uv": [8, 0, 0, 2.5], "texture": "#6"},
				"east": {"uv": [0, 0, 8, 2.5], "texture": "#6"},
				"south": {"uv": [8, 0, 0, 2.5], "texture": "#6"},
				"west": {"uv": [8, 2.5, 0, 0], "texture": "#6"},
				"up": {"uv": [8, 0, 0, 2.5], "texture": "#6"},
				"down": {"uv": [8, 0, 0, 2.5], "texture": "#6"}
			}
		},
		{
			"from": [8.1976, 8.1, 7.9922],
			"to": [8.6024, 8.1, 9.3078],
			"rotation": {"angle": 0, "axis": "y", "origin": [8, 7.716, 11.414]},
			"faces": {
				"north": {"uv": [8, 0, 0, 2.5], "rotation": 90, "texture": "#6"},
				"east": {"uv": [8, 0, 0, 2.5], "rotation": 270, "texture": "#6"},
				"south": {"uv": [8, 0, 0, 2.5], "rotation": 270, "texture": "#6"},
				"west": {"uv": [8, 0, 0, 2.5], "rotation": 270, "texture": "#6"},
				"up": {"uv": [0, 0, 8, 2.5], "rotation": 270, "texture": "#6"},
				"down": {"uv": [8, 2.5, 0, 0], "rotation": 270, "texture": "#6"}
			}
		},
		{
			"from": [7.6, 7.4976, 7.9922],
			"to": [7.6, 7.9024, 9.3078],
			"rotation": {"angle": 0, "axis": "y", "origin": [8, 7.7, 12.15]},
			"faces": {
				"north": {"uv": [8, 0, 0, 2.5], "texture": "#6"},
				"east": {"uv": [0, 0, 8, 2.5], "texture": "#6"},
				"south": {"uv": [8, 0, 0, 2.5], "texture": "#6"},
				"west": {"uv": [8, 2.5, 0, 0], "texture": "#6"},
				"up": {"uv": [8, 0, 0, 2.5], "texture": "#6"},
				"down": {"uv": [8, 0, 0, 2.5], "texture": "#6"}
			}
		},
		{
			"from": [7.3976, 7.7, 7.9922],
			"to": [7.8024, 7.7, 9.3078],
			"rotation": {"angle": 0, "axis": "y", "origin": [8, 7.7, 12.15]},
			"faces": {
				"north": {"uv": [8, 0, 0, 2.5], "rotation": 90, "texture": "#6"},
				"east": {"uv": [8, 0, 0, 2.5], "rotation": 270, "texture": "#6"},
				"south": {"uv": [8, 0, 0, 2.5], "rotation": 270, "texture": "#6"},
				"west": {"uv": [8, 0, 0, 2.5], "rotation": 270, "texture": "#6"},
				"up": {"uv": [0, 0, 8, 2.5], "rotation": 270, "texture": "#6"},
				"down": {"uv": [8, 2.5, 0, 0], "rotation": 270, "texture": "#6"}
			}
		},
		{
			"from": [7.6, 7.4976, 7.9922],
			"to": [7.6, 7.9024, 9.3078],
			"rotation": {"angle": 0, "axis": "y", "origin": [8, 7.7, 12.15]},
			"faces": {
				"north": {"uv": [8, 0, 0, 2.5], "texture": "#6"},
				"east": {"uv": [0, 0, 8, 2.5], "texture": "#6"},
				"south": {"uv": [8, 0, 0, 2.5], "texture": "#6"},
				"west": {"uv": [8, 2.5, 0, 0], "texture": "#6"},
				"up": {"uv": [8, 0, 0, 2.5], "texture": "#6"},
				"down": {"uv": [8, 0, 0, 2.5], "texture": "#6"}
			}
		},
		{
			"from": [7.3976, 7.7, 7.9922],
			"to": [7.8024, 7.7, 9.3078],
			"rotation": {"angle": 0, "axis": "y", "origin": [8, 7.7, 12.15]},
			"faces": {
				"north": {"uv": [8, 0, 0, 2.5], "rotation": 90, "texture": "#6"},
				"east": {"uv": [8, 0, 0, 2.5], "rotation": 270, "texture": "#6"},
				"south": {"uv": [8, 0, 0, 2.5], "rotation": 270, "texture": "#6"},
				"west": {"uv": [8, 0, 0, 2.5], "rotation": 270, "texture": "#6"},
				"up": {"uv": [0, 0, 8, 2.5], "rotation": 270, "texture": "#6"},
				"down": {"uv": [8, 2.5, 0, 0], "rotation": 270, "texture": "#6"}
			}
		},
		{
			"from": [7.6, 7.4976, 7.9922],
			"to": [7.6, 7.9024, 9.3078],
			"rotation": {"angle": 0, "axis": "y", "origin": [8, 7.7, 12.15]},
			"faces": {
				"north": {"uv": [8, 0, 0, 2.5], "texture": "#6"},
				"east": {"uv": [0, 0, 8, 2.5], "texture": "#6"},
				"south": {"uv": [8, 0, 0, 2.5], "texture": "#6"},
				"west": {"uv": [8, 2.5, 0, 0], "texture": "#6"},
				"up": {"uv": [8, 0, 0, 2.5], "texture": "#6"},
				"down": {"uv": [8, 0, 0, 2.5], "texture": "#6"}
			}
		},
		{
			"from": [7.3976, 7.7, 7.9922],
			"to": [7.8024, 7.7, 9.3078],
			"rotation": {"angle": 0, "axis": "y", "origin": [8, 7.7, 12.15]},
			"faces": {
				"north": {"uv": [8, 0, 0, 2.5], "rotation": 90, "texture": "#6"},
				"east": {"uv": [8, 0, 0, 2.5], "rotation": 270, "texture": "#6"},
				"south": {"uv": [8, 0, 0, 2.5], "rotation": 270, "texture": "#6"},
				"west": {"uv": [8, 0, 0, 2.5], "rotation": 270, "texture": "#6"},
				"up": {"uv": [0, 0, 8, 2.5], "rotation": 270, "texture": "#6"},
				"down": {"uv": [8, 2.5, 0, 0], "rotation": 270, "texture": "#6"}
			}
		},
		{
			"from": [8, 7.4976, 7.9922],
			"to": [8, 7.9024, 9.3078],
			"rotation": {"angle": 0, "axis": "y", "origin": [8, 7.7, 12.15]},
			"faces": {
				"north": {"uv": [8, 0, 0, 2.5], "texture": "#6"},
				"east": {"uv": [0, 0, 8, 2.5], "texture": "#6"},
				"south": {"uv": [8, 0, 0, 2.5], "texture": "#6"},
				"west": {"uv": [8, 2.5, 0, 0], "texture": "#6"},
				"up": {"uv": [8, 0, 0, 2.5], "texture": "#6"},
				"down": {"uv": [8, 0, 0, 2.5], "texture": "#6"}
			}
		},
		{
			"from": [7.7976, 7.7, 7.9922],
			"to": [8.2024, 7.7, 9.3078],
			"rotation": {"angle": 0, "axis": "y", "origin": [8, 7.7, 12.15]},
			"faces": {
				"north": {"uv": [8, 0, 0, 2.5], "rotation": 90, "texture": "#6"},
				"east": {"uv": [8, 0, 0, 2.5], "rotation": 270, "texture": "#6"},
				"south": {"uv": [8, 0, 0, 2.5], "rotation": 270, "texture": "#6"},
				"west": {"uv": [8, 0, 0, 2.5], "rotation": 270, "texture": "#6"},
				"up": {"uv": [0, 0, 8, 2.5], "rotation": 270, "texture": "#6"},
				"down": {"uv": [8, 2.5, 0, 0], "rotation": 270, "texture": "#6"}
			}
		},
		{
			"from": [8, 7.4976, 7.9922],
			"to": [8, 7.9024, 9.3078],
			"rotation": {"angle": 0, "axis": "y", "origin": [8, 7.7, 12.15]},
			"faces": {
				"north": {"uv": [8, 0, 0, 2.5], "texture": "#6"},
				"east": {"uv": [0, 0, 8, 2.5], "texture": "#6"},
				"south": {"uv": [8, 0, 0, 2.5], "texture": "#6"},
				"west": {"uv": [8, 2.5, 0, 0], "texture": "#6"},
				"up": {"uv": [8, 0, 0, 2.5], "texture": "#6"},
				"down": {"uv": [8, 0, 0, 2.5], "texture": "#6"}
			}
		},
		{
			"from": [7.7976, 7.7, 7.9922],
			"to": [8.2024, 7.7, 9.3078],
			"rotation": {"angle": 0, "axis": "y", "origin": [8, 7.7, 12.15]},
			"faces": {
				"north": {"uv": [8, 0, 0, 2.5], "rotation": 90, "texture": "#6"},
				"east": {"uv": [8, 0, 0, 2.5], "rotation": 270, "texture": "#6"},
				"south": {"uv": [8, 0, 0, 2.5], "rotation": 270, "texture": "#6"},
				"west": {"uv": [8, 0, 0, 2.5], "rotation": 270, "texture": "#6"},
				"up": {"uv": [0, 0, 8, 2.5], "rotation": 270, "texture": "#6"},
				"down": {"uv": [8, 2.5, 0, 0], "rotation": 270, "texture": "#6"}
			}
		},
		{
			"from": [8, 7.4976, 7.9922],
			"to": [8, 7.9024, 9.3078],
			"rotation": {"angle": 0, "axis": "y", "origin": [8, 7.7, 12.15]},
			"faces": {
				"north": {"uv": [8, 0, 0, 2.5], "texture": "#6"},
				"east": {"uv": [0, 0, 8, 2.5], "texture": "#6"},
				"south": {"uv": [8, 0, 0, 2.5], "texture": "#6"},
				"west": {"uv": [8, 2.5, 0, 0], "texture": "#6"},
				"up": {"uv": [8, 0, 0, 2.5], "texture": "#6"},
				"down": {"uv": [8, 0, 0, 2.5], "texture": "#6"}
			}
		},
		{
			"from": [7.7976, 7.7, 7.9922],
			"to": [8.2024, 7.7, 9.3078],
			"rotation": {"angle": 0, "axis": "y", "origin": [8, 7.7, 12.15]},
			"faces": {
				"north": {"uv": [8, 0, 0, 2.5], "rotation": 90, "texture": "#6"},
				"east": {"uv": [8, 0, 0, 2.5], "rotation": 270, "texture": "#6"},
				"south": {"uv": [8, 0, 0, 2.5], "rotation": 270, "texture": "#6"},
				"west": {"uv": [8, 0, 0, 2.5], "rotation": 270, "texture": "#6"},
				"up": {"uv": [0, 0, 8, 2.5], "rotation": 270, "texture": "#6"},
				"down": {"uv": [8, 2.5, 0, 0], "rotation": 270, "texture": "#6"}
			}
		},
		{
			"from": [8.4, 7.4976, 7.9922],
			"to": [8.4, 7.9024, 9.3078],
			"rotation": {"angle": 0, "axis": "y", "origin": [8, 7.7, 12.15]},
			"faces": {
				"north": {"uv": [8, 0, 0, 2.5], "texture": "#6"},
				"east": {"uv": [0, 0, 8, 2.5], "texture": "#6"},
				"south": {"uv": [8, 0, 0, 2.5], "texture": "#6"},
				"west": {"uv": [8, 2.5, 0, 0], "texture": "#6"},
				"up": {"uv": [8, 0, 0, 2.5], "texture": "#6"},
				"down": {"uv": [8, 0, 0, 2.5], "texture": "#6"}
			}
		},
		{
			"from": [8.1976, 7.7, 7.9922],
			"to": [8.6024, 7.7, 9.3078],
			"rotation": {"angle": 0, "axis": "y", "origin": [8, 7.7, 12.15]},
			"faces": {
				"north": {"uv": [8, 0, 0, 2.5], "rotation": 90, "texture": "#6"},
				"east": {"uv": [8, 0, 0, 2.5], "rotation": 270, "texture": "#6"},
				"south": {"uv": [8, 0, 0, 2.5], "rotation": 270, "texture": "#6"},
				"west": {"uv": [8, 0, 0, 2.5], "rotation": 270, "texture": "#6"},
				"up": {"uv": [0, 0, 8, 2.5], "rotation": 270, "texture": "#6"},
				"down": {"uv": [8, 2.5, 0, 0], "rotation": 270, "texture": "#6"}
			}
		},
		{
			"from": [8.4, 7.4976, 7.9922],
			"to": [8.4, 7.9024, 9.3078],
			"rotation": {"angle": 0, "axis": "y", "origin": [8, 7.7, 12.15]},
			"faces": {
				"north": {"uv": [8, 0, 0, 2.5], "texture": "#6"},
				"east": {"uv": [0, 0, 8, 2.5], "texture": "#6"},
				"south": {"uv": [8, 0, 0, 2.5], "texture": "#6"},
				"west": {"uv": [8, 2.5, 0, 0], "texture": "#6"},
				"up": {"uv": [8, 0, 0, 2.5], "texture": "#6"},
				"down": {"uv": [8, 0, 0, 2.5], "texture": "#6"}
			}
		},
		{
			"from": [8.1976, 7.7, 7.9922],
			"to": [8.6024, 7.7, 9.3078],
			"rotation": {"angle": 0, "axis": "y", "origin": [8, 7.7, 12.15]},
			"faces": {
				"north": {"uv": [8, 0, 0, 2.5], "rotation": 90, "texture": "#6"},
				"east": {"uv": [8, 0, 0, 2.5], "rotation": 270, "texture": "#6"},
				"south": {"uv": [8, 0, 0, 2.5], "rotation": 270, "texture": "#6"},
				"west": {"uv": [8, 0, 0, 2.5], "rotation": 270, "texture": "#6"},
				"up": {"uv": [0, 0, 8, 2.5], "rotation": 270, "texture": "#6"},
				"down": {"uv": [8, 2.5, 0, 0], "rotation": 270, "texture": "#6"}
			}
		},
		{
			"from": [8.4, 7.4976, 7.9922],
			"to": [8.4, 7.9024, 9.3078],
			"rotation": {"angle": 0, "axis": "y", "origin": [8, 7.7, 12.15]},
			"faces": {
				"north": {"uv": [8, 0, 0, 2.5], "texture": "#6"},
				"east": {"uv": [0, 0, 8, 2.5], "texture": "#6"},
				"south": {"uv": [8, 0, 0, 2.5], "texture": "#6"},
				"west": {"uv": [8, 2.5, 0, 0], "texture": "#6"},
				"up": {"uv": [8, 0, 0, 2.5], "texture": "#6"},
				"down": {"uv": [8, 0, 0, 2.5], "texture": "#6"}
			}
		},
		{
			"from": [8.1976, 7.7, 7.9922],
			"to": [8.6024, 7.7, 9.3078],
			"rotation": {"angle": 0, "axis": "y", "origin": [8, 7.7, 12.15]},
			"faces": {
				"north": {"uv": [8, 0, 0, 2.5], "rotation": 90, "texture": "#6"},
				"east": {"uv": [8, 0, 0, 2.5], "rotation": 270, "texture": "#6"},
				"south": {"uv": [8, 0, 0, 2.5], "rotation": 270, "texture": "#6"},
				"west": {"uv": [8, 0, 0, 2.5], "rotation": 270, "texture": "#6"},
				"up": {"uv": [0, 0, 8, 2.5], "rotation": 270, "texture": "#6"},
				"down": {"uv": [8, 2.5, 0, 0], "rotation": 270, "texture": "#6"}
			}
		},
		{
			"from": [7.6, 7.1976, 7.9922],
			"to": [7.6, 7.6024, 9.3078],
			"rotation": {"angle": 0, "axis": "y", "origin": [8, 7.7, 12.15]},
			"faces": {
				"north": {"uv": [8, 0, 0, 2.5], "texture": "#6"},
				"east": {"uv": [0, 0, 8, 2.5], "texture": "#6"},
				"south": {"uv": [8, 0, 0, 2.5], "texture": "#6"},
				"west": {"uv": [8, 2.5, 0, 0], "texture": "#6"},
				"up": {"uv": [8, 0, 0, 2.5], "texture": "#6"},
				"down": {"uv": [8, 0, 0, 2.5], "texture": "#6"}
			}
		},
		{
			"from": [7.3976, 7.4, 7.9922],
			"to": [7.8024, 7.4, 9.3078],
			"rotation": {"angle": 0, "axis": "y", "origin": [8, 7.7, 12.15]},
			"faces": {
				"north": {"uv": [8, 0, 0, 2.5], "rotation": 90, "texture": "#6"},
				"east": {"uv": [8, 0, 0, 2.5], "rotation": 270, "texture": "#6"},
				"south": {"uv": [8, 0, 0, 2.5], "rotation": 270, "texture": "#6"},
				"west": {"uv": [8, 0, 0, 2.5], "rotation": 270, "texture": "#6"},
				"up": {"uv": [0, 0, 8, 2.5], "rotation": 270, "texture": "#6"},
				"down": {"uv": [8, 2.5, 0, 0], "rotation": 270, "texture": "#6"}
			}
		},
		{
			"from": [7.6, 7.1976, 7.9922],
			"to": [7.6, 7.6024, 9.3078],
			"rotation": {"angle": 0, "axis": "y", "origin": [8, 7.7, 12.15]},
			"faces": {
				"north": {"uv": [8, 0, 0, 2.5], "texture": "#6"},
				"east": {"uv": [0, 0, 8, 2.5], "texture": "#6"},
				"south": {"uv": [8, 0, 0, 2.5], "texture": "#6"},
				"west": {"uv": [8, 2.5, 0, 0], "texture": "#6"},
				"up": {"uv": [8, 0, 0, 2.5], "texture": "#6"},
				"down": {"uv": [8, 0, 0, 2.5], "texture": "#6"}
			}
		},
		{
			"from": [7.3976, 7.4, 7.9922],
			"to": [7.8024, 7.4, 9.3078],
			"rotation": {"angle": 0, "axis": "y", "origin": [8, 7.7, 12.15]},
			"faces": {
				"north": {"uv": [8, 0, 0, 2.5], "rotation": 90, "texture": "#6"},
				"east": {"uv": [8, 0, 0, 2.5], "rotation": 270, "texture": "#6"},
				"south": {"uv": [8, 0, 0, 2.5], "rotation": 270, "texture": "#6"},
				"west": {"uv": [8, 0, 0, 2.5], "rotation": 270, "texture": "#6"},
				"up": {"uv": [0, 0, 8, 2.5], "rotation": 270, "texture": "#6"},
				"down": {"uv": [8, 2.5, 0, 0], "rotation": 270, "texture": "#6"}
			}
		},
		{
			"from": [7.6, 7.1976, 7.9922],
			"to": [7.6, 7.6024, 9.3078],
			"rotation": {"angle": 0, "axis": "y", "origin": [8, 7.7, 12.15]},
			"faces": {
				"north": {"uv": [8, 0, 0, 2.5], "texture": "#6"},
				"east": {"uv": [0, 0, 8, 2.5], "texture": "#6"},
				"south": {"uv": [8, 0, 0, 2.5], "texture": "#6"},
				"west": {"uv": [8, 2.5, 0, 0], "texture": "#6"},
				"up": {"uv": [8, 0, 0, 2.5], "texture": "#6"},
				"down": {"uv": [8, 0, 0, 2.5], "texture": "#6"}
			}
		},
		{
			"from": [7.3976, 7.4, 7.9922],
			"to": [7.8024, 7.4, 9.3078],
			"rotation": {"angle": 0, "axis": "y", "origin": [8, 7.7, 12.15]},
			"faces": {
				"north": {"uv": [8, 0, 0, 2.5], "rotation": 90, "texture": "#6"},
				"east": {"uv": [8, 0, 0, 2.5], "rotation": 270, "texture": "#6"},
				"south": {"uv": [8, 0, 0, 2.5], "rotation": 270, "texture": "#6"},
				"west": {"uv": [8, 0, 0, 2.5], "rotation": 270, "texture": "#6"},
				"up": {"uv": [0, 0, 8, 2.5], "rotation": 270, "texture": "#6"},
				"down": {"uv": [8, 2.5, 0, 0], "rotation": 270, "texture": "#6"}
			}
		},
		{
			"from": [8, 7.1976, 7.9922],
			"to": [8, 7.6024, 9.3078],
			"rotation": {"angle": 0, "axis": "y", "origin": [8, 7.7, 12.15]},
			"faces": {
				"north": {"uv": [8, 0, 0, 2.5], "texture": "#6"},
				"east": {"uv": [0, 0, 8, 2.5], "texture": "#6"},
				"south": {"uv": [8, 0, 0, 2.5], "texture": "#6"},
				"west": {"uv": [8, 2.5, 0, 0], "texture": "#6"},
				"up": {"uv": [8, 0, 0, 2.5], "texture": "#6"},
				"down": {"uv": [8, 0, 0, 2.5], "texture": "#6"}
			}
		},
		{
			"from": [7.7976, 7.4, 7.9922],
			"to": [8.2024, 7.4, 9.3078],
			"rotation": {"angle": 0, "axis": "y", "origin": [8, 7.7, 12.15]},
			"faces": {
				"north": {"uv": [8, 0, 0, 2.5], "rotation": 90, "texture": "#6"},
				"east": {"uv": [8, 0, 0, 2.5], "rotation": 270, "texture": "#6"},
				"south": {"uv": [8, 0, 0, 2.5], "rotation": 270, "texture": "#6"},
				"west": {"uv": [8, 0, 0, 2.5], "rotation": 270, "texture": "#6"},
				"up": {"uv": [0, 0, 8, 2.5], "rotation": 270, "texture": "#6"},
				"down": {"uv": [8, 2.5, 0, 0], "rotation": 270, "texture": "#6"}
			}
		},
		{
			"from": [8, 7.1976, 7.9922],
			"to": [8, 7.6024, 9.3078],
			"rotation": {"angle": 0, "axis": "y", "origin": [8, 7.7, 12.15]},
			"faces": {
				"north": {"uv": [8, 0, 0, 2.5], "texture": "#6"},
				"east": {"uv": [0, 0, 8, 2.5], "texture": "#6"},
				"south": {"uv": [8, 0, 0, 2.5], "texture": "#6"},
				"west": {"uv": [8, 2.5, 0, 0], "texture": "#6"},
				"up": {"uv": [8, 0, 0, 2.5], "texture": "#6"},
				"down": {"uv": [8, 0, 0, 2.5], "texture": "#6"}
			}
		},
		{
			"from": [7.7976, 7.4, 7.9922],
			"to": [8.2024, 7.4, 9.3078],
			"rotation": {"angle": 0, "axis": "y", "origin": [8, 7.7, 12.15]},
			"faces": {
				"north": {"uv": [8, 0, 0, 2.5], "rotation": 90, "texture": "#6"},
				"east": {"uv": [8, 0, 0, 2.5], "rotation": 270, "texture": "#6"},
				"south": {"uv": [8, 0, 0, 2.5], "rotation": 270, "texture": "#6"},
				"west": {"uv": [8, 0, 0, 2.5], "rotation": 270, "texture": "#6"},
				"up": {"uv": [0, 0, 8, 2.5], "rotation": 270, "texture": "#6"},
				"down": {"uv": [8, 2.5, 0, 0], "rotation": 270, "texture": "#6"}
			}
		},
		{
			"from": [8, 7.1976, 7.9922],
			"to": [8, 7.6024, 9.3078],
			"rotation": {"angle": 0, "axis": "y", "origin": [8, 7.7, 12.15]},
			"faces": {
				"north": {"uv": [8, 0, 0, 2.5], "texture": "#6"},
				"east": {"uv": [0, 0, 8, 2.5], "texture": "#6"},
				"south": {"uv": [8, 0, 0, 2.5], "texture": "#6"},
				"west": {"uv": [8, 2.5, 0, 0], "texture": "#6"},
				"up": {"uv": [8, 0, 0, 2.5], "texture": "#6"},
				"down": {"uv": [8, 0, 0, 2.5], "texture": "#6"}
			}
		},
		{
			"from": [7.7976, 7.4, 7.9922],
			"to": [8.2024, 7.4, 9.3078],
			"rotation": {"angle": 0, "axis": "y", "origin": [8, 7.7, 12.15]},
			"faces": {
				"north": {"uv": [8, 0, 0, 2.5], "rotation": 90, "texture": "#6"},
				"east": {"uv": [8, 0, 0, 2.5], "rotation": 270, "texture": "#6"},
				"south": {"uv": [8, 0, 0, 2.5], "rotation": 270, "texture": "#6"},
				"west": {"uv": [8, 0, 0, 2.5], "rotation": 270, "texture": "#6"},
				"up": {"uv": [0, 0, 8, 2.5], "rotation": 270, "texture": "#6"},
				"down": {"uv": [8, 2.5, 0, 0], "rotation": 270, "texture": "#6"}
			}
		},
		{
			"from": [8.4, 7.1976, 7.9922],
			"to": [8.4, 7.6024, 9.3078],
			"rotation": {"angle": 0, "axis": "y", "origin": [8, 7.7, 12.15]},
			"faces": {
				"north": {"uv": [8, 0, 0, 2.5], "texture": "#6"},
				"east": {"uv": [0, 0, 8, 2.5], "texture": "#6"},
				"south": {"uv": [8, 0, 0, 2.5], "texture": "#6"},
				"west": {"uv": [8, 2.5, 0, 0], "texture": "#6"},
				"up": {"uv": [8, 0, 0, 2.5], "texture": "#6"},
				"down": {"uv": [8, 0, 0, 2.5], "texture": "#6"}
			}
		},
		{
			"from": [8.1976, 7.4, 7.9922],
			"to": [8.6024, 7.4, 9.3078],
			"rotation": {"angle": 0, "axis": "y", "origin": [8, 7.7, 12.15]},
			"faces": {
				"north": {"uv": [8, 0, 0, 2.5], "rotation": 90, "texture": "#6"},
				"east": {"uv": [8, 0, 0, 2.5], "rotation": 270, "texture": "#6"},
				"south": {"uv": [8, 0, 0, 2.5], "rotation": 270, "texture": "#6"},
				"west": {"uv": [8, 0, 0, 2.5], "rotation": 270, "texture": "#6"},
				"up": {"uv": [0, 0, 8, 2.5], "rotation": 270, "texture": "#6"},
				"down": {"uv": [8, 2.5, 0, 0], "rotation": 270, "texture": "#6"}
			}
		},
		{
			"from": [8.4, 7.1976, 7.9922],
			"to": [8.4, 7.6024, 9.3078],
			"rotation": {"angle": 0, "axis": "y", "origin": [8, 7.7, 12.15]},
			"faces": {
				"north": {"uv": [8, 0, 0, 2.5], "texture": "#6"},
				"east": {"uv": [0, 0, 8, 2.5], "texture": "#6"},
				"south": {"uv": [8, 0, 0, 2.5], "texture": "#6"},
				"west": {"uv": [8, 2.5, 0, 0], "texture": "#6"},
				"up": {"uv": [8, 0, 0, 2.5], "texture": "#6"},
				"down": {"uv": [8, 0, 0, 2.5], "texture": "#6"}
			}
		},
		{
			"from": [8.1976, 7.4, 7.9922],
			"to": [8.6024, 7.4, 9.3078],
			"rotation": {"angle": 0, "axis": "y", "origin": [8, 7.7, 12.15]},
			"faces": {
				"north": {"uv": [8, 0, 0, 2.5], "rotation": 90, "texture": "#6"},
				"east": {"uv": [8, 0, 0, 2.5], "rotation": 270, "texture": "#6"},
				"south": {"uv": [8, 0, 0, 2.5], "rotation": 270, "texture": "#6"},
				"west": {"uv": [8, 0, 0, 2.5], "rotation": 270, "texture": "#6"},
				"up": {"uv": [0, 0, 8, 2.5], "rotation": 270, "texture": "#6"},
				"down": {"uv": [8, 2.5, 0, 0], "rotation": 270, "texture": "#6"}
			}
		},
		{
			"from": [8.4, 7.1976, 7.9922],
			"to": [8.4, 7.6024, 9.3078],
			"rotation": {"angle": 0, "axis": "y", "origin": [8, 7.7, 12.15]},
			"faces": {
				"north": {"uv": [8, 0, 0, 2.5], "texture": "#6"},
				"east": {"uv": [0, 0, 8, 2.5], "texture": "#6"},
				"south": {"uv": [8, 0, 0, 2.5], "texture": "#6"},
				"west": {"uv": [8, 2.5, 0, 0], "texture": "#6"},
				"up": {"uv": [8, 0, 0, 2.5], "texture": "#6"},
				"down": {"uv": [8, 0, 0, 2.5], "texture": "#6"}
			}
		},
		{
			"from": [8.1976, 7.4, 7.9922],
			"to": [8.6024, 7.4, 9.3078],
			"rotation": {"angle": 0, "axis": "y", "origin": [8, 7.7, 12.15]},
			"faces": {
				"north": {"uv": [8, 0, 0, 2.5], "rotation": 90, "texture": "#6"},
				"east": {"uv": [8, 0, 0, 2.5], "rotation": 270, "texture": "#6"},
				"south": {"uv": [8, 0, 0, 2.5], "rotation": 270, "texture": "#6"},
				"west": {"uv": [8, 0, 0, 2.5], "rotation": 270, "texture": "#6"},
				"up": {"uv": [0, 0, 8, 2.5], "rotation": 270, "texture": "#6"},
				"down": {"uv": [8, 2.5, 0, 0], "rotation": 270, "texture": "#6"}
			}
		},
		{
			"name": "cuerda",
			"from": [1.77756, 5.8799, 8.09876],
			"to": [14.47756, 5.9799, 8.25876],
			"rotation": {"angle": 0, "axis": "y", "origin": [7.97756, 5.7799, 9.37876]},
			"faces": {
				"north": {"uv": [9, 10, 7, 11], "texture": "#2"},
				"east": {"uv": [9, 10, 7, 11], "texture": "#2"},
				"south": {"uv": [9, 10, 7, 11], "texture": "#2"},
				"west": {"uv": [9, 10, 7, 11], "texture": "#2"},
				"up": {"uv": [9, 10, 7, 11], "texture": "#2"},
				"down": {"uv": [9, 10, 7, 11], "texture": "#2"}
			}
		}
	],
	"display": {
		"thirdperson_righthand": {
			"translation": [0, 3.75, 3.41],
			"scale": [1.07, 1.07, 1.07]
		},
		"thirdperson_lefthand": {
			"translation": [0, 3.75, 3.41],
			"scale": [1.07, 1.07, 1.07]
		},
		"firstperson_righthand": {
			"rotation": [0, 0, 22.5],
			"translation": [-0.75, 5.5, -3.25]
		},
		"firstperson_lefthand": {
			"rotation": [0, 0, 22.5],
			"translation": [-0.75, 5.5, -3.25]
		},
		"ground": {
			"rotation": [24.5, 0.06, 0.56],
			"translation": [0, 11.5, 0]
		},
		"gui": {
			"rotation": [-138.25, 62.5, -180],
			"translation": [-1.5, 1.75, 0]
		},
		"fixed": {
			"rotation": [0, 90, -90],
			"translation": [-2.25, 0, -12],
			"scale": [1.53, 1.53, 1.53]
		}
	},
	"groups": [
		{
			"name": "steve",
			"origin": [2, 8, 8],
			"color": 0,
			"nbt": "{}",
			"armAnimationEnabled": false,
			"children": [0, 1, 2, 3]
		},
		{
			"name": "base ballesta",
			"origin": [5.85, 3.24497, 5.31997],
			"color": 0,
			"nbt": "{}",
			"armAnimationEnabled": false,
			"children": [4, 5, 6, 7, 8, 9, 10, 11, 12, 13, 14, 15]
		},
		{
			"name": "entrada",
			"origin": [8, 8, 8],
			"color": 0,
			"nbt": "{}",
			"armAnimationEnabled": false,
			"children": [16, 17, 18, 19, 20]
		},
		{
			"name": "arco",
			"origin": [9.36, 5.7799, 7.81495],
			"color": 0,
			"nbt": "{}",
			"armAnimationEnabled": false,
			"children": [21, 22, 23, 24, 25, 26, 27]
		},
		{
			"name": "palanca",
			"origin": [8, 7.1299, 7.96495],
			"color": 0,
			"nbt": "{}",
			"armAnimationEnabled": false,
			"children": [
				28,
				29,
				30,
				{
					"name": "palanca",
					"origin": [8, 7.1299, 7.96495],
					"color": 0,
					"nbt": "{}",
					"armAnimationEnabled": false,
					"children": [31, 32, 33, 34, 35, 36, 37]
				}
			]
		},
		{
			"name": "contenedor",
			"origin": [7.95, 7.5799, 10.16495],
			"color": 0,
			"nbt": "{}",
			"armAnimationEnabled": false,
			"children": [
				38,
				39,
				{
					"name": "flecha",
					"origin": [0, 0, 0],
					"color": 0,
					"nbt": "{}",
					"armAnimationEnabled": false,
					"children": [
						{
							"name": "flecha 1",
							"origin": [0, 1, 3.25],
							"color": 0,
							"nbt": "{}",
							"armAnimationEnabled": false,
							"children": [40, 41, 42, 43, 44, 45]
						},
						{
							"name": "flecha 2",
							"origin": [0, 1, 3.25],
							"color": 0,
							"nbt": "{}",
							"armAnimationEnabled": false,
							"children": [46, 47, 48, 49, 50, 51]
						},
						{
							"name": "flecha 3",
							"origin": [0, 1, 3.25],
							"color": 0,
							"nbt": "{}",
							"armAnimationEnabled": false,
							"children": [52, 53, 54, 55, 56, 57]
						},
						{
							"name": "flechas 2",
							"origin": [0, 0, 0],
							"color": 0,
							"nbt": "{}",
							"armAnimationEnabled": false,
							"children": [
								{
									"name": "group",
									"origin": [0, 1, 3.25],
									"color": 0,
									"nbt": "{}",
									"armAnimationEnabled": false,
									"children": [
										58,
										59,
										60,
										61,
										62,
										63,
										{
											"name": "group",
											"origin": [0, 1, 3.25],
											"color": 0,
											"nbt": "{}",
											"armAnimationEnabled": false,
											"children": [64, 65, 66, 67, 68, 69]
										},
										{
											"name": "group",
											"origin": [0, 1, 3.25],
											"color": 0,
											"nbt": "{}",
											"armAnimationEnabled": false,
											"children": [70, 71, 72, 73, 74, 75]
										}
									]
								}
							]
						},
						{
							"name": "flechas 3",
							"origin": [0, 0, 0],
							"color": 0,
							"nbt": "{}",
							"armAnimationEnabled": false,
							"children": [
								{
									"name": "group",
									"origin": [0, 1, 3.25],
									"color": 0,
									"nbt": "{}",
									"armAnimationEnabled": false,
									"children": [
										76,
										77,
										78,
										79,
										80,
										81,
										{
											"name": "group",
											"origin": [0, 1, 3.25],
											"color": 0,
											"nbt": "{}",
											"armAnimationEnabled": false,
											"children": [82, 83, 84, 85, 86, 87]
										},
										{
											"name": "group",
											"origin": [0, 1, 3.25],
											"color": 0,
											"nbt": "{}",
											"armAnimationEnabled": false,
											"children": [88, 89, 90, 91, 92, 93]
										}
									]
								}
							]
						},
						{
							"name": "flechas delanteras",
							"origin": [0, 0, 0],
							"color": 0,
							"nbt": "{}",
							"armAnimationEnabled": false,
							"children": [
								{
									"name": "group",
									"origin": [0, 1, 3.25],
									"color": 0,
									"nbt": "{}",
									"armAnimationEnabled": false,
									"children": [94, 95, 96, 97, 98, 99]
								},
								{
									"name": "group",
									"origin": [0, 1, 3.25],
									"color": 0,
									"nbt": "{}",
									"armAnimationEnabled": false,
									"children": [100, 101, 102, 103, 104, 105]
								},
								{
									"name": "group",
									"origin": [0, 1, 3.25],
									"color": 0,
									"nbt": "{}",
									"armAnimationEnabled": false,
									"children": [106, 107, 108, 109, 110, 111]
								},
								{
									"name": "flecha",
									"origin": [0, 0, 0],
									"color": 0,
									"nbt": "{}",
									"armAnimationEnabled": false,
									"children": [
										{
											"name": "group",
											"origin": [0, 1, 3.25],
											"color": 0,
											"nbt": "{}",
											"armAnimationEnabled": false,
											"children": [
												112,
												113,
												114,
												115,
												116,
												117,
												{
													"name": "group",
													"origin": [0, 1, 3.25],
													"color": 0,
													"nbt": "{}",
													"armAnimationEnabled": false,
													"children": [118, 119, 120, 121, 122, 123]
												},
												{
													"name": "group",
													"origin": [0, 1, 3.25],
													"color": 0,
													"nbt": "{}",
													"armAnimationEnabled": false,
													"children": [124, 125, 126, 127, 128, 129]
												}
											]
										}
									]
								},
								{
									"name": "flecha",
									"origin": [0, 0, 0],
									"color": 0,
									"nbt": "{}",
									"armAnimationEnabled": false,
									"children": [
										{
											"name": "group",
											"origin": [0, 1, 3.25],
											"color": 0,
											"nbt": "{}",
											"armAnimationEnabled": false,
											"children": [
												130,
												131,
												132,
												133,
												134,
												135,
												{
													"name": "group",
													"origin": [0, 1, 3.25],
													"color": 0,
													"nbt": "{}",
													"armAnimationEnabled": false,
													"children": [136, 137, 138, 139, 140, 141]
												},
												{
													"name": "group",
													"origin": [0, 1, 3.25],
													"color": 0,
													"nbt": "{}",
													"armAnimationEnabled": false,
													"children": [142, 143, 144, 145, 146, 147]
												}
											]
										}
									]
								}
							]
						}
					]
				}
			]
		},
		148
	]
}