{
	"credit": "Made with Blockbench",
	"texture_size": [32, 32],
	"textures": {
		"0": "./hand",
		"1": "./barrel",
		"2": "./underbarrel",
		"particle": "./hand"
	},
	"elements": [
		{
			"from": [7, 3, 9],
			"to": [9, 5, 14],
			"faces": {
				"north": {"uv": [3.5, 7, 4, 7.5], "texture": "#1"},
				"east": {"uv": [4, 2, 5.25, 2.5], "texture": "#1"},
				"south": {"uv": [3.5, 7.5, 4, 8], "texture": "#1"},
				"west": {"uv": [4, 2.5, 5.25, 3], "texture": "#1"},
				"up": {"uv": [4.5, 4.25, 4, 3], "texture": "#1"},
				"down": {"uv": [4.5, 4.25, 4, 5.5], "texture": "#1"}
			}
		},
		{
			"from": [6.3, 5, -10],
			"to": [6.4, 6.2, 10],
			"faces": {
				"north": {"uv": [7.75, 8.75, 7.875, 9], "texture": "#1"},
				"east": {"uv": [0, 0, 5, 0.25], "texture": "#1"},
				"south": {"uv": [8, 8.75, 8.125, 9], "texture": "#1"},
				"west": {"uv": [0, 0.25, 5, 0.5], "texture": "#1"},
				"up": {"uv": [4.625, 8, 4.5, 3], "texture": "#1"},
				"down": {"uv": [4.875, 3, 4.75, 8], "texture": "#1"}
			}
		},
		{
			"from": [7.6, 5, -10],
			"to": [7.7, 6.2, 10],
			"faces": {
				"north": {"uv": [8.25, 8.75, 8.375, 9], "texture": "#1"},
				"east": {"uv": [0, 0.5, 5, 0.75], "texture": "#1"},
				"south": {"uv": [8.5, 8.75, 8.625, 9], "texture": "#1"},
				"west": {"uv": [0, 0.75, 5, 1], "texture": "#1"},
				"up": {"uv": [5.125, 8, 5, 3], "texture": "#1"},
				"down": {"uv": [5.375, 2, 5.25, 7], "texture": "#1"}
			}
		},
		{
			"from": [6.4, 6.2, -10],
			"to": [7.6, 6.3, 10],
			"faces": {
				"north": {"uv": [8.75, 8.5, 9, 8.625], "texture": "#1"},
				"east": {"uv": [5, 0, 10, 0.125], "texture": "#1"},
				"south": {"uv": [8.75, 8.75, 9, 8.875], "texture": "#1"},
				"west": {"uv": [5, 0.25, 10, 0.375], "texture": "#1"},
				"up": {"uv": [0.25, 6, 0, 1], "texture": "#1"},
				"down": {"uv": [0.5, 1, 0.25, 6], "texture": "#1"}
			}
		},
		{
			"from": [6.4, 4.9, -10],
			"to": [7.6, 5, 10],
			"faces": {
				"north": {"uv": [3.75, 9, 4, 9.125], "texture": "#1"},
				"east": {"uv": [5, 0.5, 10, 0.625], "texture": "#1"},
				"south": {"uv": [4.5, 9, 4.75, 9.125], "texture": "#1"},
				"west": {"uv": [5, 0.75, 10, 0.875], "texture": "#1"},
				"up": {"uv": [0.75, 6, 0.5, 1], "texture": "#1"},
				"down": {"uv": [1, 1, 0.75, 6], "texture": "#1"}
			}
		},
		{
			"from": [8.3, 4.9, -10],
			"to": [9.5, 5, 10],
			"faces": {
				"north": {"uv": [4.75, 9, 5, 9.125], "texture": "#1"},
				"east": {"uv": [5.5, 2, 10.5, 2.125], "texture": "#1"},
				"south": {"uv": [5, 9, 5.25, 9.125], "texture": "#1"},
				"west": {"uv": [5.5, 2.25, 10.5, 2.375], "texture": "#1"},
				"up": {"uv": [1.25, 6, 1, 1], "texture": "#1"},
				"down": {"uv": [1.5, 1, 1.25, 6], "texture": "#1"}
			}
		},
		{
			"from": [9.5, 5, -10],
			"to": [9.6, 6.2, 10],
			"faces": {
				"north": {"uv": [5.25, 9, 5.375, 9.25], "texture": "#1"},
				"east": {"uv": [1.5, 1, 6.5, 1.25], "texture": "#1"},
				"south": {"uv": [5.5, 9, 5.625, 9.25], "texture": "#1"},
				"west": {"uv": [1.5, 1.25, 6.5, 1.5], "texture": "#1"},
				"up": {"uv": [5.625, 7.5, 5.5, 2.5], "texture": "#1"},
				"down": {"uv": [4.125, 5.5, 4, 10.5], "texture": "#1"}
			}
		},
		{
			"from": [8.3, 6.2, -10],
			"to": [9.5, 6.3, 10],
			"faces": {
				"north": {"uv": [5.75, 9, 6, 9.125], "texture": "#1"},
				"east": {"uv": [5.75, 2.5, 10.75, 2.625], "texture": "#1"},
				"south": {"uv": [7, 9, 7.25, 9.125], "texture": "#1"},
				"west": {"uv": [5.75, 2.75, 10.75, 2.875], "texture": "#1"},
				"up": {"uv": [1.75, 6.5, 1.5, 1.5], "texture": "#1"},
				"down": {"uv": [2, 1.5, 1.75, 6.5], "texture": "#1"}
			}
		},
		{
			"from": [8.4, 6.3, -9.9],
			"to": [9.4, 6.4, 9.5],
			"faces": {
				"north": {"uv": [7.25, 9, 7.5, 9.125], "texture": "#1"},
				"east": {"uv": [7, 6, 11.875, 6.125], "texture": "#1"},
				"south": {"uv": [7.5, 9, 7.75, 9.125], "texture": "#1"},
				"west": {"uv": [7, 6.25, 11.875, 6.375], "texture": "#1"},
				"up": {"uv": [2.25, 6.875, 2, 2], "texture": "#1"},
				"down": {"uv": [2.5, 2, 2.25, 6.875], "texture": "#1"}
			}
		},
		{
			"from": [6.5, 6.3, -9.9],
			"to": [7.5, 6.4, 9.5],
			"faces": {
				"north": {"uv": [7.75, 9, 8, 9.125], "texture": "#1"},
				"east": {"uv": [7, 6.5, 11.875, 6.625], "texture": "#1"},
				"south": {"uv": [8, 9, 8.25, 9.125], "texture": "#1"},
				"west": {"uv": [7, 6.75, 11.875, 6.875], "texture": "#1"},
				"up": {"uv": [2.75, 6.875, 2.5, 2], "texture": "#1"},
				"down": {"uv": [3, 2, 2.75, 6.875], "texture": "#1"}
			}
		},
		{
			"from": [6.5, 4.8, -9.9],
			"to": [7.5, 4.9, 9.5],
			"faces": {
				"north": {"uv": [8.25, 9, 8.5, 9.125], "texture": "#1"},
				"east": {"uv": [7, 7, 11.875, 7.125], "texture": "#1"},
				"south": {"uv": [8.5, 9, 8.75, 9.125], "texture": "#1"},
				"west": {"uv": [7, 7.25, 11.875, 7.375], "texture": "#1"},
				"up": {"uv": [3.25, 6.875, 3, 2], "texture": "#1"},
				"down": {"uv": [3.5, 2, 3.25, 6.875], "texture": "#1"}
			}
		},
		{
			"from": [8.4, 4.8, -9.9],
			"to": [9.4, 4.9, 9.5],
			"faces": {
				"north": {"uv": [9, 8.5, 9.25, 8.625], "texture": "#1"},
				"east": {"uv": [7, 7.5, 11.875, 7.625], "texture": "#1"},
				"south": {"uv": [8.75, 9, 9, 9.125], "texture": "#1"},
				"west": {"uv": [7, 7.75, 11.875, 7.875], "texture": "#1"},
				"up": {"uv": [3.75, 6.875, 3.5, 2], "texture": "#1"},
				"down": {"uv": [4, 2, 3.75, 6.875], "texture": "#1"}
			}
		},
		{
			"from": [9.4, 6.1, -10],
			"to": [9.5, 6.2, 10],
			"faces": {
				"north": {"uv": [7.25, 9.25, 7.375, 9.375], "texture": "#1"},
				"east": {"uv": [5.75, 3, 10.75, 3.125], "texture": "#1"},
				"south": {"uv": [7.5, 9.25, 7.625, 9.375], "texture": "#1"},
				"west": {"uv": [5.75, 3.25, 10.75, 3.375], "texture": "#1"},
				"up": {"uv": [4.375, 10.5, 4.25, 5.5], "texture": "#1"},
				"down": {"uv": [5.875, 3.5, 5.75, 8.5], "texture": "#1"}
			}
		},
		{
			"from": [8.3, 6.1, -10],
			"to": [8.4, 6.2, 10],
			"faces": {
				"north": {"uv": [7.75, 9.25, 7.875, 9.375], "texture": "#1"},
				"east": {"uv": [6, 3.5, 11, 3.625], "texture": "#1"},
				"south": {"uv": [8, 9.25, 8.125, 9.375], "texture": "#1"},
				"west": {"uv": [6, 3.75, 11, 3.875], "texture": "#1"},
				"up": {"uv": [0.125, 11, 0, 6], "texture": "#1"},
				"down": {"uv": [0.375, 6, 0.25, 11], "texture": "#1"}
			}
		},
		{
			"from": [7.5, 6.1, -10],
			"to": [7.6, 6.2, 10],
			"faces": {
				"north": {"uv": [8.25, 9.25, 8.375, 9.375], "texture": "#1"},
				"east": {"uv": [6, 4, 11, 4.125], "texture": "#1"},
				"south": {"uv": [8.5, 9.25, 8.625, 9.375], "texture": "#1"},
				"west": {"uv": [6, 4.25, 11, 4.375], "texture": "#1"},
				"up": {"uv": [0.625, 11, 0.5, 6], "texture": "#1"},
				"down": {"uv": [0.875, 6, 0.75, 11], "texture": "#1"}
			}
		},
		{
			"from": [6.4, 6.1, -10],
			"to": [6.5, 6.2, 10],
			"faces": {
				"north": {"uv": [9.25, 8.5, 9.375, 8.625], "texture": "#1"},
				"east": {"uv": [6, 4.5, 11, 4.625], "texture": "#1"},
				"south": {"uv": [8.75, 9.25, 8.875, 9.375], "texture": "#1"},
				"west": {"uv": [6, 4.75, 11, 4.875], "texture": "#1"},
				"up": {"uv": [1.125, 11, 1, 6], "texture": "#1"},
				"down": {"uv": [1.375, 6, 1.25, 11], "texture": "#1"}
			}
		},
		{
			"from": [7.5, 5, -10],
			"to": [7.6, 5.1, 10],
			"faces": {
				"north": {"uv": [9.25, 8.75, 9.375, 8.875], "texture": "#1"},
				"east": {"uv": [6, 5, 11, 5.125], "texture": "#1"},
				"south": {"uv": [9, 9.25, 9.125, 9.375], "texture": "#1"},
				"west": {"uv": [6, 5.25, 11, 5.375], "texture": "#1"},
				"up": {"uv": [6.125, 10.5, 6, 5.5], "texture": "#1"},
				"down": {"uv": [6.375, 5.5, 6.25, 10.5], "texture": "#1"}
			}
		},
		{
			"from": [6.4, 5, -10],
			"to": [6.5, 5.1, 10],
			"faces": {
				"north": {"uv": [9.25, 9, 9.375, 9.125], "texture": "#1"},
				"east": {"uv": [6.5, 1, 11.5, 1.125], "texture": "#1"},
				"south": {"uv": [9.25, 9.25, 9.375, 9.375], "texture": "#1"},
				"west": {"uv": [6.5, 1.25, 11.5, 1.375], "texture": "#1"},
				"up": {"uv": [1.625, 11.5, 1.5, 6.5], "texture": "#1"},
				"down": {"uv": [1.875, 6.5, 1.75, 11.5], "texture": "#1"}
			}
		},
		{
			"from": [8.3, 5, -10],
			"to": [8.4, 5.1, 10],
			"faces": {
				"north": {"uv": [3.5, 9.5, 3.625, 9.625], "texture": "#1"},
				"east": {"uv": [6.5, 5.5, 11.5, 5.625], "texture": "#1"},
				"south": {"uv": [3.75, 9.5, 3.875, 9.625], "texture": "#1"},
				"west": {"uv": [6.5, 5.75, 11.5, 5.875], "texture": "#1"},
				"up": {"uv": [6.625, 11, 6.5, 6], "texture": "#1"},
				"down": {"uv": [6.875, 6, 6.75, 11], "texture": "#1"}
			}
		},
		{
			"from": [9.4, 5, -10],
			"to": [9.5, 5.1, 10],
			"faces": {
				"north": {"uv": [4.5, 9.5, 4.625, 9.625], "texture": "#1"},
				"east": {"uv": [7, 1.5, 12, 1.625], "texture": "#1"},
				"south": {"uv": [4.75, 9.5, 4.875, 9.625], "texture": "#1"},
				"west": {"uv": [7, 1.75, 12, 1.875], "texture": "#1"},
				"up": {"uv": [2.125, 12, 2, 7], "texture": "#1"},
				"down": {"uv": [2.375, 7, 2.25, 12], "texture": "#1"}
			}
		},
		{
			"from": [8.2, 5, -10],
			"to": [8.3, 6.2, 10],
			"faces": {
				"north": {"uv": [9, 8.75, 9.125, 9], "texture": "#1"},
				"east": {"uv": [2, 1.5, 7, 1.75], "texture": "#1"},
				"south": {"uv": [9, 9, 9.125, 9.25], "texture": "#1"},
				"west": {"uv": [2, 1.75, 7, 2], "texture": "#1"},
				"up": {"uv": [2.625, 12, 2.5, 7], "texture": "#1"},
				"down": {"uv": [2.875, 7, 2.75, 12], "texture": "#1"}
			}
		},
		{
			"from": [6.4, 5, 9],
			"to": [7.6, 6.2, 11],
			"faces": {
				"north": {"uv": [5.5, 8.25, 5.75, 8.5], "texture": "#1"},
				"east": {"uv": [8.5, 8.5, 8.75, 8.75], "texture": "#1"},
				"south": {"uv": [3.75, 8.75, 4, 9], "texture": "#1"},
				"west": {"uv": [4.5, 8.75, 4.75, 9], "texture": "#1"},
				"up": {"uv": [5, 9, 4.75, 8.75], "texture": "#1"},
				"down": {"uv": [5.25, 8.75, 5, 9], "texture": "#1"}
			}
		},
		{
			"from": [8.3, 5, 9],
			"to": [9.5, 6.2, 11],
			"rotation": {"angle": 0, "axis": "y", "origin": [16, 0, 0]},
			"faces": {
				"north": {"uv": [5.75, 8.25, 5.5, 8.5], "texture": "#1"},
				"east": {"uv": [4.75, 8.75, 4.5, 9], "texture": "#1"},
				"south": {"uv": [4, 8.75, 3.75, 9], "texture": "#1"},
				"west": {"uv": [8.75, 8.5, 8.5, 8.75], "texture": "#1"},
				"up": {"uv": [4.75, 9, 5, 8.75], "texture": "#1"},
				"down": {"uv": [5, 8.75, 5.25, 9], "texture": "#1"}
			}
		},
		{
			"from": [7.6, 5.6, -0.5],
			"to": [8.3, 6.1, 10],
			"faces": {
				"north": {"uv": [5, 9.5, 5.125, 9.625], "texture": "#1"},
				"east": {"uv": [7, 8, 9.625, 8.125], "texture": "#1"},
				"south": {"uv": [5.25, 9.5, 5.375, 9.625], "texture": "#1"},
				"west": {"uv": [7, 8.25, 9.625, 8.375], "texture": "#1"},
				"up": {"uv": [3.125, 9.625, 3, 7], "texture": "#1"},
				"down": {"uv": [3.375, 7, 3.25, 9.625], "texture": "#1"}
			}
		},
		{
			"from": [7.6, 5, 6.5],
			"to": [8.3, 5.7, 12],
			"faces": {
				"north": {"uv": [5.5, 9.5, 5.625, 9.625], "texture": "#1"},
				"east": {"uv": [4.5, 8.5, 5.875, 8.625], "texture": "#1"},
				"south": {"uv": [5.75, 9.5, 5.875, 9.625], "texture": "#1"},
				"west": {"uv": [7, 8.5, 8.375, 8.625], "texture": "#1"},
				"up": {"uv": [5.375, 8.375, 5.25, 7], "texture": "#1"},
				"down": {"uv": [3.625, 8, 3.5, 9.375], "texture": "#1"}
			}
		},
		{
			"from": [7.8, 1.7, 11.4],
			"to": [8.2, 2.8, 11.6],
			"faces": {
				"north": {"uv": [3.75, 9.25, 3.875, 9.5], "texture": "#1"},
				"east": {"uv": [4.5, 9.25, 4.625, 9.5], "texture": "#1"},
				"south": {"uv": [4.75, 9.25, 4.875, 9.5], "texture": "#1"},
				"west": {"uv": [5, 9.25, 5.125, 9.5], "texture": "#1"},
				"up": {"uv": [7.125, 9.625, 7, 9.5], "texture": "#1"},
				"down": {"uv": [7.375, 9.5, 7.25, 9.625], "texture": "#1"}
			}
		},
		{
			"from": [7.8, 1.5, 11.5],
			"to": [8.2, 1.7, 14],
			"faces": {
				"north": {"uv": [7.5, 9.5, 7.625, 9.625], "texture": "#1"},
				"east": {"uv": [4.5, 8, 5.125, 8.125], "texture": "#1"},
				"south": {"uv": [7.75, 9.5, 7.875, 9.625], "texture": "#1"},
				"west": {"uv": [4.5, 8.25, 5.125, 8.375], "texture": "#1"},
				"up": {"uv": [5.625, 8.125, 5.5, 7.5], "texture": "#1"},
				"down": {"uv": [3.875, 8, 3.75, 8.625], "texture": "#1"}
			}
		},
		{
			"from": [7.8, 2.8, 11.5],
			"to": [8.2, 2.9, 11.8],
			"faces": {
				"north": {"uv": [8, 9.5, 8.125, 9.625], "texture": "#1"},
				"east": {"uv": [8.25, 9.5, 8.375, 9.625], "texture": "#1"},
				"south": {"uv": [8.5, 9.5, 8.625, 9.625], "texture": "#1"},
				"west": {"uv": [9.5, 8.5, 9.625, 8.625], "texture": "#1"},
				"up": {"uv": [8.875, 9.625, 8.75, 9.5], "texture": "#1"},
				"down": {"uv": [9.625, 8.75, 9.5, 8.875], "texture": "#1"}
			}
		},
		{
			"from": [7.8, 2.9, 11.7],
			"to": [8.2, 3, 12],
			"faces": {
				"north": {"uv": [9, 9.5, 9.125, 9.625], "texture": "#1"},
				"east": {"uv": [9.5, 9, 9.625, 9.125], "texture": "#1"},
				"south": {"uv": [9.25, 9.5, 9.375, 9.625], "texture": "#1"},
				"west": {"uv": [9.5, 9.25, 9.625, 9.375], "texture": "#1"},
				"up": {"uv": [9.625, 9.625, 9.5, 9.5], "texture": "#1"},
				"down": {"uv": [3.125, 9.75, 3, 9.875], "texture": "#1"}
			}
		},
		{
			"from": [7.8, 1.7, 13.9],
			"to": [8.2, 2.8, 14.1],
			"faces": {
				"north": {"uv": [5.25, 9.25, 5.375, 9.5], "texture": "#1"},
				"east": {"uv": [5.5, 9.25, 5.625, 9.5], "texture": "#1"},
				"south": {"uv": [5.75, 9.25, 5.875, 9.5], "texture": "#1"},
				"west": {"uv": [7, 9.25, 7.125, 9.5], "texture": "#1"},
				"up": {"uv": [3.375, 9.875, 3.25, 9.75], "texture": "#1"},
				"down": {"uv": [3.625, 9.75, 3.5, 9.875], "texture": "#1"}
			}
		},
		{
			"from": [7.8, 1.8, 14.1],
			"to": [8.2, 1.9, 14.3],
			"faces": {
				"north": {"uv": [3.75, 9.75, 3.875, 9.875], "texture": "#1"},
				"east": {"uv": [4.5, 9.75, 4.625, 9.875], "texture": "#1"},
				"south": {"uv": [4.75, 9.75, 4.875, 9.875], "texture": "#1"},
				"west": {"uv": [5, 9.75, 5.125, 9.875], "texture": "#1"},
				"up": {"uv": [5.375, 9.875, 5.25, 9.75], "texture": "#1"},
				"down": {"uv": [5.625, 9.75, 5.5, 9.875], "texture": "#1"}
			}
		},
		{
			"from": [7.8, 1.9, 14.2],
			"to": [8.2, 2, 14.5],
			"faces": {
				"north": {"uv": [5.75, 9.75, 5.875, 9.875], "texture": "#1"},
				"east": {"uv": [7, 9.75, 7.125, 9.875], "texture": "#1"},
				"south": {"uv": [7.25, 9.75, 7.375, 9.875], "texture": "#1"},
				"west": {"uv": [7.5, 9.75, 7.625, 9.875], "texture": "#1"},
				"up": {"uv": [7.875, 9.875, 7.75, 9.75], "texture": "#1"},
				"down": {"uv": [8.125, 9.75, 8, 9.875], "texture": "#1"}
			}
		},
		{
			"from": [7.8, 2, 14.4],
			"to": [8.2, 2.1, 14.7],
			"faces": {
				"north": {"uv": [9.75, 8, 9.875, 8.125], "texture": "#1"},
				"east": {"uv": [8.25, 9.75, 8.375, 9.875], "texture": "#1"},
				"south": {"uv": [9.75, 8.25, 9.875, 8.375], "texture": "#1"},
				"west": {"uv": [8.5, 9.75, 8.625, 9.875], "texture": "#1"},
				"up": {"uv": [9.875, 8.625, 9.75, 8.5], "texture": "#1"},
				"down": {"uv": [8.875, 9.75, 8.75, 9.875], "texture": "#1"}
			}
		},
		{
			"from": [7.8, 2.1, 14.6],
			"to": [8.2, 2.2, 14.8],
			"faces": {
				"north": {"uv": [9.75, 8.75, 9.875, 8.875], "texture": "#1"},
				"east": {"uv": [9, 9.75, 9.125, 9.875], "texture": "#1"},
				"south": {"uv": [9.75, 9, 9.875, 9.125], "texture": "#1"},
				"west": {"uv": [9.25, 9.75, 9.375, 9.875], "texture": "#1"},
				"up": {"uv": [9.875, 9.375, 9.75, 9.25], "texture": "#1"},
				"down": {"uv": [9.625, 9.75, 9.5, 9.875], "texture": "#1"}
			}
		},
		{
			"from": [7, 3, 14],
			"to": [9, 4, 16.5],
			"faces": {
				"north": {"uv": [1.5, 1.25, 2, 1.5], "texture": "#0"},
				"east": {"uv": [1, 1.5, 1.625, 1.75], "texture": "#0"},
				"south": {"uv": [1, 1.75, 1.5, 2], "texture": "#0"},
				"west": {"uv": [1.5, 1, 2.125, 1.25], "texture": "#0"},
				"up": {"uv": [0.5, 1.375, 0, 0.75], "texture": "#0"},
				"down": {"uv": [1, 0.75, 0.5, 1.375], "texture": "#0"}
			}
		},
		{
			"from": [7, 1, 16.7],
			"to": [9, 2, 18.8],
			"faces": {
				"north": {"uv": [1.5, 1.75, 2, 2], "texture": "#0"},
				"east": {"uv": [1.75, 1.5, 2.25, 1.75], "texture": "#0"},
				"south": {"uv": [0, 2, 0.5, 2.25], "texture": "#0"},
				"west": {"uv": [2, 0, 2.5, 0.25], "texture": "#0"},
				"up": {"uv": [1.5, 0.5, 1, 0], "texture": "#0"},
				"down": {"uv": [1.5, 0.5, 1, 1], "texture": "#0"}
			}
		},
		{
			"from": [7, 2, 15],
			"to": [9, 3, 17.8],
			"faces": {
				"north": {"uv": [2, 0.25, 2.5, 0.5], "texture": "#0"},
				"east": {"uv": [1.5, 0.5, 2.25, 0.75], "texture": "#0"},
				"south": {"uv": [0.5, 2, 1, 2.25], "texture": "#0"},
				"west": {"uv": [1.5, 0.75, 2.25, 1], "texture": "#0"},
				"up": {"uv": [0.5, 0.75, 0, 0], "texture": "#0"},
				"down": {"uv": [1, 0, 0.5, 0.75], "texture": "#0"}
			}
		},
		{
			"from": [7, 0, 17.3],
			"to": [9, 1, 19.3],
			"faces": {
				"north": {"uv": [1, 2, 1.5, 2.25], "texture": "#0"},
				"east": {"uv": [2, 1.25, 2.5, 1.5], "texture": "#0"},
				"south": {"uv": [1.5, 2, 2, 2.25], "texture": "#0"},
				"west": {"uv": [2, 1.75, 2.5, 2], "texture": "#0"},
				"up": {"uv": [1.5, 1.5, 1, 1], "texture": "#0"},
				"down": {"uv": [0.5, 1.5, 0, 2], "texture": "#0"}
			}
		},
		{
			"from": [7.1, 0.1, 17.2],
			"to": [8.9, 1, 17.3],
			"faces": {
				"north": {"uv": [2, 2, 2.5, 2.25], "texture": "#0"},
				"east": {"uv": [2, 7.75, 2.125, 8], "texture": "#0"},
				"south": {"uv": [0, 2.25, 0.5, 2.5], "texture": "#0"},
				"west": {"uv": [2.25, 7.75, 2.375, 8], "texture": "#0"},
				"up": {"uv": [3.5, 2.625, 3, 2.5], "texture": "#0"},
				"down": {"uv": [3.5, 2.75, 3, 2.875], "texture": "#0"}
			}
		},
		{
			"from": [7.1, 0.3, 17.1],
			"to": [8.9, 1, 17.2],
			"faces": {
				"north": {"uv": [3, 3, 3.5, 3.125], "texture": "#0"},
				"east": {"uv": [3, 8, 3.125, 8.125], "texture": "#0"},
				"south": {"uv": [0, 3.25, 0.5, 3.375], "texture": "#0"},
				"west": {"uv": [8, 3, 8.125, 3.125], "texture": "#0"},
				"up": {"uv": [1, 3.375, 0.5, 3.25], "texture": "#0"},
				"down": {"uv": [3.75, 0.5, 3.25, 0.625], "texture": "#0"}
			}
		},
		{
			"from": [7.1, 0.4, 17],
			"to": [8.9, 1, 17.1],
			"faces": {
				"north": {"uv": [3.25, 0.75, 3.75, 0.875], "texture": "#0"},
				"east": {"uv": [3.25, 8, 3.375, 8.125], "texture": "#0"},
				"south": {"uv": [1, 3.25, 1.5, 3.375], "texture": "#0"},
				"west": {"uv": [8, 3.25, 8.125, 3.375], "texture": "#0"},
				"up": {"uv": [3.75, 1.125, 3.25, 1], "texture": "#0"},
				"down": {"uv": [2, 3.25, 1.5, 3.375], "texture": "#0"}
			}
		},
		{
			"from": [7.1, 0.6, 16.9],
			"to": [8.9, 1, 17],
			"faces": {
				"north": {"uv": [3.25, 1.5, 3.75, 1.625], "texture": "#0"},
				"east": {"uv": [3.5, 8, 3.625, 8.125], "texture": "#0"},
				"south": {"uv": [2, 3.25, 2.5, 3.375], "texture": "#0"},
				"west": {"uv": [8, 3.5, 8.125, 3.625], "texture": "#0"},
				"up": {"uv": [3, 3.375, 2.5, 3.25], "texture": "#0"},
				"down": {"uv": [3.5, 3.25, 3, 3.375], "texture": "#0"}
			}
		},
		{
			"from": [7.1, 0.7, 16.8],
			"to": [8.9, 1, 16.9],
			"faces": {
				"north": {"uv": [0, 3.5, 0.5, 3.625], "texture": "#0"},
				"east": {"uv": [3.75, 8, 3.875, 8.125], "texture": "#0"},
				"south": {"uv": [3.5, 0, 4, 0.125], "texture": "#0"},
				"west": {"uv": [8, 3.75, 8.125, 3.875], "texture": "#0"},
				"up": {"uv": [4, 0.375, 3.5, 0.25], "texture": "#0"},
				"down": {"uv": [1, 3.5, 0.5, 3.625], "texture": "#0"}
			}
		},
		{
			"from": [7.1, 0.9, 16.7],
			"to": [8.9, 1, 16.8],
			"faces": {
				"north": {"uv": [1, 3.5, 1.5, 3.625], "texture": "#0"},
				"east": {"uv": [4, 8, 4.125, 8.125], "texture": "#0"},
				"south": {"uv": [3.5, 1.25, 4, 1.375], "texture": "#0"},
				"west": {"uv": [8, 4, 8.125, 4.125], "texture": "#0"},
				"up": {"uv": [2, 3.625, 1.5, 3.5], "texture": "#0"},
				"down": {"uv": [4, 1.75, 3.5, 1.875], "texture": "#0"}
			}
		},
		{
			"from": [7.1, 1, 16.6],
			"to": [8.9, 2, 16.7],
			"faces": {
				"north": {"uv": [0.5, 2.25, 1, 2.5], "texture": "#0"},
				"east": {"uv": [2.5, 7.75, 2.625, 8], "texture": "#0"},
				"south": {"uv": [2.25, 0.5, 2.75, 0.75], "texture": "#0"},
				"west": {"uv": [2.75, 7.75, 2.875, 8], "texture": "#0"},
				"up": {"uv": [2.5, 3.625, 2, 3.5], "texture": "#0"},
				"down": {"uv": [4, 2, 3.5, 2.125], "texture": "#0"}
			}
		},
		{
			"from": [7.1, 1.2, 16.5],
			"to": [8.9, 2, 16.6],
			"faces": {
				"north": {"uv": [2.25, 0.75, 2.75, 1], "texture": "#0"},
				"east": {"uv": [3, 7.75, 3.125, 8], "texture": "#0"},
				"south": {"uv": [1, 2.25, 1.5, 2.5], "texture": "#0"},
				"west": {"uv": [3.25, 7.75, 3.375, 8], "texture": "#0"},
				"up": {"uv": [4, 2.375, 3.5, 2.25], "texture": "#0"},
				"down": {"uv": [3, 3.5, 2.5, 3.625], "texture": "#0"}
			}
		},
		{
			"from": [7.1, 1.3, 16.3],
			"to": [8.9, 2, 16.5],
			"faces": {
				"north": {"uv": [3.5, 2.5, 4, 2.625], "texture": "#0"},
				"east": {"uv": [4.25, 8, 4.375, 8.125], "texture": "#0"},
				"south": {"uv": [3.5, 2.75, 4, 2.875], "texture": "#0"},
				"west": {"uv": [8, 4.25, 8.125, 4.375], "texture": "#0"},
				"up": {"uv": [3.5, 3.625, 3, 3.5], "texture": "#0"},
				"down": {"uv": [4, 3, 3.5, 3.125], "texture": "#0"}
			}
		},
		{
			"from": [7.1, 1.4, 16.1],
			"to": [8.9, 1.6, 16.3],
			"faces": {
				"north": {"uv": [3.5, 3.25, 4, 3.375], "texture": "#0"},
				"east": {"uv": [4.5, 8, 4.625, 8.125], "texture": "#0"},
				"south": {"uv": [3.5, 3.5, 4, 3.625], "texture": "#0"},
				"west": {"uv": [8, 4.5, 8.125, 4.625], "texture": "#0"},
				"up": {"uv": [0.5, 3.875, 0, 3.75], "texture": "#0"},
				"down": {"uv": [1, 3.75, 0.5, 3.875], "texture": "#0"}
			}
		},
		{
			"from": [7.1, 1.6, 16.2],
			"to": [8.9, 2, 16.3],
			"faces": {
				"north": {"uv": [3.75, 0.5, 4.25, 0.625], "texture": "#0"},
				"east": {"uv": [4.75, 8, 4.875, 8.125], "texture": "#0"},
				"south": {"uv": [3.75, 0.75, 4.25, 0.875], "texture": "#0"},
				"west": {"uv": [8, 4.75, 8.125, 4.875], "texture": "#0"},
				"up": {"uv": [1.5, 3.875, 1, 3.75], "texture": "#0"},
				"down": {"uv": [4.25, 1, 3.75, 1.125], "texture": "#0"}
			}
		},
		{
			"from": [7.1, 1.7, 15.6],
			"to": [8.9, 2, 16.2],
			"faces": {
				"north": {"uv": [1.5, 3.75, 2, 3.875], "texture": "#0"},
				"east": {"uv": [5, 8, 5.125, 8.125], "texture": "#0"},
				"south": {"uv": [3.75, 1.5, 4.25, 1.625], "texture": "#0"},
				"west": {"uv": [8, 5, 8.125, 5.125], "texture": "#0"},
				"up": {"uv": [2.5, 3.875, 2, 3.75], "texture": "#0"},
				"down": {"uv": [3, 3.75, 2.5, 3.875], "texture": "#0"}
			}
		},
		{
			"from": [7.1, 1.8, 15.4],
			"to": [8.9, 2, 16],
			"faces": {
				"north": {"uv": [3, 3.75, 3.5, 3.875], "texture": "#0"},
				"east": {"uv": [5.25, 8, 5.375, 8.125], "texture": "#0"},
				"south": {"uv": [3.5, 3.75, 4, 3.875], "texture": "#0"},
				"west": {"uv": [8, 5.25, 8.125, 5.375], "texture": "#0"},
				"up": {"uv": [0.5, 4.125, 0, 4], "texture": "#0"},
				"down": {"uv": [4.5, 0, 4, 0.125], "texture": "#0"}
			}
		},
		{
			"from": [7.1, 1.9, 15.2],
			"to": [8.9, 2, 15.8],
			"faces": {
				"north": {"uv": [4, 0.25, 4.5, 0.375], "texture": "#0"},
				"east": {"uv": [5.5, 8, 5.625, 8.125], "texture": "#0"},
				"south": {"uv": [0.5, 4, 1, 4.125], "texture": "#0"},
				"west": {"uv": [8, 5.5, 8.125, 5.625], "texture": "#0"},
				"up": {"uv": [1.5, 4.125, 1, 4], "texture": "#0"},
				"down": {"uv": [4.5, 1.25, 4, 1.375], "texture": "#0"}
			}
		},
		{
			"from": [7.1, 1.6, 15.9],
			"to": [8.9, 1.7, 16.2],
			"faces": {
				"north": {"uv": [1.5, 4, 2, 4.125], "texture": "#0"},
				"east": {"uv": [5.75, 8, 5.875, 8.125], "texture": "#0"},
				"south": {"uv": [4, 1.75, 4.5, 1.875], "texture": "#0"},
				"west": {"uv": [8, 5.75, 8.125, 5.875], "texture": "#0"},
				"up": {"uv": [2.5, 4.125, 2, 4], "texture": "#0"},
				"down": {"uv": [4.5, 2, 4, 2.125], "texture": "#0"}
			}
		},
		{
			"from": [7.1, 4, 14],
			"to": [8.9, 4.9, 14.2],
			"faces": {
				"north": {"uv": [2.25, 1, 2.75, 1.25], "texture": "#0"},
				"east": {"uv": [3.5, 7.75, 3.625, 8], "texture": "#0"},
				"south": {"uv": [1.5, 2.25, 2, 2.5], "texture": "#0"},
				"west": {"uv": [3.75, 7.75, 3.875, 8], "texture": "#0"},
				"up": {"uv": [4.5, 2.375, 4, 2.25], "texture": "#0"},
				"down": {"uv": [3, 4, 2.5, 4.125], "texture": "#0"}
			}
		},
		{
			"from": [7.1, 4, 14.3],
			"to": [8.9, 4.7, 14.4],
			"faces": {
				"north": {"uv": [4, 2.5, 4.5, 2.625], "texture": "#0"},
				"east": {"uv": [6, 8, 6.125, 8.125], "texture": "#0"},
				"south": {"uv": [4, 2.75, 4.5, 2.875], "texture": "#0"},
				"west": {"uv": [8, 6, 8.125, 6.125], "texture": "#0"},
				"up": {"uv": [3.5, 4.125, 3, 4], "texture": "#0"},
				"down": {"uv": [4.5, 3, 4, 3.125], "texture": "#0"}
			}
		},
		{
			"from": [7.1, 4, 14.4],
			"to": [8.9, 4.6, 14.6],
			"faces": {
				"north": {"uv": [4, 3.25, 4.5, 3.375], "texture": "#0"},
				"east": {"uv": [6.25, 8, 6.375, 8.125], "texture": "#0"},
				"south": {"uv": [3.5, 4, 4, 4.125], "texture": "#0"},
				"west": {"uv": [8, 6.25, 8.125, 6.375], "texture": "#0"},
				"up": {"uv": [4.5, 3.625, 4, 3.5], "texture": "#0"},
				"down": {"uv": [4.5, 3.75, 4, 3.875], "texture": "#0"}
			}
		},
		{
			"from": [7.1, 4, 14.7],
			"to": [8.9, 4.4, 14.8],
			"faces": {
				"north": {"uv": [4, 4, 4.5, 4.125], "texture": "#0"},
				"east": {"uv": [6.5, 8, 6.625, 8.125], "texture": "#0"},
				"south": {"uv": [0, 4.25, 0.5, 4.375], "texture": "#0"},
				"west": {"uv": [8, 6.5, 8.125, 6.625], "texture": "#0"},
				"up": {"uv": [1, 4.375, 0.5, 4.25], "texture": "#0"},
				"down": {"uv": [4.75, 0.5, 4.25, 0.625], "texture": "#0"}
			}
		},
		{
			"from": [7.1, 4, 14.8],
			"to": [8.9, 4.3, 15.1],
			"faces": {
				"north": {"uv": [4.25, 0.75, 4.75, 0.875], "texture": "#0"},
				"east": {"uv": [6.75, 8, 6.875, 8.125], "texture": "#0"},
				"south": {"uv": [1, 4.25, 1.5, 4.375], "texture": "#0"},
				"west": {"uv": [8, 6.75, 8.125, 6.875], "texture": "#0"},
				"up": {"uv": [4.75, 1.125, 4.25, 1], "texture": "#0"},
				"down": {"uv": [2, 4.25, 1.5, 4.375], "texture": "#0"}
			}
		},
		{
			"from": [7.1, 4, 15.1],
			"to": [8.9, 4.2, 16.3],
			"faces": {
				"north": {"uv": [4.25, 1.5, 4.75, 1.625], "texture": "#0"},
				"east": {"uv": [4, 7.75, 4.25, 7.875], "texture": "#0"},
				"south": {"uv": [2, 4.25, 2.5, 4.375], "texture": "#0"},
				"west": {"uv": [4.25, 7.75, 4.5, 7.875], "texture": "#0"},
				"up": {"uv": [2.75, 1.75, 2.25, 1.5], "texture": "#0"},
				"down": {"uv": [2.5, 2.25, 2, 2.5], "texture": "#0"}
			}
		},
		{
			"from": [7.1, 3, 16.5],
			"to": [8.9, 3.9, 16.8],
			"faces": {
				"north": {"uv": [0, 2.5, 0.5, 2.75], "texture": "#0"},
				"east": {"uv": [4.5, 7.75, 4.625, 8], "texture": "#0"},
				"south": {"uv": [2.5, 0, 3, 0.25], "texture": "#0"},
				"west": {"uv": [4.75, 7.75, 4.875, 8], "texture": "#0"},
				"up": {"uv": [3, 4.375, 2.5, 4.25], "texture": "#0"},
				"down": {"uv": [3.5, 4.25, 3, 4.375], "texture": "#0"}
			}
		},
		{
			"from": [7.1, 4, 14.5],
			"to": [8.9, 4.5, 14.7],
			"faces": {
				"north": {"uv": [3.5, 4.25, 4, 4.375], "texture": "#0"},
				"east": {"uv": [7, 8, 7.125, 8.125], "texture": "#0"},
				"south": {"uv": [4, 4.25, 4.5, 4.375], "texture": "#0"},
				"west": {"uv": [8, 7, 8.125, 7.125], "texture": "#0"},
				"up": {"uv": [0.5, 4.625, 0, 4.5], "texture": "#0"},
				"down": {"uv": [5, 0, 4.5, 0.125], "texture": "#0"}
			}
		},
		{
			"from": [7.1, 4, 14.2],
			"to": [8.9, 4.8, 14.3],
			"faces": {
				"north": {"uv": [2.5, 0.25, 3, 0.5], "texture": "#0"},
				"east": {"uv": [5, 7.75, 5.125, 8], "texture": "#0"},
				"south": {"uv": [0.5, 2.5, 1, 2.75], "texture": "#0"},
				"west": {"uv": [5.25, 7.75, 5.375, 8], "texture": "#0"},
				"up": {"uv": [5, 0.375, 4.5, 0.25], "texture": "#0"},
				"down": {"uv": [1, 4.5, 0.5, 4.625], "texture": "#0"}
			}
		},
		{
			"from": [7.1, 4, 16.3],
			"to": [8.9, 4.1, 16.4],
			"faces": {
				"north": {"uv": [1, 4.5, 1.5, 4.625], "texture": "#0"},
				"east": {"uv": [7.25, 8, 7.375, 8.125], "texture": "#0"},
				"south": {"uv": [4.5, 1.25, 5, 1.375], "texture": "#0"},
				"west": {"uv": [8, 7.25, 8.125, 7.375], "texture": "#0"},
				"up": {"uv": [2, 4.625, 1.5, 4.5], "texture": "#0"},
				"down": {"uv": [5, 1.75, 4.5, 1.875], "texture": "#0"}
			}
		},
		{
			"from": [7.1, 3, 16.8],
			"to": [8.9, 3.8, 16.9],
			"faces": {
				"north": {"uv": [1, 2.5, 1.5, 2.75], "texture": "#0"},
				"east": {"uv": [5.5, 7.75, 5.625, 8], "texture": "#0"},
				"south": {"uv": [2.5, 1.25, 3, 1.5], "texture": "#0"},
				"west": {"uv": [5.75, 7.75, 5.875, 8], "texture": "#0"},
				"up": {"uv": [2.5, 4.625, 2, 4.5], "texture": "#0"},
				"down": {"uv": [5, 2, 4.5, 2.125], "texture": "#0"}
			}
		},
		{
			"from": [7.1, 3, 16.9],
			"to": [8.9, 3.7, 17.1],
			"faces": {
				"north": {"uv": [4.5, 2.25, 5, 2.375], "texture": "#0"},
				"east": {"uv": [7.5, 8, 7.625, 8.125], "texture": "#0"},
				"south": {"uv": [2.5, 4.5, 3, 4.625], "texture": "#0"},
				"west": {"uv": [8, 7.5, 8.125, 7.625], "texture": "#0"},
				"up": {"uv": [5, 2.625, 4.5, 2.5], "texture": "#0"},
				"down": {"uv": [5, 2.75, 4.5, 2.875], "texture": "#0"}
			}
		},
		{
			"from": [7.1, 3, 17.2],
			"to": [8.9, 3.5, 17.3],
			"faces": {
				"north": {"uv": [3, 4.5, 3.5, 4.625], "texture": "#0"},
				"east": {"uv": [7.75, 8, 7.875, 8.125], "texture": "#0"},
				"south": {"uv": [4.5, 3, 5, 3.125], "texture": "#0"},
				"west": {"uv": [8, 7.75, 8.125, 7.875], "texture": "#0"},
				"up": {"uv": [5, 3.375, 4.5, 3.25], "texture": "#0"},
				"down": {"uv": [4, 4.5, 3.5, 4.625], "texture": "#0"}
			}
		},
		{
			"from": [7.1, 3, 17.3],
			"to": [8.9, 3.4, 17.4],
			"faces": {
				"north": {"uv": [4.5, 3.5, 5, 3.625], "texture": "#0"},
				"east": {"uv": [8, 8, 8.125, 8.125], "texture": "#0"},
				"south": {"uv": [4.5, 3.75, 5, 3.875], "texture": "#0"},
				"west": {"uv": [0, 8.25, 0.125, 8.375], "texture": "#0"},
				"up": {"uv": [4.5, 4.625, 4, 4.5], "texture": "#0"},
				"down": {"uv": [5, 4, 4.5, 4.125], "texture": "#0"}
			}
		},
		{
			"from": [7.1, 3, 17.4],
			"to": [8.9, 3.3, 17.5],
			"faces": {
				"north": {"uv": [4.5, 4.25, 5, 4.375], "texture": "#0"},
				"east": {"uv": [8.25, 0, 8.375, 0.125], "texture": "#0"},
				"south": {"uv": [4.5, 4.5, 5, 4.625], "texture": "#0"},
				"west": {"uv": [0.25, 8.25, 0.375, 8.375], "texture": "#0"},
				"up": {"uv": [0.5, 4.875, 0, 4.75], "texture": "#0"},
				"down": {"uv": [1, 4.75, 0.5, 4.875], "texture": "#0"}
			}
		},
		{
			"from": [7.1, 3, 17.6],
			"to": [8.9, 3.1, 17.7],
			"faces": {
				"north": {"uv": [4.75, 0.5, 5.25, 0.625], "texture": "#0"},
				"east": {"uv": [8.25, 0.25, 8.375, 0.375], "texture": "#0"},
				"south": {"uv": [4.75, 0.75, 5.25, 0.875], "texture": "#0"},
				"west": {"uv": [0.5, 8.25, 0.625, 8.375], "texture": "#0"},
				"up": {"uv": [1.5, 4.875, 1, 4.75], "texture": "#0"},
				"down": {"uv": [5.25, 1, 4.75, 1.125], "texture": "#0"}
			}
		},
		{
			"from": [7.1, 2, 17.8],
			"to": [8.9, 2.9, 17.9],
			"faces": {
				"north": {"uv": [1.5, 2.5, 2, 2.75], "texture": "#0"},
				"east": {"uv": [6, 7.75, 6.125, 8], "texture": "#0"},
				"south": {"uv": [2.5, 1.75, 3, 2], "texture": "#0"},
				"west": {"uv": [6.25, 7.75, 6.375, 8], "texture": "#0"},
				"up": {"uv": [2, 4.875, 1.5, 4.75], "texture": "#0"},
				"down": {"uv": [5.25, 1.5, 4.75, 1.625], "texture": "#0"}
			}
		},
		{
			"from": [7.1, 2, 17.9],
			"to": [8.9, 2.8, 18],
			"faces": {
				"north": {"uv": [2, 2.5, 2.5, 2.75], "texture": "#0"},
				"east": {"uv": [6.5, 7.75, 6.625, 8], "texture": "#0"},
				"south": {"uv": [2.5, 2, 3, 2.25], "texture": "#0"},
				"west": {"uv": [6.75, 7.75, 6.875, 8], "texture": "#0"},
				"up": {"uv": [2.5, 4.875, 2, 4.75], "texture": "#0"},
				"down": {"uv": [3, 4.75, 2.5, 4.875], "texture": "#0"}
			}
		},
		{
			"from": [7.1, 2, 18],
			"to": [8.9, 2.6, 18.2],
			"faces": {
				"north": {"uv": [3, 4.75, 3.5, 4.875], "texture": "#0"},
				"east": {"uv": [8.25, 0.5, 8.375, 0.625], "texture": "#0"},
				"south": {"uv": [3.5, 4.75, 4, 4.875], "texture": "#0"},
				"west": {"uv": [0.75, 8.25, 0.875, 8.375], "texture": "#0"},
				"up": {"uv": [4.5, 4.875, 4, 4.75], "texture": "#0"},
				"down": {"uv": [5, 4.75, 4.5, 4.875], "texture": "#0"}
			}
		},
		{
			"from": [7.1, 2, 18.3],
			"to": [8.9, 2.4, 18.4],
			"faces": {
				"north": {"uv": [0, 5, 0.5, 5.125], "texture": "#0"},
				"east": {"uv": [8.25, 0.75, 8.375, 0.875], "texture": "#0"},
				"south": {"uv": [5, 0, 5.5, 0.125], "texture": "#0"},
				"west": {"uv": [1, 8.25, 1.125, 8.375], "texture": "#0"},
				"up": {"uv": [5.5, 0.375, 5, 0.25], "texture": "#0"},
				"down": {"uv": [1, 5, 0.5, 5.125], "texture": "#0"}
			}
		},
		{
			"from": [7.1, 2, 18.4],
			"to": [8.9, 2.3, 18.5],
			"faces": {
				"north": {"uv": [1, 5, 1.5, 5.125], "texture": "#0"},
				"east": {"uv": [8.25, 1, 8.375, 1.125], "texture": "#0"},
				"south": {"uv": [5, 1.25, 5.5, 1.375], "texture": "#0"},
				"west": {"uv": [1.25, 8.25, 1.375, 8.375], "texture": "#0"},
				"up": {"uv": [2, 5.125, 1.5, 5], "texture": "#0"},
				"down": {"uv": [5.5, 1.75, 5, 1.875], "texture": "#0"}
			}
		},
		{
			"from": [7.1, 2, 18.5],
			"to": [8.9, 2.2, 18.7],
			"faces": {
				"north": {"uv": [2, 5, 2.5, 5.125], "texture": "#0"},
				"east": {"uv": [8.25, 1.25, 8.375, 1.375], "texture": "#0"},
				"south": {"uv": [5, 2, 5.5, 2.125], "texture": "#0"},
				"west": {"uv": [1.5, 8.25, 1.625, 8.375], "texture": "#0"},
				"up": {"uv": [5.5, 2.375, 5, 2.25], "texture": "#0"},
				"down": {"uv": [3, 5, 2.5, 5.125], "texture": "#0"}
			}
		},
		{
			"from": [7.1, 1, 18.8],
			"to": [8.9, 2, 18.9],
			"faces": {
				"north": {"uv": [2.5, 2.25, 3, 2.5], "texture": "#0"},
				"east": {"uv": [7, 7.75, 7.125, 8], "texture": "#0"},
				"south": {"uv": [2.5, 2.5, 3, 2.75], "texture": "#0"},
				"west": {"uv": [7.25, 7.75, 7.375, 8], "texture": "#0"},
				"up": {"uv": [5.5, 2.625, 5, 2.5], "texture": "#0"},
				"down": {"uv": [5.5, 2.75, 5, 2.875], "texture": "#0"}
			}
		},
		{
			"from": [7.1, 1, 18.9],
			"to": [8.9, 1.8, 19],
			"faces": {
				"north": {"uv": [0, 2.75, 0.5, 3], "texture": "#0"},
				"east": {"uv": [7.5, 7.75, 7.625, 8], "texture": "#0"},
				"south": {"uv": [0.5, 2.75, 1, 3], "texture": "#0"},
				"west": {"uv": [7.75, 7.75, 7.875, 8], "texture": "#0"},
				"up": {"uv": [3.5, 5.125, 3, 5], "texture": "#0"},
				"down": {"uv": [5.5, 3, 5, 3.125], "texture": "#0"}
			}
		},
		{
			"from": [7.1, 1, 19],
			"to": [8.9, 1.6, 19.1],
			"faces": {
				"north": {"uv": [5, 3.25, 5.5, 3.375], "texture": "#0"},
				"east": {"uv": [8.25, 1.5, 8.375, 1.625], "texture": "#0"},
				"south": {"uv": [3.5, 5, 4, 5.125], "texture": "#0"},
				"west": {"uv": [1.75, 8.25, 1.875, 8.375], "texture": "#0"},
				"up": {"uv": [5.5, 3.625, 5, 3.5], "texture": "#0"},
				"down": {"uv": [5.5, 3.75, 5, 3.875], "texture": "#0"}
			}
		},
		{
			"from": [7.1, 1, 19.1],
			"to": [8.9, 1.4, 19.2],
			"faces": {
				"north": {"uv": [4, 5, 4.5, 5.125], "texture": "#0"},
				"east": {"uv": [8.25, 1.75, 8.375, 1.875], "texture": "#0"},
				"south": {"uv": [5, 4, 5.5, 4.125], "texture": "#0"},
				"west": {"uv": [2, 8.25, 2.125, 8.375], "texture": "#0"},
				"up": {"uv": [5.5, 4.375, 5, 4.25], "texture": "#0"},
				"down": {"uv": [5, 5, 4.5, 5.125], "texture": "#0"}
			}
		},
		{
			"from": [7.1, 1, 19.2],
			"to": [8.9, 1.2, 19.3],
			"faces": {
				"north": {"uv": [5, 4.5, 5.5, 4.625], "texture": "#0"},
				"east": {"uv": [8.25, 2, 8.375, 2.125], "texture": "#0"},
				"south": {"uv": [5, 4.75, 5.5, 4.875], "texture": "#0"},
				"west": {"uv": [2.25, 8.25, 2.375, 8.375], "texture": "#0"},
				"up": {"uv": [5.5, 5.125, 5, 5], "texture": "#0"},
				"down": {"uv": [0.5, 5.25, 0, 5.375], "texture": "#0"}
			}
		},
		{
			"from": [7.1, 1.5, 16],
			"to": [8.9, 1.6, 16.1],
			"faces": {
				"north": {"uv": [0.5, 5.25, 1, 5.375], "texture": "#0"},
				"east": {"uv": [8.25, 2.25, 8.375, 2.375], "texture": "#0"},
				"south": {"uv": [5.25, 0.5, 5.75, 0.625], "texture": "#0"},
				"west": {"uv": [2.5, 8.25, 2.625, 8.375], "texture": "#0"},
				"up": {"uv": [5.75, 0.875, 5.25, 0.75], "texture": "#0"},
				"down": {"uv": [1.5, 5.25, 1, 5.375], "texture": "#0"}
			}
		},
		{
			"from": [7.1, 1.1, 16.5],
			"to": [8.9, 1.2, 16.6],
			"faces": {
				"north": {"uv": [5.25, 1, 5.75, 1.125], "texture": "#0"},
				"east": {"uv": [8.25, 2.5, 8.375, 2.625], "texture": "#0"},
				"south": {"uv": [1.5, 5.25, 2, 5.375], "texture": "#0"},
				"west": {"uv": [2.75, 8.25, 2.875, 8.375], "texture": "#0"},
				"up": {"uv": [5.75, 1.625, 5.25, 1.5], "texture": "#0"},
				"down": {"uv": [2.5, 5.25, 2, 5.375], "texture": "#0"}
			}
		},
		{
			"from": [7.1, 1.2, 16.4],
			"to": [8.9, 1.3, 16.5],
			"faces": {
				"north": {"uv": [2.5, 5.25, 3, 5.375], "texture": "#0"},
				"east": {"uv": [8.25, 2.75, 8.375, 2.875], "texture": "#0"},
				"south": {"uv": [3, 5.25, 3.5, 5.375], "texture": "#0"},
				"west": {"uv": [3, 8.25, 3.125, 8.375], "texture": "#0"},
				"up": {"uv": [4, 5.375, 3.5, 5.25], "texture": "#0"},
				"down": {"uv": [4.5, 5.25, 4, 5.375], "texture": "#0"}
			}
		},
		{
			"from": [7.1, 2, 18.7],
			"to": [8.9, 2.1, 18.8],
			"faces": {
				"north": {"uv": [4.5, 5.25, 5, 5.375], "texture": "#0"},
				"east": {"uv": [8.25, 3, 8.375, 3.125], "texture": "#0"},
				"south": {"uv": [5, 5.25, 5.5, 5.375], "texture": "#0"},
				"west": {"uv": [3.25, 8.25, 3.375, 8.375], "texture": "#0"},
				"up": {"uv": [0.5, 5.625, 0, 5.5], "texture": "#0"},
				"down": {"uv": [6, 0, 5.5, 0.125], "texture": "#0"}
			}
		},
		{
			"from": [7.1, 2, 18.2],
			"to": [8.9, 2.5, 18.3],
			"faces": {
				"north": {"uv": [5.5, 0.25, 6, 0.375], "texture": "#0"},
				"east": {"uv": [8.25, 3.25, 8.375, 3.375], "texture": "#0"},
				"south": {"uv": [0.5, 5.5, 1, 5.625], "texture": "#0"},
				"west": {"uv": [3.5, 8.25, 3.625, 8.375], "texture": "#0"},
				"up": {"uv": [1.5, 5.625, 1, 5.5], "texture": "#0"},
				"down": {"uv": [6, 1.25, 5.5, 1.375], "texture": "#0"}
			}
		},
		{
			"from": [7.1, 3, 17.1],
			"to": [8.9, 3.6, 17.2],
			"faces": {
				"north": {"uv": [1.5, 5.5, 2, 5.625], "texture": "#0"},
				"east": {"uv": [8.25, 3.5, 8.375, 3.625], "texture": "#0"},
				"south": {"uv": [5.5, 1.75, 6, 1.875], "texture": "#0"},
				"west": {"uv": [3.75, 8.25, 3.875, 8.375], "texture": "#0"},
				"up": {"uv": [2.5, 5.625, 2, 5.5], "texture": "#0"},
				"down": {"uv": [6, 2, 5.5, 2.125], "texture": "#0"}
			}
		},
		{
			"from": [7.1, 3, 17.5],
			"to": [8.9, 3.2, 17.6],
			"faces": {
				"north": {"uv": [5.5, 2.25, 6, 2.375], "texture": "#0"},
				"east": {"uv": [8.25, 3.75, 8.375, 3.875], "texture": "#0"},
				"south": {"uv": [2.5, 5.5, 3, 5.625], "texture": "#0"},
				"west": {"uv": [4, 8.25, 4.125, 8.375], "texture": "#0"},
				"up": {"uv": [6, 2.625, 5.5, 2.5], "texture": "#0"},
				"down": {"uv": [6, 2.75, 5.5, 2.875], "texture": "#0"}
			}
		},
		{
			"from": [7.1, 2.6, 18],
			"to": [8.9, 2.7, 18.1],
			"faces": {
				"north": {"uv": [3, 5.5, 3.5, 5.625], "texture": "#0"},
				"east": {"uv": [8.25, 4, 8.375, 4.125], "texture": "#0"},
				"south": {"uv": [5.5, 3, 6, 3.125], "texture": "#0"},
				"west": {"uv": [4.25, 8.25, 4.375, 8.375], "texture": "#0"},
				"up": {"uv": [6, 3.375, 5.5, 3.25], "texture": "#0"},
				"down": {"uv": [4, 5.5, 3.5, 5.625], "texture": "#0"}
			}
		},
		{
			"from": [7.1, -0.1, 17.4],
			"to": [8.9, 0, 19.2],
			"faces": {
				"north": {"uv": [5.5, 3.5, 6, 3.625], "texture": "#0"},
				"east": {"uv": [5.5, 3.75, 6, 3.875], "texture": "#0"},
				"south": {"uv": [4, 5.5, 4.5, 5.625], "texture": "#0"},
				"west": {"uv": [5.5, 4, 6, 4.125], "texture": "#0"},
				"up": {"uv": [2, 0.5, 1.5, 0], "texture": "#0"},
				"down": {"uv": [1, 1.5, 0.5, 2], "texture": "#0"}
			}
		},
		{
			"from": [7.1, 0.1, 19.3],
			"to": [8.9, 0.9, 19.4],
			"faces": {
				"north": {"uv": [2.75, 0.5, 3.25, 0.75], "texture": "#0"},
				"east": {"uv": [0, 8, 0.125, 8.25], "texture": "#0"},
				"south": {"uv": [2.75, 0.75, 3.25, 1], "texture": "#0"},
				"west": {"uv": [8, 0, 8.125, 0.25], "texture": "#0"},
				"up": {"uv": [6, 4.375, 5.5, 4.25], "texture": "#0"},
				"down": {"uv": [5, 5.5, 4.5, 5.625], "texture": "#0"}
			}
		},
		{
			"from": [7, 3, 17.6],
			"to": [9, 3, 17.7],
			"faces": {
				"north": {"uv": [0, 0, 0.5, 0], "texture": "#0"},
				"east": {"uv": [0, 0, 0.125, 0], "texture": "#0"},
				"south": {"uv": [0, 0, 0.5, 0], "texture": "#0"},
				"west": {"uv": [0, 0, 0.125, 0], "texture": "#0"},
				"up": {"uv": [6, 4.625, 5.5, 4.5], "texture": "#0"},
				"down": {"uv": [6, 4.75, 5.5, 4.875], "texture": "#0"}
			}
		},
		{
			"from": [7, 3, 17.5],
			"to": [9, 3.1, 17.6],
			"faces": {
				"north": {"uv": [5, 5.5, 5.5, 5.625], "texture": "#0"},
				"east": {"uv": [8.25, 4.25, 8.375, 4.375], "texture": "#0"},
				"south": {"uv": [5.5, 5, 6, 5.125], "texture": "#0"},
				"west": {"uv": [4.5, 8.25, 4.625, 8.375], "texture": "#0"},
				"up": {"uv": [6, 5.375, 5.5, 5.25], "texture": "#0"},
				"down": {"uv": [6, 5.5, 5.5, 5.625], "texture": "#0"}
			}
		},
		{
			"from": [7, 3, 17.4],
			"to": [9, 3.2, 17.5],
			"faces": {
				"north": {"uv": [0, 5.75, 0.5, 5.875], "texture": "#0"},
				"east": {"uv": [8.25, 4.5, 8.375, 4.625], "texture": "#0"},
				"south": {"uv": [0.5, 5.75, 1, 5.875], "texture": "#0"},
				"west": {"uv": [4.75, 8.25, 4.875, 8.375], "texture": "#0"},
				"up": {"uv": [6.25, 0.625, 5.75, 0.5], "texture": "#0"},
				"down": {"uv": [6.25, 0.75, 5.75, 0.875], "texture": "#0"}
			}
		},
		{
			"from": [7, 3, 17.3],
			"to": [9, 3.3, 17.4],
			"faces": {
				"north": {"uv": [1, 5.75, 1.5, 5.875], "texture": "#0"},
				"east": {"uv": [8.25, 4.75, 8.375, 4.875], "texture": "#0"},
				"south": {"uv": [5.75, 1, 6.25, 1.125], "texture": "#0"},
				"west": {"uv": [5, 8.25, 5.125, 8.375], "texture": "#0"},
				"up": {"uv": [2, 5.875, 1.5, 5.75], "texture": "#0"},
				"down": {"uv": [6.25, 1.5, 5.75, 1.625], "texture": "#0"}
			}
		},
		{
			"from": [7, 3, 17.2],
			"to": [9, 3.4, 17.3],
			"faces": {
				"north": {"uv": [2, 5.75, 2.5, 5.875], "texture": "#0"},
				"east": {"uv": [8.25, 5, 8.375, 5.125], "texture": "#0"},
				"south": {"uv": [2.5, 5.75, 3, 5.875], "texture": "#0"},
				"west": {"uv": [5.25, 8.25, 5.375, 8.375], "texture": "#0"},
				"up": {"uv": [3.5, 5.875, 3, 5.75], "texture": "#0"},
				"down": {"uv": [4, 5.75, 3.5, 5.875], "texture": "#0"}
			}
		},
		{
			"from": [7, 3, 17.1],
			"to": [9, 3.5, 17.2],
			"faces": {
				"north": {"uv": [4, 5.75, 4.5, 5.875], "texture": "#0"},
				"east": {"uv": [8.25, 5.25, 8.375, 5.375], "texture": "#0"},
				"south": {"uv": [4.5, 5.75, 5, 5.875], "texture": "#0"},
				"west": {"uv": [5.5, 8.25, 5.625, 8.375], "texture": "#0"},
				"up": {"uv": [5.5, 5.875, 5, 5.75], "texture": "#0"},
				"down": {"uv": [6, 5.75, 5.5, 5.875], "texture": "#0"}
			}
		},
		{
			"from": [7, 3, 16.9],
			"to": [9, 3.6, 17.1],
			"faces": {
				"north": {"uv": [0, 6, 0.5, 6.125], "texture": "#0"},
				"east": {"uv": [8.25, 5.5, 8.375, 5.625], "texture": "#0"},
				"south": {"uv": [6, 0, 6.5, 0.125], "texture": "#0"},
				"west": {"uv": [5.75, 8.25, 5.875, 8.375], "texture": "#0"},
				"up": {"uv": [6.5, 0.375, 6, 0.25], "texture": "#0"},
				"down": {"uv": [1, 6, 0.5, 6.125], "texture": "#0"}
			}
		},
		{
			"from": [7, 3, 16.8],
			"to": [9, 3.7, 16.9],
			"faces": {
				"north": {"uv": [1, 6, 1.5, 6.125], "texture": "#0"},
				"east": {"uv": [8.25, 5.75, 8.375, 5.875], "texture": "#0"},
				"south": {"uv": [6, 1.25, 6.5, 1.375], "texture": "#0"},
				"west": {"uv": [6, 8.25, 6.125, 8.375], "texture": "#0"},
				"up": {"uv": [2, 6.125, 1.5, 6], "texture": "#0"},
				"down": {"uv": [6.5, 1.75, 6, 1.875], "texture": "#0"}
			}
		},
		{
			"from": [7, 3, 16.5],
			"to": [9, 3.8, 16.8],
			"faces": {
				"north": {"uv": [1, 2.75, 1.5, 3], "texture": "#0"},
				"east": {"uv": [0.25, 8, 0.375, 8.25], "texture": "#0"},
				"south": {"uv": [2.75, 1, 3.25, 1.25], "texture": "#0"},
				"west": {"uv": [8, 0.25, 8.125, 0.5], "texture": "#0"},
				"up": {"uv": [2.5, 6.125, 2, 6], "texture": "#0"},
				"down": {"uv": [6.5, 2, 6, 2.125], "texture": "#0"}
			}
		},
		{
			"from": [7, 2, 18.2],
			"to": [9, 2.4, 18.3],
			"faces": {
				"north": {"uv": [6, 2.5, 6.5, 2.625], "texture": "#0"},
				"east": {"uv": [8.25, 6, 8.375, 6.125], "texture": "#0"},
				"south": {"uv": [6, 2.75, 6.5, 2.875], "texture": "#0"},
				"west": {"uv": [6.25, 8.25, 6.375, 8.375], "texture": "#0"},
				"up": {"uv": [3.5, 6.125, 3, 6], "texture": "#0"},
				"down": {"uv": [6.5, 3, 6, 3.125], "texture": "#0"}
			}
		},
		{
			"from": [7, 2, 18.7],
			"to": [9, 2, 18.8],
			"faces": {
				"north": {"uv": [0, 0, 0.5, 0], "texture": "#0"},
				"east": {"uv": [0, 0, 0.125, 0], "texture": "#0"},
				"south": {"uv": [0, 0, 0.5, 0], "texture": "#0"},
				"west": {"uv": [0, 0, 0.125, 0], "texture": "#0"},
				"up": {"uv": [6.5, 3.375, 6, 3.25], "texture": "#0"},
				"down": {"uv": [4, 6, 3.5, 6.125], "texture": "#0"}
			}
		},
		{
			"from": [7, 2, 18.5],
			"to": [9, 2.1, 18.7],
			"faces": {
				"north": {"uv": [6, 3.5, 6.5, 3.625], "texture": "#0"},
				"east": {"uv": [8.25, 6.25, 8.375, 6.375], "texture": "#0"},
				"south": {"uv": [6, 3.75, 6.5, 3.875], "texture": "#0"},
				"west": {"uv": [6.5, 8.25, 6.625, 8.375], "texture": "#0"},
				"up": {"uv": [4.5, 6.125, 4, 6], "texture": "#0"},
				"down": {"uv": [6.5, 4, 6, 4.125], "texture": "#0"}
			}
		},
		{
			"from": [7, 2, 18.4],
			"to": [9, 2.2, 18.5],
			"faces": {
				"north": {"uv": [6, 4.25, 6.5, 4.375], "texture": "#0"},
				"east": {"uv": [8.25, 6.5, 8.375, 6.625], "texture": "#0"},
				"south": {"uv": [4.5, 6, 5, 6.125], "texture": "#0"},
				"west": {"uv": [6.75, 8.25, 6.875, 8.375], "texture": "#0"},
				"up": {"uv": [6.5, 4.625, 6, 4.5], "texture": "#0"},
				"down": {"uv": [6.5, 4.75, 6, 4.875], "texture": "#0"}
			}
		},
		{
			"from": [7, 2, 18.3],
			"to": [9, 2.3, 18.4],
			"faces": {
				"north": {"uv": [5, 6, 5.5, 6.125], "texture": "#0"},
				"east": {"uv": [8.25, 6.75, 8.375, 6.875], "texture": "#0"},
				"south": {"uv": [6, 5, 6.5, 5.125], "texture": "#0"},
				"west": {"uv": [7, 8.25, 7.125, 8.375], "texture": "#0"},
				"up": {"uv": [6.5, 5.375, 6, 5.25], "texture": "#0"},
				"down": {"uv": [6, 6, 5.5, 6.125], "texture": "#0"}
			}
		},
		{
			"from": [7, 2, 18],
			"to": [9, 2.5, 18.2],
			"faces": {
				"north": {"uv": [6, 5.5, 6.5, 5.625], "texture": "#0"},
				"east": {"uv": [8.25, 7, 8.375, 7.125], "texture": "#0"},
				"south": {"uv": [6, 5.75, 6.5, 5.875], "texture": "#0"},
				"west": {"uv": [7.25, 8.25, 7.375, 8.375], "texture": "#0"},
				"up": {"uv": [6.5, 6.125, 6, 6], "texture": "#0"},
				"down": {"uv": [0.5, 6.25, 0, 6.375], "texture": "#0"}
			}
		},
		{
			"from": [7, 2, 17.9],
			"to": [9, 2.7, 18],
			"faces": {
				"north": {"uv": [0.5, 6.25, 1, 6.375], "texture": "#0"},
				"east": {"uv": [8.25, 7.25, 8.375, 7.375], "texture": "#0"},
				"south": {"uv": [6.25, 0.5, 6.75, 0.625], "texture": "#0"},
				"west": {"uv": [7.5, 8.25, 7.625, 8.375], "texture": "#0"},
				"up": {"uv": [6.75, 0.875, 6.25, 0.75], "texture": "#0"},
				"down": {"uv": [1.5, 6.25, 1, 6.375], "texture": "#0"}
			}
		},
		{
			"from": [7, 2, 17.8],
			"to": [9, 2.8, 17.9],
			"faces": {
				"north": {"uv": [1.5, 2.75, 2, 3], "texture": "#0"},
				"east": {"uv": [0.5, 8, 0.625, 8.25], "texture": "#0"},
				"south": {"uv": [2.75, 1.5, 3.25, 1.75], "texture": "#0"},
				"west": {"uv": [0.75, 8, 0.875, 8.25], "texture": "#0"},
				"up": {"uv": [6.75, 1.125, 6.25, 1], "texture": "#0"},
				"down": {"uv": [2, 6.25, 1.5, 6.375], "texture": "#0"}
			}
		},
		{
			"from": [7, 1, 19.2],
			"to": [9, 1, 19.3],
			"faces": {
				"north": {"uv": [0, 0, 0.5, 0], "texture": "#0"},
				"east": {"uv": [0, 0, 0.125, 0], "texture": "#0"},
				"south": {"uv": [0, 0, 0.5, 0], "texture": "#0"},
				"west": {"uv": [0, 0, 0.125, 0], "texture": "#0"},
				"up": {"uv": [6.75, 1.625, 6.25, 1.5], "texture": "#0"},
				"down": {"uv": [2.5, 6.25, 2, 6.375], "texture": "#0"}
			}
		},
		{
			"from": [7, 1, 19.1],
			"to": [9, 1.2, 19.2],
			"faces": {
				"north": {"uv": [2.5, 6.25, 3, 6.375], "texture": "#0"},
				"east": {"uv": [8.25, 7.5, 8.375, 7.625], "texture": "#0"},
				"south": {"uv": [3, 6.25, 3.5, 6.375], "texture": "#0"},
				"west": {"uv": [7.75, 8.25, 7.875, 8.375], "texture": "#0"},
				"up": {"uv": [4, 6.375, 3.5, 6.25], "texture": "#0"},
				"down": {"uv": [4.5, 6.25, 4, 6.375], "texture": "#0"}
			}
		},
		{
			"from": [7, 1, 19],
			"to": [9, 1.4, 19.1],
			"faces": {
				"north": {"uv": [4.5, 6.25, 5, 6.375], "texture": "#0"},
				"east": {"uv": [8.25, 7.75, 8.375, 7.875], "texture": "#0"},
				"south": {"uv": [5, 6.25, 5.5, 6.375], "texture": "#0"},
				"west": {"uv": [8, 8.25, 8.125, 8.375], "texture": "#0"},
				"up": {"uv": [6, 6.375, 5.5, 6.25], "texture": "#0"},
				"down": {"uv": [6.5, 6.25, 6, 6.375], "texture": "#0"}
			}
		},
		{
			"from": [7, 1, 18.9],
			"to": [9, 1.6, 19],
			"faces": {
				"north": {"uv": [0, 6.5, 0.5, 6.625], "texture": "#0"},
				"east": {"uv": [8.25, 8, 8.375, 8.125], "texture": "#0"},
				"south": {"uv": [6.5, 0, 7, 0.125], "texture": "#0"},
				"west": {"uv": [8.25, 8.25, 8.375, 8.375], "texture": "#0"},
				"up": {"uv": [7, 0.375, 6.5, 0.25], "texture": "#0"},
				"down": {"uv": [1, 6.5, 0.5, 6.625], "texture": "#0"}
			}
		},
		{
			"from": [7, 1, 18.8],
			"to": [9, 1.8, 18.9],
			"faces": {
				"north": {"uv": [2, 2.75, 2.5, 3], "texture": "#0"},
				"east": {"uv": [1, 8, 1.125, 8.25], "texture": "#0"},
				"south": {"uv": [2.5, 2.75, 3, 3], "texture": "#0"},
				"west": {"uv": [1.25, 8, 1.375, 8.25], "texture": "#0"},
				"up": {"uv": [1.5, 6.625, 1, 6.5], "texture": "#0"},
				"down": {"uv": [7, 1.25, 6.5, 1.375], "texture": "#0"}
			}
		},
		{
			"from": [7, 4, 14.2],
			"to": [9, 4.7, 14.3],
			"faces": {
				"north": {"uv": [1.5, 6.5, 2, 6.625], "texture": "#0"},
				"east": {"uv": [0, 8.5, 0.125, 8.625], "texture": "#0"},
				"south": {"uv": [6.5, 1.75, 7, 1.875], "texture": "#0"},
				"west": {"uv": [8.5, 0, 8.625, 0.125], "texture": "#0"},
				"up": {"uv": [2.5, 6.625, 2, 6.5], "texture": "#0"},
				"down": {"uv": [7, 2, 6.5, 2.125], "texture": "#0"}
			}
		},
		{
			"from": [7, 4, 14.5],
			"to": [9, 4.4, 14.7],
			"faces": {
				"north": {"uv": [6.5, 2.25, 7, 2.375], "texture": "#0"},
				"east": {"uv": [0.25, 8.5, 0.375, 8.625], "texture": "#0"},
				"south": {"uv": [2.5, 6.5, 3, 6.625], "texture": "#0"},
				"west": {"uv": [8.5, 0.25, 8.625, 0.375], "texture": "#0"},
				"up": {"uv": [7, 2.625, 6.5, 2.5], "texture": "#0"},
				"down": {"uv": [7, 2.75, 6.5, 2.875], "texture": "#0"}
			}
		},
		{
			"from": [7, 4, 15.1],
			"to": [9, 4.1, 16.3],
			"faces": {
				"north": {"uv": [3, 6.5, 3.5, 6.625], "texture": "#0"},
				"east": {"uv": [8, 1.25, 8.25, 1.375], "texture": "#0"},
				"south": {"uv": [6.5, 3, 7, 3.125], "texture": "#0"},
				"west": {"uv": [1.5, 8, 1.75, 8.125], "texture": "#0"},
				"up": {"uv": [0.5, 3.25, 0, 3], "texture": "#0"},
				"down": {"uv": [3.5, 0, 3, 0.25], "texture": "#0"}
			}
		},
		{
			"from": [7, 4, 14.8],
			"to": [9, 4.2, 15.1],
			"faces": {
				"north": {"uv": [6.5, 3.25, 7, 3.375], "texture": "#0"},
				"east": {"uv": [0.5, 8.5, 0.625, 8.625], "texture": "#0"},
				"south": {"uv": [3.5, 6.5, 4, 6.625], "texture": "#0"},
				"west": {"uv": [8.5, 0.5, 8.625, 0.625], "texture": "#0"},
				"up": {"uv": [7, 3.625, 6.5, 3.5], "texture": "#0"},
				"down": {"uv": [7, 3.75, 6.5, 3.875], "texture": "#0"}
			}
		},
		{
			"from": [7, 4, 14.7],
			"to": [9, 4.3, 14.8],
			"faces": {
				"north": {"uv": [4, 6.5, 4.5, 6.625], "texture": "#0"},
				"east": {"uv": [0.75, 8.5, 0.875, 8.625], "texture": "#0"},
				"south": {"uv": [6.5, 4, 7, 4.125], "texture": "#0"},
				"west": {"uv": [8.5, 0.75, 8.625, 0.875], "texture": "#0"},
				"up": {"uv": [7, 4.375, 6.5, 4.25], "texture": "#0"},
				"down": {"uv": [5, 6.5, 4.5, 6.625], "texture": "#0"}
			}
		},
		{
			"from": [7, 4, 14.4],
			"to": [9, 4.5, 14.6],
			"faces": {
				"north": {"uv": [6.5, 4.5, 7, 4.625], "texture": "#0"},
				"east": {"uv": [1, 8.5, 1.125, 8.625], "texture": "#0"},
				"south": {"uv": [6.5, 4.75, 7, 4.875], "texture": "#0"},
				"west": {"uv": [8.5, 1, 8.625, 1.125], "texture": "#0"},
				"up": {"uv": [5.5, 6.625, 5, 6.5], "texture": "#0"},
				"down": {"uv": [7, 5, 6.5, 5.125], "texture": "#0"}
			}
		},
		{
			"from": [7, 4, 14.3],
			"to": [9, 4.6, 14.4],
			"faces": {
				"north": {"uv": [6.5, 5.25, 7, 5.375], "texture": "#0"},
				"east": {"uv": [1.25, 8.5, 1.375, 8.625], "texture": "#0"},
				"south": {"uv": [5.5, 6.5, 6, 6.625], "texture": "#0"},
				"west": {"uv": [8.5, 1.25, 8.625, 1.375], "texture": "#0"},
				"up": {"uv": [7, 5.625, 6.5, 5.5], "texture": "#0"},
				"down": {"uv": [7, 5.75, 6.5, 5.875], "texture": "#0"}
			}
		},
		{
			"from": [7, 4, 14],
			"to": [9, 4.8, 14.2],
			"faces": {
				"north": {"uv": [3, 0.25, 3.5, 0.5], "texture": "#0"},
				"east": {"uv": [1.75, 8, 1.875, 8.25], "texture": "#0"},
				"south": {"uv": [0.5, 3, 1, 3.25], "texture": "#0"},
				"west": {"uv": [8, 1.75, 8.125, 2], "texture": "#0"},
				"up": {"uv": [6.5, 6.625, 6, 6.5], "texture": "#0"},
				"down": {"uv": [7, 6, 6.5, 6.125], "texture": "#0"}
			}
		},
		{
			"from": [7, 1.3, 16.4],
			"to": [9, 1.3, 16.5],
			"faces": {
				"north": {"uv": [0, 0, 0.5, 0], "texture": "#0"},
				"east": {"uv": [0, 0, 0.125, 0], "texture": "#0"},
				"south": {"uv": [0, 0, 0.5, 0], "texture": "#0"},
				"west": {"uv": [0, 0, 0.125, 0], "texture": "#0"},
				"up": {"uv": [7, 6.375, 6.5, 6.25], "texture": "#0"},
				"down": {"uv": [7, 6.5, 6.5, 6.625], "texture": "#0"}
			}
		},
		{
			"from": [7, 1.2, 16.5],
			"to": [9, 1.2, 16.6],
			"faces": {
				"north": {"uv": [0, 0, 0.5, 0], "texture": "#0"},
				"east": {"uv": [0, 0, 0.125, 0], "texture": "#0"},
				"south": {"uv": [0, 0, 0.5, 0], "texture": "#0"},
				"west": {"uv": [0, 0, 0.125, 0], "texture": "#0"},
				"up": {"uv": [0.5, 6.875, 0, 6.75], "texture": "#0"},
				"down": {"uv": [1, 6.75, 0.5, 6.875], "texture": "#0"}
			}
		},
		{
			"from": [7, 1.6, 16],
			"to": [9, 1.6, 16.1],
			"faces": {
				"north": {"uv": [0, 0, 0.5, 0], "texture": "#0"},
				"east": {"uv": [0, 0, 0.125, 0], "texture": "#0"},
				"south": {"uv": [0, 0, 0.5, 0], "texture": "#0"},
				"west": {"uv": [0, 0, 0.125, 0], "texture": "#0"},
				"up": {"uv": [7.25, 0.625, 6.75, 0.5], "texture": "#0"},
				"down": {"uv": [7.25, 0.75, 6.75, 0.875], "texture": "#0"}
			}
		},
		{
			"from": [7, 1.7, 15.9],
			"to": [9, 1.7, 16.2],
			"faces": {
				"north": {"uv": [0, 0, 0.5, 0], "texture": "#0"},
				"east": {"uv": [0, 0, 0.125, 0], "texture": "#0"},
				"south": {"uv": [0, 0, 0.5, 0], "texture": "#0"},
				"west": {"uv": [0, 0, 0.125, 0], "texture": "#0"},
				"up": {"uv": [1.5, 6.875, 1, 6.75], "texture": "#0"},
				"down": {"uv": [7.25, 1, 6.75, 1.125], "texture": "#0"}
			}
		},
		{
			"from": [7, 2, 15.2],
			"to": [9, 2, 15.8],
			"faces": {
				"north": {"uv": [0, 0, 0.5, 0], "texture": "#0"},
				"east": {"uv": [0, 0, 0.125, 0], "texture": "#0"},
				"south": {"uv": [0, 0, 0.5, 0], "texture": "#0"},
				"west": {"uv": [0, 0, 0.125, 0], "texture": "#0"},
				"up": {"uv": [2, 6.875, 1.5, 6.75], "texture": "#0"},
				"down": {"uv": [7.25, 1.5, 6.75, 1.625], "texture": "#0"}
			}
		},
		{
			"from": [7, 1.9, 15.4],
			"to": [9, 2, 16],
			"faces": {
				"north": {"uv": [2, 6.75, 2.5, 6.875], "texture": "#0"},
				"east": {"uv": [1.5, 8.5, 1.625, 8.625], "texture": "#0"},
				"south": {"uv": [2.5, 6.75, 3, 6.875], "texture": "#0"},
				"west": {"uv": [8.5, 1.5, 8.625, 1.625], "texture": "#0"},
				"up": {"uv": [3.5, 6.875, 3, 6.75], "texture": "#0"},
				"down": {"uv": [4, 6.75, 3.5, 6.875], "texture": "#0"}
			}
		},
		{
			"from": [7, 1.8, 15.6],
			"to": [9, 2, 16.2],
			"faces": {
				"north": {"uv": [4, 6.75, 4.5, 6.875], "texture": "#0"},
				"east": {"uv": [1.75, 8.5, 1.875, 8.625], "texture": "#0"},
				"south": {"uv": [4.5, 6.75, 5, 6.875], "texture": "#0"},
				"west": {"uv": [8.5, 1.75, 8.625, 1.875], "texture": "#0"},
				"up": {"uv": [5.5, 6.875, 5, 6.75], "texture": "#0"},
				"down": {"uv": [6, 6.75, 5.5, 6.875], "texture": "#0"}
			}
		},
		{
			"from": [7, 1.6, 16.2],
			"to": [9, 2, 16.3],
			"faces": {
				"north": {"uv": [6, 6.75, 6.5, 6.875], "texture": "#0"},
				"east": {"uv": [2, 8.5, 2.125, 8.625], "texture": "#0"},
				"south": {"uv": [6.5, 6.75, 7, 6.875], "texture": "#0"},
				"west": {"uv": [8.5, 2, 8.625, 2.125], "texture": "#0"},
				"up": {"uv": [0.5, 7.125, 0, 7], "texture": "#0"},
				"down": {"uv": [7.5, 0, 7, 0.125], "texture": "#0"}
			}
		},
		{
			"from": [7, 1.4, 16.3],
			"to": [9, 2, 16.5],
			"faces": {
				"north": {"uv": [7, 0.25, 7.5, 0.375], "texture": "#0"},
				"east": {"uv": [2.25, 8.5, 2.375, 8.625], "texture": "#0"},
				"south": {"uv": [0.5, 7, 1, 7.125], "texture": "#0"},
				"west": {"uv": [8.5, 2.25, 8.625, 2.375], "texture": "#0"},
				"up": {"uv": [1.5, 7.125, 1, 7], "texture": "#0"},
				"down": {"uv": [7.5, 1.25, 7, 1.375], "texture": "#0"}
			}
		},
		{
			"from": [7, 1.3, 16.5],
			"to": [9, 2, 16.6],
			"faces": {
				"north": {"uv": [1.5, 7, 2, 7.125], "texture": "#0"},
				"east": {"uv": [2.5, 8.5, 2.625, 8.625], "texture": "#0"},
				"south": {"uv": [7, 1.75, 7.5, 1.875], "texture": "#0"},
				"west": {"uv": [8.5, 2.5, 8.625, 2.625], "texture": "#0"},
				"up": {"uv": [2.5, 7.125, 2, 7], "texture": "#0"},
				"down": {"uv": [7.5, 2, 7, 2.125], "texture": "#0"}
			}
		},
		{
			"from": [7, 1.1, 16.6],
			"to": [9, 2, 16.7],
			"faces": {
				"north": {"uv": [1, 3, 1.5, 3.25], "texture": "#0"},
				"east": {"uv": [2, 8, 2.125, 8.25], "texture": "#0"},
				"south": {"uv": [3, 1.25, 3.5, 1.5], "texture": "#0"},
				"west": {"uv": [8, 2, 8.125, 2.25], "texture": "#0"},
				"up": {"uv": [7.5, 2.375, 7, 2.25], "texture": "#0"},
				"down": {"uv": [3, 7, 2.5, 7.125], "texture": "#0"}
			}
		},
		{
			"from": [7, 1, 16.7],
			"to": [9, 1, 16.8],
			"faces": {
				"north": {"uv": [0, 0, 0.5, 0], "texture": "#0"},
				"east": {"uv": [0, 0, 0.125, 0], "texture": "#0"},
				"south": {"uv": [0, 0, 0.5, 0], "texture": "#0"},
				"west": {"uv": [0, 0, 0.125, 0], "texture": "#0"},
				"up": {"uv": [7.5, 2.625, 7, 2.5], "texture": "#0"},
				"down": {"uv": [7.5, 2.75, 7, 2.875], "texture": "#0"}
			}
		},
		{
			"from": [7, 0.9, 16.8],
			"to": [9, 1, 16.9],
			"faces": {
				"north": {"uv": [3, 7, 3.5, 7.125], "texture": "#0"},
				"east": {"uv": [2.75, 8.5, 2.875, 8.625], "texture": "#0"},
				"south": {"uv": [7, 3, 7.5, 3.125], "texture": "#0"},
				"west": {"uv": [8.5, 2.75, 8.625, 2.875], "texture": "#0"},
				"up": {"uv": [7.5, 3.375, 7, 3.25], "texture": "#0"},
				"down": {"uv": [4, 7, 3.5, 7.125], "texture": "#0"}
			}
		},
		{
			"from": [7, 0.8, 16.9],
			"to": [9, 1, 17],
			"faces": {
				"north": {"uv": [7, 3.5, 7.5, 3.625], "texture": "#0"},
				"east": {"uv": [3, 8.5, 3.125, 8.625], "texture": "#0"},
				"south": {"uv": [7, 3.75, 7.5, 3.875], "texture": "#0"},
				"west": {"uv": [8.5, 3, 8.625, 3.125], "texture": "#0"},
				"up": {"uv": [4.5, 7.125, 4, 7], "texture": "#0"},
				"down": {"uv": [7.5, 4, 7, 4.125], "texture": "#0"}
			}
		},
		{
			"from": [7, 0.6, 17],
			"to": [9, 1, 17.1],
			"faces": {
				"north": {"uv": [7, 4.25, 7.5, 4.375], "texture": "#0"},
				"east": {"uv": [3.25, 8.5, 3.375, 8.625], "texture": "#0"},
				"south": {"uv": [4.5, 7, 5, 7.125], "texture": "#0"},
				"west": {"uv": [8.5, 3.25, 8.625, 3.375], "texture": "#0"},
				"up": {"uv": [7.5, 4.625, 7, 4.5], "texture": "#0"},
				"down": {"uv": [7.5, 4.75, 7, 4.875], "texture": "#0"}
			}
		},
		{
			"from": [7, 0.5, 17.1],
			"to": [9, 1, 17.2],
			"faces": {
				"north": {"uv": [5, 7, 5.5, 7.125], "texture": "#0"},
				"east": {"uv": [3.5, 8.5, 3.625, 8.625], "texture": "#0"},
				"south": {"uv": [7, 5, 7.5, 5.125], "texture": "#0"},
				"west": {"uv": [8.5, 3.5, 8.625, 3.625], "texture": "#0"},
				"up": {"uv": [7.5, 5.375, 7, 5.25], "texture": "#0"},
				"down": {"uv": [6, 7, 5.5, 7.125], "texture": "#0"}
			}
		},
		{
			"from": [7, 0.3, 17.2],
			"to": [9, 1, 17.3],
			"faces": {
				"north": {"uv": [7, 5.5, 7.5, 5.625], "texture": "#0"},
				"east": {"uv": [3.75, 8.5, 3.875, 8.625], "texture": "#0"},
				"south": {"uv": [7, 5.75, 7.5, 5.875], "texture": "#0"},
				"west": {"uv": [8.5, 3.75, 8.625, 3.875], "texture": "#0"},
				"up": {"uv": [6.5, 7.125, 6, 7], "texture": "#0"},
				"down": {"uv": [7.5, 6, 7, 6.125], "texture": "#0"}
			}
		},
		{
			"from": [7, 2.1, 14.9],
			"to": [9, 3, 15],
			"faces": {
				"north": {"uv": [1.5, 3, 2, 3.25], "texture": "#0"},
				"east": {"uv": [2.25, 8, 2.375, 8.25], "texture": "#0"},
				"south": {"uv": [3, 1.75, 3.5, 2], "texture": "#0"},
				"west": {"uv": [8, 2.25, 8.125, 2.5], "texture": "#0"},
				"up": {"uv": [7.5, 6.375, 7, 6.25], "texture": "#0"},
				"down": {"uv": [7, 7, 6.5, 7.125], "texture": "#0"}
			}
		},
		{
			"from": [7, 2.3, 14.8],
			"to": [9, 3, 14.9],
			"faces": {
				"north": {"uv": [7, 6.5, 7.5, 6.625], "texture": "#0"},
				"east": {"uv": [4, 8.5, 4.125, 8.625], "texture": "#0"},
				"south": {"uv": [7, 6.75, 7.5, 6.875], "texture": "#0"},
				"west": {"uv": [8.5, 4, 8.625, 4.125], "texture": "#0"},
				"up": {"uv": [7.5, 7.125, 7, 7], "texture": "#0"},
				"down": {"uv": [0.5, 7.25, 0, 7.375], "texture": "#0"}
			}
		},
		{
			"from": [7, 2.4, 14.6],
			"to": [9, 3, 14.8],
			"faces": {
				"north": {"uv": [0.5, 7.25, 1, 7.375], "texture": "#0"},
				"east": {"uv": [4.25, 8.5, 4.375, 8.625], "texture": "#0"},
				"south": {"uv": [7.25, 0.5, 7.75, 0.625], "texture": "#0"},
				"west": {"uv": [8.5, 4.25, 8.625, 4.375], "texture": "#0"},
				"up": {"uv": [7.75, 0.875, 7.25, 0.75], "texture": "#0"},
				"down": {"uv": [1.5, 7.25, 1, 7.375], "texture": "#0"}
			}
		},
		{
			"from": [7, 2.6, 14.5],
			"to": [9, 3, 14.6],
			"faces": {
				"north": {"uv": [7.25, 1, 7.75, 1.125], "texture": "#0"},
				"east": {"uv": [4.5, 8.5, 4.625, 8.625], "texture": "#0"},
				"south": {"uv": [1.5, 7.25, 2, 7.375], "texture": "#0"},
				"west": {"uv": [8.5, 4.5, 8.625, 4.625], "texture": "#0"},
				"up": {"uv": [7.75, 1.625, 7.25, 1.5], "texture": "#0"},
				"down": {"uv": [2.5, 7.25, 2, 7.375], "texture": "#0"}
			}
		},
		{
			"from": [7, 2.8, 13.9],
			"to": [9, 3, 14.5],
			"faces": {
				"north": {"uv": [2.5, 7.25, 3, 7.375], "texture": "#0"},
				"east": {"uv": [4.75, 8.5, 4.875, 8.625], "texture": "#0"},
				"south": {"uv": [3, 7.25, 3.5, 7.375], "texture": "#0"},
				"west": {"uv": [8.5, 4.75, 8.625, 4.875], "texture": "#0"},
				"up": {"uv": [4, 7.375, 3.5, 7.25], "texture": "#0"},
				"down": {"uv": [4.5, 7.25, 4, 7.375], "texture": "#0"}
			}
		},
		{
			"from": [7, 2.9, 13.7],
			"to": [9, 3, 14.3],
			"faces": {
				"north": {"uv": [4.5, 7.25, 5, 7.375], "texture": "#0"},
				"east": {"uv": [5, 8.5, 5.125, 8.625], "texture": "#0"},
				"south": {"uv": [5, 7.25, 5.5, 7.375], "texture": "#0"},
				"west": {"uv": [8.5, 5, 8.625, 5.125], "texture": "#0"},
				"up": {"uv": [6, 7.375, 5.5, 7.25], "texture": "#0"},
				"down": {"uv": [6.5, 7.25, 6, 7.375], "texture": "#0"}
			}
		},
		{
			"from": [7, 2.7, 14.2],
			"to": [9, 2.7, 14.5],
			"faces": {
				"north": {"uv": [0, 0, 0.5, 0], "texture": "#0"},
				"east": {"uv": [0, 0, 0.125, 0], "texture": "#0"},
				"south": {"uv": [0, 0, 0.5, 0], "texture": "#0"},
				"west": {"uv": [0, 0, 0.125, 0], "texture": "#0"},
				"up": {"uv": [7, 7.375, 6.5, 7.25], "texture": "#0"},
				"down": {"uv": [7.5, 7.25, 7, 7.375], "texture": "#0"}
			}
		},
		{
			"from": [7, 2.6, 14.3],
			"to": [9, 2.6, 14.4],
			"faces": {
				"north": {"uv": [0, 0, 0.5, 0], "texture": "#0"},
				"east": {"uv": [0, 0, 0.125, 0], "texture": "#0"},
				"south": {"uv": [0, 0, 0.5, 0], "texture": "#0"},
				"west": {"uv": [0, 0, 0.125, 0], "texture": "#0"},
				"up": {"uv": [0.5, 7.625, 0, 7.5], "texture": "#0"},
				"down": {"uv": [8, 0, 7.5, 0.125], "texture": "#0"}
			}
		},
		{
			"from": [7, 2.2, 14.8],
			"to": [9, 2.2, 14.9],
			"faces": {
				"north": {"uv": [0, 0, 0.5, 0], "texture": "#0"},
				"east": {"uv": [0, 0, 0.125, 0], "texture": "#0"},
				"south": {"uv": [0, 0, 0.5, 0], "texture": "#0"},
				"west": {"uv": [0, 0, 0.125, 0], "texture": "#0"},
				"up": {"uv": [8, 0.375, 7.5, 0.25], "texture": "#0"},
				"down": {"uv": [1, 7.5, 0.5, 7.625], "texture": "#0"}
			}
		},
		{
			"from": [7, 2.3, 14.7],
			"to": [9, 2.3, 14.8],
			"faces": {
				"north": {"uv": [0, 0, 0.5, 0], "texture": "#0"},
				"east": {"uv": [0, 0, 0.125, 0], "texture": "#0"},
				"south": {"uv": [0, 0, 0.5, 0], "texture": "#0"},
				"west": {"uv": [0, 0, 0.125, 0], "texture": "#0"},
				"up": {"uv": [1.5, 7.625, 1, 7.5], "texture": "#0"},
				"down": {"uv": [8, 1.25, 7.5, 1.375], "texture": "#0"}
			}
		},
		{
			"from": [7.1, 2.2, 14.7],
			"to": [8.9, 2.3, 14.8],
			"faces": {
				"north": {"uv": [1.5, 7.5, 2, 7.625], "texture": "#0"},
				"east": {"uv": [5.25, 8.5, 5.375, 8.625], "texture": "#0"},
				"south": {"uv": [7.5, 1.75, 8, 1.875], "texture": "#0"},
				"west": {"uv": [8.5, 5.25, 8.625, 5.375], "texture": "#0"},
				"up": {"uv": [2.5, 7.625, 2, 7.5], "texture": "#0"},
				"down": {"uv": [8, 2, 7.5, 2.125], "texture": "#0"}
			}
		},
		{
			"from": [7.1, 2.1, 14.8],
			"to": [8.9, 2.2, 14.9],
			"faces": {
				"north": {"uv": [7.5, 2.25, 8, 2.375], "texture": "#0"},
				"east": {"uv": [5.5, 8.5, 5.625, 8.625], "texture": "#0"},
				"south": {"uv": [2.5, 7.5, 3, 7.625], "texture": "#0"},
				"west": {"uv": [8.5, 5.5, 8.625, 5.625], "texture": "#0"},
				"up": {"uv": [8, 2.625, 7.5, 2.5], "texture": "#0"},
				"down": {"uv": [8, 2.75, 7.5, 2.875], "texture": "#0"}
			}
		},
		{
			"from": [7.1, 2.5, 14.3],
			"to": [8.9, 2.6, 14.4],
			"faces": {
				"north": {"uv": [3, 7.5, 3.5, 7.625], "texture": "#0"},
				"east": {"uv": [5.75, 8.5, 5.875, 8.625], "texture": "#0"},
				"south": {"uv": [7.5, 3, 8, 3.125], "texture": "#0"},
				"west": {"uv": [8.5, 5.75, 8.625, 5.875], "texture": "#0"},
				"up": {"uv": [8, 3.375, 7.5, 3.25], "texture": "#0"},
				"down": {"uv": [4, 7.5, 3.5, 7.625], "texture": "#0"}
			}
		},
		{
			"from": [7.1, 2.6, 14.2],
			"to": [8.9, 2.7, 14.5],
			"faces": {
				"north": {"uv": [7.5, 3.5, 8, 3.625], "texture": "#0"},
				"east": {"uv": [6, 8.5, 6.125, 8.625], "texture": "#0"},
				"south": {"uv": [7.5, 3.75, 8, 3.875], "texture": "#0"},
				"west": {"uv": [8.5, 6, 8.625, 6.125], "texture": "#0"},
				"up": {"uv": [4.5, 7.625, 4, 7.5], "texture": "#0"},
				"down": {"uv": [8, 4, 7.5, 4.125], "texture": "#0"}
			}
		},
		{
			"from": [7.1, 2.9, 13.5],
			"to": [8.9, 3, 14.1],
			"faces": {
				"north": {"uv": [7.5, 4.25, 8, 4.375], "texture": "#0"},
				"east": {"uv": [6.25, 8.5, 6.375, 8.625], "texture": "#0"},
				"south": {"uv": [4.5, 7.5, 5, 7.625], "texture": "#0"},
				"west": {"uv": [8.5, 6.25, 8.625, 6.375], "texture": "#0"},
				"up": {"uv": [8, 4.625, 7.5, 4.5], "texture": "#0"},
				"down": {"uv": [8, 4.75, 7.5, 4.875], "texture": "#0"}
			}
		},
		{
			"from": [7.1, 2.8, 13.7],
			"to": [8.9, 3, 14.3],
			"faces": {
				"north": {"uv": [5, 7.5, 5.5, 7.625], "texture": "#0"},
				"east": {"uv": [6.5, 8.5, 6.625, 8.625], "texture": "#0"},
				"south": {"uv": [7.5, 5, 8, 5.125], "texture": "#0"},
				"west": {"uv": [8.5, 6.5, 8.625, 6.625], "texture": "#0"},
				"up": {"uv": [8, 5.375, 7.5, 5.25], "texture": "#0"},
				"down": {"uv": [6, 7.5, 5.5, 7.625], "texture": "#0"}
			}
		},
		{
			"from": [7.1, 2.7, 13.9],
			"to": [8.9, 3, 14.5],
			"faces": {
				"north": {"uv": [7.5, 5.5, 8, 5.625], "texture": "#0"},
				"east": {"uv": [6.75, 8.5, 6.875, 8.625], "texture": "#0"},
				"south": {"uv": [7.5, 5.75, 8, 5.875], "texture": "#0"},
				"west": {"uv": [8.5, 6.75, 8.625, 6.875], "texture": "#0"},
				"up": {"uv": [6.5, 7.625, 6, 7.5], "texture": "#0"},
				"down": {"uv": [8, 6, 7.5, 6.125], "texture": "#0"}
			}
		},
		{
			"from": [7.1, 2.6, 14.5],
			"to": [8.9, 3, 14.6],
			"faces": {
				"north": {"uv": [7.5, 6.25, 8, 6.375], "texture": "#0"},
				"east": {"uv": [7, 8.5, 7.125, 8.625], "texture": "#0"},
				"south": {"uv": [6.5, 7.5, 7, 7.625], "texture": "#0"},
				"west": {"uv": [8.5, 7, 8.625, 7.125], "texture": "#0"},
				"up": {"uv": [8, 6.625, 7.5, 6.5], "texture": "#0"},
				"down": {"uv": [8, 6.75, 7.5, 6.875], "texture": "#0"}
			}
		},
		{
			"from": [7.1, 2.4, 14.4],
			"to": [8.9, 2.6, 14.6],
			"faces": {
				"north": {"uv": [7, 7.5, 7.5, 7.625], "texture": "#0"},
				"east": {"uv": [7.25, 8.5, 7.375, 8.625], "texture": "#0"},
				"south": {"uv": [7.5, 7, 8, 7.125], "texture": "#0"},
				"west": {"uv": [8.5, 7.25, 8.625, 7.375], "texture": "#0"},
				"up": {"uv": [8, 7.375, 7.5, 7.25], "texture": "#0"},
				"down": {"uv": [8, 7.5, 7.5, 7.625], "texture": "#0"}
			}
		},
		{
			"from": [7.1, 2.3, 14.6],
			"to": [8.9, 3, 14.8],
			"faces": {
				"north": {"uv": [0, 7.75, 0.5, 7.875], "texture": "#0"},
				"east": {"uv": [7.5, 8.5, 7.625, 8.625], "texture": "#0"},
				"south": {"uv": [0.5, 7.75, 1, 7.875], "texture": "#0"},
				"west": {"uv": [8.5, 7.5, 8.625, 7.625], "texture": "#0"},
				"up": {"uv": [8.25, 0.625, 7.75, 0.5], "texture": "#0"},
				"down": {"uv": [8.25, 0.75, 7.75, 0.875], "texture": "#0"}
			}
		},
		{
			"from": [7.1, 2.2, 14.8],
			"to": [8.9, 3, 14.9],
			"faces": {
				"north": {"uv": [2, 3, 2.5, 3.25], "texture": "#0"},
				"east": {"uv": [2.5, 8, 2.625, 8.25], "texture": "#0"},
				"south": {"uv": [3, 2, 3.5, 2.25], "texture": "#0"},
				"west": {"uv": [8, 2.5, 8.125, 2.75], "texture": "#0"},
				"up": {"uv": [1.5, 7.875, 1, 7.75], "texture": "#0"},
				"down": {"uv": [8.25, 1, 7.75, 1.125], "texture": "#0"}
			}
		},
		{
			"from": [7.1, 2, 14.9],
			"to": [8.9, 3, 15],
			"faces": {
				"north": {"uv": [3, 2.25, 3.5, 2.5], "texture": "#0"},
				"east": {"uv": [2.75, 8, 2.875, 8.25], "texture": "#0"},
				"south": {"uv": [2.5, 3, 3, 3.25], "texture": "#0"},
				"west": {"uv": [8, 2.75, 8.125, 3], "texture": "#0"},
				"up": {"uv": [2, 7.875, 1.5, 7.75], "texture": "#0"},
				"down": {"uv": [8.25, 1.5, 7.75, 1.625], "texture": "#0"}
			}
		},
		{
			"from": [7.8, 2.8, 13.7],
			"to": [8.2, 2.9, 14],
			"faces": {
				"north": {"uv": [7.75, 8.5, 7.875, 8.625], "texture": "#0"},
				"east": {"uv": [8.5, 7.75, 8.625, 7.875], "texture": "#0"},
				"south": {"uv": [8, 8.5, 8.125, 8.625], "texture": "#0"},
				"west": {"uv": [8.5, 8, 8.625, 8.125], "texture": "#0"},
				"up": {"uv": [8.375, 8.625, 8.25, 8.5], "texture": "#0"},
				"down": {"uv": [8.625, 8.25, 8.5, 8.375], "texture": "#0"}
			}
		},
		{
			"from": [7.8, 2.9, 13.5],
			"to": [8.2, 3, 13.8],
			"faces": {
				"north": {"uv": [8.5, 8.5, 8.625, 8.625], "texture": "#0"},
				"east": {"uv": [0, 8.75, 0.125, 8.875], "texture": "#0"},
				"south": {"uv": [8.75, 0, 8.875, 0.125], "texture": "#0"},
				"west": {"uv": [0.25, 8.75, 0.375, 8.875], "texture": "#0"},
				"up": {"uv": [8.875, 0.375, 8.75, 0.25], "texture": "#0"},
				"down": {"uv": [0.625, 8.75, 0.5, 8.875], "texture": "#0"}
			}
		},
		{
			"from": [6.9, 3, 6],
			"to": [9.1, 4.9, 9],
			"faces": {
				"north": {"uv": [4.5, 4, 5.625, 5], "texture": "#2"},
				"east": {"uv": [1.5, 3, 3, 4], "texture": "#2"},
				"south": {"uv": [3, 5, 4.125, 6], "texture": "#2"},
				"west": {"uv": [3, 1.5, 4.5, 2.5], "texture": "#2"},
				"up": {"uv": [2.625, 1.5, 1.5, 0], "texture": "#2"},
				"down": {"uv": [2.625, 1.5, 1.5, 3], "texture": "#2"}
			}
		},
		{
			"from": [6.8, 2.9, 6.1],
			"to": [9.2, 5, 8.9],
			"faces": {
				"north": {"uv": [4.5, 0, 5.75, 1], "texture": "#2"},
				"east": {"uv": [3, 4, 4.375, 5], "texture": "#2"},
				"south": {"uv": [4.5, 1, 5.75, 2], "texture": "#2"},
				"west": {"uv": [0, 4.5, 1.375, 5.5], "texture": "#2"},
				"up": {"uv": [1.25, 1.375, 0, 0], "texture": "#2"},
				"down": {"uv": [1.25, 1.5, 0, 2.875], "texture": "#2"}
			}
		},
		{
			"from": [6.8, 2.9, 9],
			"to": [9.2, 5, 11.3],
			"faces": {
				"north": {"uv": [4.5, 2, 5.75, 3], "texture": "#2"},
				"east": {"uv": [4.5, 5, 5.625, 6], "texture": "#2"},
				"south": {"uv": [4.5, 3, 5.75, 4], "texture": "#2"},
				"west": {"uv": [0, 5.5, 1.125, 6.5], "texture": "#2"},
				"up": {"uv": [4.25, 3.625, 3, 2.5], "texture": "#2"},
				"down": {"uv": [2.75, 4, 1.5, 5.125], "texture": "#2"}
			}
		},
		{
			"from": [6.8, 3.4, 11.3],
			"to": [9.2, 5.2, 12.9],
			"faces": {
				"north": {"uv": [1.5, 5.5, 2.75, 6.375], "texture": "#2"},
				"east": {"uv": [6, 7, 6.75, 7.875], "texture": "#2"},
				"south": {"uv": [6, 0, 7.25, 0.875], "texture": "#2"},
				"west": {"uv": [7, 7, 7.75, 7.875], "texture": "#2"},
				"up": {"uv": [7.25, 1.75, 6, 1], "texture": "#2"},
				"down": {"uv": [7.25, 2, 6, 2.75], "texture": "#2"}
			}
		},
		{
			"from": [6.8, 5, 11],
			"to": [9.2, 5.2, 11.3],
			"faces": {
				"north": {"uv": [10, 8, 11.25, 8.125], "texture": "#2"},
				"east": {"uv": [12.5, 9.5, 12.625, 9.625], "texture": "#2"},
				"south": {"uv": [10, 9.5, 11.25, 9.625], "texture": "#2"},
				"west": {"uv": [10, 12.5, 10.125, 12.625], "texture": "#2"},
				"up": {"uv": [11.25, 10.125, 10, 10], "texture": "#2"},
				"down": {"uv": [1.25, 10.5, 0, 10.625], "texture": "#2"}
			}
		},
		{
			"from": [6.8, 5.2, 11],
			"to": [9.2, 5.3, 12.6],
			"faces": {
				"north": {"uv": [1.5, 10.5, 2.75, 10.625], "texture": "#2"},
				"east": {"uv": [12, 5.5, 12.75, 5.625], "texture": "#2"},
				"south": {"uv": [3, 10.5, 4.25, 10.625], "texture": "#2"},
				"west": {"uv": [6, 12, 6.75, 12.125], "texture": "#2"},
				"up": {"uv": [4.25, 6.75, 3, 6], "texture": "#2"},
				"down": {"uv": [7.25, 3, 6, 3.75], "texture": "#2"}
			}
		},
		{
			"from": [6.8, 5.3, 11],
			"to": [9.2, 5.4, 12.4],
			"faces": {
				"north": {"uv": [10.5, 3.5, 11.75, 3.625], "texture": "#2"},
				"east": {"uv": [12, 6, 12.75, 6.125], "texture": "#2"},
				"south": {"uv": [10.5, 4, 11.75, 4.125], "texture": "#2"},
				"west": {"uv": [12, 6.5, 12.75, 6.625], "texture": "#2"},
				"up": {"uv": [7.25, 4.75, 6, 4], "texture": "#2"},
				"down": {"uv": [5.75, 6, 4.5, 6.75], "texture": "#2"}
			}
		},
		{
			"from": [6.8, 5.4, 11],
			"to": [9.2, 5.5, 12.3],
			"faces": {
				"north": {"uv": [4.5, 10.5, 5.75, 10.625], "texture": "#2"},
				"east": {"uv": [7, 12, 7.625, 12.125], "texture": "#2"},
				"south": {"uv": [10.5, 4.5, 11.75, 4.625], "texture": "#2"},
				"west": {"uv": [12, 7, 12.625, 7.125], "texture": "#2"},
				"up": {"uv": [7.25, 5.625, 6, 5], "texture": "#2"},
				"down": {"uv": [7.25, 6, 6, 6.625], "texture": "#2"}
			}
		},
		{
			"from": [7.1, 5.5, 11],
			"to": [8.9, 5.6, 12.1],
			"faces": {
				"north": {"uv": [7, 11.5, 7.875, 11.625], "texture": "#2"},
				"east": {"uv": [12, 7.5, 12.5, 7.625], "texture": "#2"},
				"south": {"uv": [8, 11.5, 8.875, 11.625], "texture": "#2"},
				"west": {"uv": [8, 12, 8.5, 12.125], "texture": "#2"},
				"up": {"uv": [9.875, 3, 9, 2.5], "texture": "#2"},
				"down": {"uv": [3.875, 9, 3, 9.5], "texture": "#2"}
			}
		},
		{
			"from": [6.9, 3.1, 5.8],
			"to": [9.1, 4, 6],
			"faces": {
				"north": {"uv": [7.5, 0, 8.625, 0.5], "texture": "#2"},
				"east": {"uv": [8.5, 12, 8.625, 12.5], "texture": "#2"},
				"south": {"uv": [7.5, 0.5, 8.625, 1], "texture": "#2"},
				"west": {"uv": [12, 8.5, 12.125, 9], "texture": "#2"},
				"up": {"uv": [7.125, 10.625, 6, 10.5], "texture": "#2"},
				"down": {"uv": [11.625, 6, 10.5, 6.125], "texture": "#2"}
			}
		},
		{
			"from": [6.9, 3.2, 5.6],
			"to": [9.1, 4, 5.8],
			"faces": {
				"north": {"uv": [9, 8.5, 10.125, 8.875], "texture": "#2"},
				"east": {"uv": [6, 12.5, 6.125, 12.875], "texture": "#2"},
				"south": {"uv": [9, 9, 10.125, 9.375], "texture": "#2"},
				"west": {"uv": [6.5, 12.5, 6.625, 12.875], "texture": "#2"},
				"up": {"uv": [11.625, 6.625, 10.5, 6.5], "texture": "#2"},
				"down": {"uv": [11.625, 7, 10.5, 7.125], "texture": "#2"}
			}
		},
		{
			"from": [6.9, 3.3, 5.3],
			"to": [9.1, 4, 5.6],
			"faces": {
				"north": {"uv": [0, 9.5, 1.125, 9.875], "texture": "#2"},
				"east": {"uv": [7, 12.5, 7.125, 12.875], "texture": "#2"},
				"south": {"uv": [1.5, 9.5, 2.625, 9.875], "texture": "#2"},
				"west": {"uv": [7.5, 12.5, 7.625, 12.875], "texture": "#2"},
				"up": {"uv": [8.625, 10.625, 7.5, 10.5], "texture": "#2"},
				"down": {"uv": [11.625, 7.5, 10.5, 7.625], "texture": "#2"}
			}
		},
		{
			"from": [6.9, 3.4, 4.8],
			"to": [9.1, 4, 5.3],
			"faces": {
				"north": {"uv": [0, 10, 1.125, 10.25], "texture": "#2"},
				"east": {"uv": [9, 12, 9.25, 12.25], "texture": "#2"},
				"south": {"uv": [10, 0, 11.125, 0.25], "texture": "#2"},
				"west": {"uv": [12, 9, 12.25, 9.25], "texture": "#2"},
				"up": {"uv": [11.125, 0.75, 10, 0.5], "texture": "#2"},
				"down": {"uv": [11.125, 1, 10, 1.25], "texture": "#2"}
			}
		},
		{
			"from": [6.9, 3.5, 3.9],
			"to": [9.1, 4, 4.8],
			"faces": {
				"north": {"uv": [1.5, 10, 2.625, 10.25], "texture": "#2"},
				"east": {"uv": [7, 10, 7.5, 10.25], "texture": "#2"},
				"south": {"uv": [10, 1.5, 11.125, 1.75], "texture": "#2"},
				"west": {"uv": [7.5, 10, 8, 10.25], "texture": "#2"},
				"up": {"uv": [8.625, 1.5, 7.5, 1], "texture": "#2"},
				"down": {"uv": [8.625, 1.5, 7.5, 2], "texture": "#2"}
			}
		},
		{
			"from": [6.9, 3.6, 2.9],
			"to": [9.1, 4, 3.9],
			"faces": {
				"north": {"uv": [10, 2, 11.125, 2.25], "texture": "#2"},
				"east": {"uv": [10.5, 8.5, 11, 8.75], "texture": "#2"},
				"south": {"uv": [10, 2.5, 11.125, 2.75], "texture": "#2"},
				"west": {"uv": [9, 10.5, 9.5, 10.75], "texture": "#2"},
				"up": {"uv": [8.625, 2.5, 7.5, 2], "texture": "#2"},
				"down": {"uv": [8.625, 2.5, 7.5, 3], "texture": "#2"}
			}
		},
		{
			"from": [6.9, 3.7, 1.9],
			"to": [9.1, 5, 2.9],
			"faces": {
				"north": {"uv": [0, 7, 1.125, 7.625], "texture": "#2"},
				"east": {"uv": [8, 9.5, 8.5, 10.125], "texture": "#2"},
				"south": {"uv": [1.5, 7, 2.625, 7.625], "texture": "#2"},
				"west": {"uv": [8.5, 9.5, 9, 10.125], "texture": "#2"},
				"up": {"uv": [8.625, 3.5, 7.5, 3], "texture": "#2"},
				"down": {"uv": [8.625, 3.5, 7.5, 4], "texture": "#2"}
			}
		},
		{
			"from": [6.9, 3.8, 0.9],
			"to": [9.1, 5, 1.9],
			"faces": {
				"north": {"uv": [3, 7, 4.125, 7.625], "texture": "#2"},
				"east": {"uv": [9, 9.5, 9.5, 10.125], "texture": "#2"},
				"south": {"uv": [4.5, 7, 5.625, 7.625], "texture": "#2"},
				"west": {"uv": [9.5, 9.5, 10, 10.125], "texture": "#2"},
				"up": {"uv": [8.625, 4.5, 7.5, 4], "texture": "#2"},
				"down": {"uv": [8.625, 4.5, 7.5, 5], "texture": "#2"}
			}
		},
		{
			"from": [6.9, 3.9, -0.1],
			"to": [9.1, 5, 0.9],
			"faces": {
				"north": {"uv": [7.5, 5, 8.625, 5.5], "texture": "#2"},
				"east": {"uv": [10, 3.5, 10.5, 4], "texture": "#2"},
				"south": {"uv": [7.5, 5.5, 8.625, 6], "texture": "#2"},
				"west": {"uv": [10, 4, 10.5, 4.5], "texture": "#2"},
				"up": {"uv": [8.625, 6.5, 7.5, 6], "texture": "#2"},
				"down": {"uv": [8.625, 6.5, 7.5, 7], "texture": "#2"}
			}
		},
		{
			"from": [6.9, 4.1, -1.1],
			"to": [9.1, 5, -0.1],
			"faces": {
				"north": {"uv": [0, 8, 1.125, 8.5], "texture": "#2"},
				"east": {"uv": [4.5, 10, 5, 10.5], "texture": "#2"},
				"south": {"uv": [1.5, 8, 2.625, 8.5], "texture": "#2"},
				"west": {"uv": [10, 4.5, 10.5, 5], "texture": "#2"},
				"up": {"uv": [4.125, 8.5, 3, 8], "texture": "#2"},
				"down": {"uv": [5.625, 8, 4.5, 8.5], "texture": "#2"}
			}
		},
		{
			"from": [6.9, 4.3, -2.1],
			"to": [9.1, 5, -1.1],
			"faces": {
				"north": {"uv": [3, 9.5, 4.125, 9.875], "texture": "#2"},
				"east": {"uv": [10, 6, 10.5, 6.375], "texture": "#2"},
				"south": {"uv": [4.5, 9.5, 5.625, 9.875], "texture": "#2"},
				"west": {"uv": [10, 6.5, 10.5, 6.875], "texture": "#2"},
				"up": {"uv": [7.125, 8.5, 6, 8], "texture": "#2"},
				"down": {"uv": [9.125, 7, 8, 7.5], "texture": "#2"}
			}
		},
		{
			"from": [6.9, 4.4, -3.1],
			"to": [9.1, 5, -2.1],
			"faces": {
				"north": {"uv": [3, 10, 4.125, 10.25], "texture": "#2"},
				"east": {"uv": [10.5, 9, 11, 9.25], "texture": "#2"},
				"south": {"uv": [10, 3, 11.125, 3.25], "texture": "#2"},
				"west": {"uv": [9.5, 10.5, 10, 10.75], "texture": "#2"},
				"up": {"uv": [8.625, 8.5, 7.5, 8], "texture": "#2"},
				"down": {"uv": [9.125, 7.5, 8, 8], "texture": "#2"}
			}
		},
		{
			"from": [7, 4.5, -3.2],
			"to": [9, 5, -3.1],
			"faces": {
				"north": {"uv": [5, 10, 6, 10.25], "texture": "#2"},
				"east": {"uv": [12.5, 8.5, 12.625, 8.75], "texture": "#2"},
				"south": {"uv": [10, 5, 11, 5.25], "texture": "#2"},
				"west": {"uv": [9, 12.5, 9.125, 12.75], "texture": "#2"},
				"up": {"uv": [11, 10.625, 10, 10.5], "texture": "#2"},
				"down": {"uv": [1, 11, 0, 11.125], "texture": "#2"}
			}
		},
		{
			"from": [7, 4.3, -3],
			"to": [9, 4.4, -2.1],
			"faces": {
				"north": {"uv": [1, 11, 2, 11.125], "texture": "#2"},
				"east": {"uv": [9.5, 12, 10, 12.125], "texture": "#2"},
				"south": {"uv": [2, 11, 3, 11.125], "texture": "#2"},
				"west": {"uv": [10, 12, 10.5, 12.125], "texture": "#2"},
				"up": {"uv": [4, 9, 3, 8.5], "texture": "#2"},
				"down": {"uv": [5, 8.5, 4, 9], "texture": "#2"}
			}
		},
		{
			"from": [7, 4.2, -2],
			"to": [9, 4.3, -1.1],
			"faces": {
				"north": {"uv": [3, 11, 4, 11.125], "texture": "#2"},
				"east": {"uv": [10.5, 12, 11, 12.125], "texture": "#2"},
				"south": {"uv": [4, 11, 5, 11.125], "texture": "#2"},
				"west": {"uv": [12, 10.5, 12.5, 10.625], "texture": "#2"},
				"up": {"uv": [6, 9, 5, 8.5], "texture": "#2"},
				"down": {"uv": [7, 8.5, 6, 9], "texture": "#2"}
			}
		},
		{
			"from": [7.1, 4.2, -2.9],
			"to": [8.9, 4.3, -2],
			"faces": {
				"north": {"uv": [11.5, 8, 12.375, 8.125], "texture": "#2"},
				"east": {"uv": [11, 12, 11.5, 12.125], "texture": "#2"},
				"south": {"uv": [9, 11.5, 9.875, 11.625], "texture": "#2"},
				"west": {"uv": [12, 11, 12.5, 11.125], "texture": "#2"},
				"up": {"uv": [9.875, 3.5, 9, 3], "texture": "#2"},
				"down": {"uv": [9.875, 3.5, 9, 4], "texture": "#2"}
			}
		},
		{
			"from": [7.1, 4.1, -2],
			"to": [8.9, 4.2, -1.1],
			"faces": {
				"north": {"uv": [11.5, 9.5, 12.375, 9.625], "texture": "#2"},
				"east": {"uv": [11.5, 12, 12, 12.125], "texture": "#2"},
				"south": {"uv": [10, 11.5, 10.875, 11.625], "texture": "#2"},
				"west": {"uv": [12, 11.5, 12.5, 11.625], "texture": "#2"},
				"up": {"uv": [4.875, 9.5, 4, 9], "texture": "#2"},
				"down": {"uv": [9.875, 4, 9, 4.5], "texture": "#2"}
			}
		},
		{
			"from": [7.1, 3.9, -0.9],
			"to": [8.9, 4, -0.1],
			"faces": {
				"north": {"uv": [11.5, 10, 12.375, 10.125], "texture": "#2"},
				"east": {"uv": [12.5, 7.5, 12.875, 7.625], "texture": "#2"},
				"south": {"uv": [11, 11.5, 11.875, 11.625], "texture": "#2"},
				"west": {"uv": [8, 12.5, 8.375, 12.625], "texture": "#2"},
				"up": {"uv": [10.375, 7.375, 9.5, 7], "texture": "#2"},
				"down": {"uv": [10.375, 7.5, 9.5, 7.875], "texture": "#2"}
			}
		},
		{
			"from": [7.1, 3.7, 0.1],
			"to": [8.9, 3.8, 1],
			"faces": {
				"north": {"uv": [0, 12, 0.875, 12.125], "texture": "#2"},
				"east": {"uv": [12, 12, 12.5, 12.125], "texture": "#2"},
				"south": {"uv": [1, 12, 1.875, 12.125], "texture": "#2"},
				"west": {"uv": [0, 12.5, 0.5, 12.625], "texture": "#2"},
				"up": {"uv": [9.875, 5, 9, 4.5], "texture": "#2"},
				"down": {"uv": [5.875, 9, 5, 9.5], "texture": "#2"}
			}
		},
		{
			"from": [7.1, 3.6, 1.1],
			"to": [8.9, 3.7, 2],
			"faces": {
				"north": {"uv": [2, 12, 2.875, 12.125], "texture": "#2"},
				"east": {"uv": [12.5, 0, 13, 0.125], "texture": "#2"},
				"south": {"uv": [3, 12, 3.875, 12.125], "texture": "#2"},
				"west": {"uv": [0.5, 12.5, 1, 12.625], "texture": "#2"},
				"up": {"uv": [9.875, 5.5, 9, 5], "texture": "#2"},
				"down": {"uv": [9.875, 5.5, 9, 6], "texture": "#2"}
			}
		},
		{
			"from": [7.1, 3.5, 2.1],
			"to": [8.9, 3.6, 3],
			"faces": {
				"north": {"uv": [12, 3.5, 12.875, 3.625], "texture": "#2"},
				"east": {"uv": [12.5, 0.5, 13, 0.625], "texture": "#2"},
				"south": {"uv": [4, 12, 4.875, 12.125], "texture": "#2"},
				"west": {"uv": [1, 12.5, 1.5, 12.625], "texture": "#2"},
				"up": {"uv": [6.875, 9.5, 6, 9], "texture": "#2"},
				"down": {"uv": [9.875, 6, 9, 6.5], "texture": "#2"}
			}
		},
		{
			"from": [7.1, 3.4, 3.1],
			"to": [8.9, 3.5, 4],
			"faces": {
				"north": {"uv": [12, 4, 12.875, 4.125], "texture": "#2"},
				"east": {"uv": [12.5, 1, 13, 1.125], "texture": "#2"},
				"south": {"uv": [12, 4.5, 12.875, 4.625], "texture": "#2"},
				"west": {"uv": [1.5, 12.5, 2, 12.625], "texture": "#2"},
				"up": {"uv": [9.875, 7, 9, 6.5], "texture": "#2"},
				"down": {"uv": [7.875, 9, 7, 9.5], "texture": "#2"}
			}
		},
		{
			"from": [7.1, 3.3, 4],
			"to": [8.9, 3.4, 4.9],
			"faces": {
				"north": {"uv": [5, 12, 5.875, 12.125], "texture": "#2"},
				"east": {"uv": [12.5, 1.5, 13, 1.625], "texture": "#2"},
				"south": {"uv": [12, 5, 12.875, 5.125], "texture": "#2"},
				"west": {"uv": [2, 12.5, 2.5, 12.625], "texture": "#2"},
				"up": {"uv": [8.875, 9.5, 8, 9], "texture": "#2"},
				"down": {"uv": [9.875, 8, 9, 8.5], "texture": "#2"}
			}
		},
		{
			"from": [7, 4, -1],
			"to": [9, 4.1, -0.1],
			"faces": {
				"north": {"uv": [5, 11, 6, 11.125], "texture": "#2"},
				"east": {"uv": [12.5, 2, 13, 2.125], "texture": "#2"},
				"south": {"uv": [11, 5, 12, 5.125], "texture": "#2"},
				"west": {"uv": [2.5, 12.5, 3, 12.625], "texture": "#2"},
				"up": {"uv": [8, 9, 7, 8.5], "texture": "#2"},
				"down": {"uv": [9, 8.5, 8, 9], "texture": "#2"}
			}
		},
		{
			"from": [7, 3.8, 0],
			"to": [9, 3.9, 0.9],
			"faces": {
				"north": {"uv": [11, 5.5, 12, 5.625], "texture": "#2"},
				"east": {"uv": [12.5, 2.5, 13, 2.625], "texture": "#2"},
				"south": {"uv": [6, 11, 7, 11.125], "texture": "#2"},
				"west": {"uv": [3, 12.5, 3.5, 12.625], "texture": "#2"},
				"up": {"uv": [1, 9.5, 0, 9], "texture": "#2"},
				"down": {"uv": [10, 0, 9, 0.5], "texture": "#2"}
			}
		},
		{
			"from": [7, 3.7, 1],
			"to": [9, 3.8, 1.9],
			"faces": {
				"north": {"uv": [7, 11, 8, 11.125], "texture": "#2"},
				"east": {"uv": [12.5, 3, 13, 3.125], "texture": "#2"},
				"south": {"uv": [8, 11, 9, 11.125], "texture": "#2"},
				"west": {"uv": [3.5, 12.5, 4, 12.625], "texture": "#2"},
				"up": {"uv": [10, 1, 9, 0.5], "texture": "#2"},
				"down": {"uv": [2, 9, 1, 9.5], "texture": "#2"}
			}
		},
		{
			"from": [7, 3.6, 2],
			"to": [9, 3.7, 2.9],
			"faces": {
				"north": {"uv": [11, 8.5, 12, 8.625], "texture": "#2"},
				"east": {"uv": [4, 12.5, 4.5, 12.625], "texture": "#2"},
				"south": {"uv": [9, 11, 10, 11.125], "texture": "#2"},
				"west": {"uv": [4.5, 12.5, 5, 12.625], "texture": "#2"},
				"up": {"uv": [10, 1.5, 9, 1], "texture": "#2"},
				"down": {"uv": [10, 1.5, 9, 2], "texture": "#2"}
			}
		},
		{
			"from": [7, 3.5, 3],
			"to": [9, 3.6, 3.9],
			"faces": {
				"north": {"uv": [11, 9, 12, 9.125], "texture": "#2"},
				"east": {"uv": [5, 12.5, 5.5, 12.625], "texture": "#2"},
				"south": {"uv": [10, 11, 11, 11.125], "texture": "#2"},
				"west": {"uv": [5.5, 12.5, 6, 12.625], "texture": "#2"},
				"up": {"uv": [3, 9.5, 2, 9], "texture": "#2"},
				"down": {"uv": [10, 2, 9, 2.5], "texture": "#2"}
			}
		},
		{
			"from": [7, 3.4, 4],
			"to": [9, 3.5, 4.8],
			"faces": {
				"north": {"uv": [11, 10.5, 12, 10.625], "texture": "#2"},
				"east": {"uv": [12.5, 8, 12.875, 8.125], "texture": "#2"},
				"south": {"uv": [11, 11, 12, 11.125], "texture": "#2"},
				"west": {"uv": [8.5, 12.5, 8.875, 12.625], "texture": "#2"},
				"up": {"uv": [7, 9.875, 6, 9.5], "texture": "#2"},
				"down": {"uv": [8, 9.5, 7, 9.875], "texture": "#2"}
			}
		},
		{
			"from": [7, 3.3, 4.9],
			"to": [9, 3.4, 5.3],
			"faces": {
				"north": {"uv": [0, 11.5, 1, 11.625], "texture": "#2"},
				"east": {"uv": [12.5, 9, 12.75, 9.125], "texture": "#2"},
				"south": {"uv": [11.5, 0, 12.5, 0.125], "texture": "#2"},
				"west": {"uv": [9.5, 12.5, 9.75, 12.625], "texture": "#2"},
				"up": {"uv": [11, 5.75, 10, 5.5], "texture": "#2"},
				"down": {"uv": [7, 10, 6, 10.25], "texture": "#2"}
			}
		},
		{
			"from": [7, 3.2, 5.4],
			"to": [9, 3.3, 5.6],
			"faces": {
				"north": {"uv": [11.5, 0.5, 12.5, 0.625], "texture": "#2"},
				"east": {"uv": [12.5, 10, 12.625, 10.125], "texture": "#2"},
				"south": {"uv": [1, 11.5, 2, 11.625], "texture": "#2"},
				"west": {"uv": [10.5, 12.5, 10.625, 12.625], "texture": "#2"},
				"up": {"uv": [12.5, 1.125, 11.5, 1], "texture": "#2"},
				"down": {"uv": [12.5, 1.5, 11.5, 1.625], "texture": "#2"}
			}
		},
		{
			"from": [7, 3.1, 5.7],
			"to": [9, 3.2, 5.8],
			"faces": {
				"north": {"uv": [2, 11.5, 3, 11.625], "texture": "#2"},
				"east": {"uv": [12.5, 10.5, 12.625, 10.625], "texture": "#2"},
				"south": {"uv": [11.5, 2, 12.5, 2.125], "texture": "#2"},
				"west": {"uv": [11, 12.5, 11.125, 12.625], "texture": "#2"},
				"up": {"uv": [12.5, 2.625, 11.5, 2.5], "texture": "#2"},
				"down": {"uv": [4, 11.5, 3, 11.625], "texture": "#2"}
			}
		},
		{
			"from": [7, 3, 5.9],
			"to": [9, 3.1, 6],
			"faces": {
				"north": {"uv": [11.5, 3, 12.5, 3.125], "texture": "#2"},
				"east": {"uv": [12.5, 11, 12.625, 11.125], "texture": "#2"},
				"south": {"uv": [4, 11.5, 5, 11.625], "texture": "#2"},
				"west": {"uv": [11.5, 12.5, 11.625, 12.625], "texture": "#2"},
				"up": {"uv": [6, 11.625, 5, 11.5], "texture": "#2"},
				"down": {"uv": [7, 11.5, 6, 11.625], "texture": "#2"}
			}
		},
		{
			"from": [6.9, 4, 2.9],
			"to": [9.1, 5, 6],
			"faces": {
				"north": {"uv": [0, 8.5, 1.125, 9], "texture": "#2"},
				"east": {"uv": [0, 6.5, 1.5, 7], "texture": "#2"},
				"south": {"uv": [1.5, 8.5, 2.625, 9], "texture": "#2"},
				"west": {"uv": [1.5, 6.5, 3, 7], "texture": "#2"},
				"up": {"uv": [1.125, 4.5, 0, 3], "texture": "#2"},
				"down": {"uv": [4.125, 0, 3, 1.5], "texture": "#2"}
			}
		}
	],
	"display": {
		"thirdperson_righthand": {
			"translation": [0, 2.75, -2.25],
			"scale": [0.7, 0.7, 0.7]
		},
		"thirdperson_lefthand": {
			"translation": [0, 2.75, -2.25],
			"scale": [0.5, 0.5, 0.5]
		},
		"firstperson_righthand": {
			"translation": [0, 6.5, -2.25]
		},
		"firstperson_lefthand": {
			"translation": [0, 6.5, -2.25]
		},
		"ground": {
			"translation": [0, 3.75, 0]
		},
		"gui": {
			"rotation": [-165, -45, -180],
			"translation": [-2, 1.5, 0]
		},
		"head": {
			"translation": [0, 0, -2.25],
			"scale": [0.5, 0.5, 0.5]
		},
		"fixed": {
			"rotation": [-90, 0, 0],
			"translation": [0, 3.5, -7.75]
		}
	},
	"groups": [
		{
			"name": "group",
			"origin": [0, 0, 0],
			"color": 0,
			"children": [0, 1, 2, 3, 4, 5, 6, 7, 8, 9, 10, 11, 12, 13, 14, 15, 16, 17, 18, 19, 20, 21, 22, 23, 24, 25, 26, 27, 28, 29, 30, 31, 32, 33]
		},
		{
			"name": "group",
			"origin": [0, 0, 0],
			"color": 0,
			"children": [34, 35, 36, 37, 38, 39, 40, 41, 42, 43, 44, 45, 46, 47, 48, 49, 50, 51, 52, 53, 54, 55, 56, 57, 58, 59, 60, 61, 62, 63, 64, 65, 66, 67, 68, 69, 70, 71, 72, 73, 74, 75, 76, 77, 78, 79, 80, 81, 82, 83, 84, 85, 86, 87, 88, 89, 90, 91, 92, 93, 94, 95, 96, 97, 98, 99, 100, 101, 102, 103, 104, 105, 106, 107, 108, 109, 110, 111, 112, 113, 114, 115, 116, 117, 118, 119, 120, 121, 122, 123, 124, 125, 126, 127, 128, 129, 130, 131, 132, 133, 134, 135, 136, 137, 138, 139, 140, 141, 142, 143, 144, 145, 146, 147, 148, 149, 150, 151, 152, 153, 154, 155, 156, 157, 158, 159, 160]
		},
		{
			"name": "group",
			"origin": [0, 0, 0],
			"color": 0,
			"children": [161, 162, 163, 164, 165, 166, 167, 168, 169, 170, 171, 172, 173, 174, 175, 176, 177, 178, 179, 180, 181, 182, 183, 184, 185, 186, 187, 188, 189, 190, 191, 192, 193, 194, 195, 196, 197, 198, 199, 200, 201, 202, 203]
		}
	]
}