{
	"credit": "Created with Blockbench and devtea, also Wan_w1n",
	"texture_size": [64, 64],
	"textures": {
		"1": "./arse",
		"particle": "./arse"
	},
	"elements": [
		{
			"from": [7.25, 5.5, 7.8],
			"to": [8.75, 27.5, 8.3],
			"rotation": {"angle": 0, "axis": "y", "origin": [8, 1.5, 8]},
			"faces": {
				"north": {"uv": [0, 1.5, 0.75, 12.5], "texture": "#1"},
				"east": {"uv": [0, 1.5, 0.25, 12.5], "texture": "#1"},
				"south": {"uv": [0.75, 1.5, 0, 12.5], "texture": "#1"},
				"west": {"uv": [0.5, 1.5, 0.75, 12.5], "texture": "#1"},
				"up": {"uv": [0.75, 1.5, 0, 1.75], "texture": "#1"},
				"down": {"uv": [2, 0, 1, 0], "texture": "#1"}
			}
		},
		{
			"from": [7, 5.5, 7.5],
			"to": [9, 27.5, 8.5],
			"faces": {
				"north": {"uv": [10.25, 0, 11.25, 12.5], "texture": "#1"},
				"east": {"uv": [11.5, 0, 11.75, 12.5], "texture": "#1"},
				"south": {"uv": [11.25, 0, 10.25, 12.5], "texture": "#1"},
				"west": {"uv": [11.25, 0, 11.5, 12.5], "texture": "#1"},
				"up": {"uv": [8.375, 0.25, 9.125, 0.5], "texture": "#1"},
				"down": {"uv": [8.375, 0, 9.125, 0.25], "texture": "#1"}
			}
		},
		{
			"from": [7.25, 27.5, 7.8],
			"to": [8.25, 29.5, 8.3],
			"rotation": {"angle": 0, "axis": "y", "origin": [8, 1.5, 8]},
			"faces": {
				"north": {"uv": [0.25, 0.5, 0.75, 1.5], "texture": "#1"},
				"east": {"uv": [0.25, 0.5, 0.5, 1.5], "texture": "#1"},
				"south": {"uv": [0.75, 0.5, 0.25, 1.5], "texture": "#1"},
				"west": {"uv": [0.5, 0.5, 0.75, 1.5], "texture": "#1"},
				"up": {"uv": [0.75, 0.5, 0.25, 0.75], "texture": "#1"},
				"down": {"uv": [2, 0, 1, 0], "texture": "#1"}
			}
		},
		{
			"from": [7.25, 29.5, 7.8],
			"to": [7.75, 30.5, 8.3],
			"rotation": {"angle": 0, "axis": "y", "origin": [8, 1.5, 8]},
			"faces": {
				"north": {"uv": [0.5, 0, 0.75, 0.5], "texture": "#1"},
				"east": {"uv": [0.5, 0, 0.75, 0.5], "texture": "#1"},
				"south": {"uv": [0.75, 0, 0.5, 0.5], "texture": "#1"},
				"west": {"uv": [0.5, 0, 0.75, 0.5], "texture": "#1"},
				"up": {"uv": [0.75, 0, 0.5, 0.25], "texture": "#1"},
				"down": {"uv": [0.5, 0.25, 0.75, 0.5], "texture": "#1"}
			}
		},
		{
			"from": [7, -3.6, 7.5],
			"to": [9, 5, 8.5],
			"rotation": {"angle": 0, "axis": "y", "origin": [8, -3, 8]},
			"faces": {
				"north": {"uv": [5, 0.5, 4, 5], "texture": "#1"},
				"east": {"uv": [2.5, 0.5, 2, 5], "texture": "#1"},
				"south": {"uv": [3.5, 0.5, 2.5, 5], "texture": "#1"},
				"west": {"uv": [4, 0.5, 3.5, 5], "texture": "#1"},
				"up": {"uv": [3.5, 0, 2.5, 0.5], "texture": "#1"},
				"down": {"uv": [4.5, 0.5, 3.5, 0], "texture": "#1"}
			}
		},
		{
			"from": [6.5, 4, 7.05],
			"to": [9.5, 5, 8.85],
			"rotation": {"angle": 0, "axis": "y", "origin": [8, -3, 8]},
			"faces": {
				"north": {"uv": [6, 0.75, 5, 1.25], "texture": "#1"},
				"east": {"uv": [6.25, 0.75, 6, 1.25], "texture": "#1"},
				"south": {"uv": [6, 0.75, 5, 1.25], "texture": "#1"},
				"west": {"uv": [6.25, 0.75, 6, 1.25], "texture": "#1"},
				"up": {"uv": [6, 1.25, 5, 1.75], "texture": "#1"},
				"down": {"uv": [6, 2.25, 5, 1.75], "texture": "#1"}
			}
		},
		{
			"from": [6.75, -4, 7.25],
			"to": [9.25, -3, 8.75],
			"rotation": {"angle": 0, "axis": "y", "origin": [8, -3, 8]},
			"faces": {
				"north": {"uv": [6, 7.25, 4.75, 7.75], "texture": "#1"},
				"east": {"uv": [2.75, 7.25, 2, 7.75], "texture": "#1"},
				"south": {"uv": [4, 7.25, 2.75, 7.75], "texture": "#1"},
				"west": {"uv": [4.75, 7.25, 4, 7.75], "texture": "#1"},
				"up": {"uv": [4, 6.5, 2.75, 7.25], "texture": "#1"},
				"down": {"uv": [5.25, 7.25, 4, 6.5], "texture": "#1"}
			}
		},
		{
			"from": [6.15, 5, 6.75],
			"to": [9.95, 5.5, 9.25],
			"rotation": {"angle": 0, "axis": "y", "origin": [8, -3, 8]},
			"faces": {
				"north": {"uv": [9, 7.75, 7, 8], "texture": "#1"},
				"east": {"uv": [8.5, 8, 7.75, 8.25], "texture": "#1"},
				"south": {"uv": [9, 7.75, 7, 8], "texture": "#1"},
				"west": {"uv": [8.5, 8, 7.75, 8.25], "texture": "#1"},
				"up": {"uv": [9, 8.25, 7, 9], "texture": "#1"},
				"down": {"uv": [9, 9, 7, 8.25], "texture": "#1"}
			}
		}
	],
	"display": {
		"thirdperson_righthand": {
			"rotation": [0, 90, 0],
			"translation": [0, 5, 0.25],
			"scale": [0.82, 0.82, 0.82]
		},
		"thirdperson_lefthand": {
			"rotation": [-178.75, -90, 0],
			"translation": [0, 2.25, 0],
			"scale": [0.82, 0.82, 0.82]
		},
		"firstperson_righthand": {
			"rotation": [-14.5, 90, 0],
			"translation": [2.13, 2.95, 0.88],
			"scale": [0.48, 0.48, 0.48]
		},
		"firstperson_lefthand": {
			"rotation": [126, -90, 0],
			"translation": [2.38, 1.45, 2.88],
			"scale": [0.48, 0.48, 0.48]
		},
		"ground": {
			"rotation": [-90, 0, 0],
			"translation": [0, -2, 2.5],
			"scale": [0.5, 0.5, 0.5]
		},
		"gui": {
			"rotation": [0, 0, -48],
			"translation": [-2, -1.5, 0],
			"scale": [0.5, 0.5, 0.5]
		},
		"fixed": {
			"rotation": [0, 180, -45],
			"translation": [3.5, -3.5, -1.25]
		}
	}
}