{
	"credit": "Made with Blockbench",
	"texture_size": [32, 32],
	"textures": {
		"0": "item/custom_textures_3/_body1",
		"1": "item/custom_textures_3/emblem",
		"2": "item/custom_textures_3/screen",
		"3": "item/custom_textures_3/barrier",
		"4": "item/custom_textures_3/decals",
		"particle": "item/custom_textures_3/_body1"
	},
	"elements": [
		{
			"name": "ammo",
			"from": [7.025, 4.75, 8],
			"to": [8.925, 5.825, 10.5],
			"faces": {
				"north": {"uv": [14.0625, 11.7125, 15.9625, 12.7875], "texture": "#0"},
				"east": {"uv": [16, 14.925, 13.5, 16], "texture": "#0"},
				"south": {"uv": [14.0625, 11.7125, 15.9625, 12.7875], "texture": "#0"},
				"west": {"uv": [13.5, 14.925, 16, 16], "texture": "#0"},
				"up": {"uv": [14.1, 13, 16, 15.5], "texture": "#0"},
				"down": {"uv": [14.1, 15.5, 16, 13], "texture": "#0"}
			}
		},
		{
			"from": [6, 4, 8.025],
			"to": [7.25, 5.25, 8.275],
			"rotation": {"angle": -22.5, "axis": "z", "origin": [6, 4, 7.275]},
			"faces": {
				"north": {"uv": [7.75, 6, 8, 6.25], "texture": "#0"},
				"south": {"uv": [5, 6, 5.375, 6.375], "texture": "#0"},
				"west": {"uv": [5, 6, 5.25, 7.25], "texture": "#0"},
				"up": {"uv": [5, 10.5, 6.25, 10.75], "texture": "#0"},
				"down": {"uv": [6, 6, 7.25, 6.25], "texture": "#0"}
			}
		},
		{
			"from": [6, 5.25, 10.525],
			"to": [7, 6.25, 10.775],
			"rotation": {"angle": -22.5, "axis": "z", "origin": [6, 4, 7.275]},
			"faces": {
				"north": {"uv": [5.5, 6.5, 6.5, 7.5], "texture": "#0"},
				"east": {"uv": [6, 6.5, 6.25, 7.5], "texture": "#0"},
				"south": {"uv": [5.5, 6.5, 6.5, 7.5], "texture": "#0"},
				"west": {"uv": [5.5, 9, 5.75, 10], "texture": "#0"},
				"up": {"uv": [5.5, 6.5, 6.5, 6.75], "texture": "#0"}
			}
		},
		{
			"from": [6, 5, 8.275],
			"to": [7.25, 5.25, 10.775],
			"rotation": {"angle": -22.5, "axis": "z", "origin": [6, 4, 7.275]},
			"faces": {
				"east": {"uv": [5, 6, 7.5, 6.25], "texture": "#0"},
				"south": {"uv": [5, 6, 6.25, 6.25], "texture": "#0"},
				"west": {"uv": [5, 6, 7.5, 6.25], "texture": "#0"},
				"up": {"uv": [5, 8, 6.25, 10.5], "texture": "#0"},
				"down": {"uv": [5, 8, 6.25, 10.5], "texture": "#0"}
			}
		},
		{
			"from": [8.75, 4, 8.025],
			"to": [10, 5.25, 8.275],
			"rotation": {"angle": 22.5, "axis": "z", "origin": [10, 4, 8.275]},
			"faces": {
				"north": {"uv": [5, 6, 5.25, 6.25], "texture": "#0"},
				"east": {"uv": [5.5, 6.5, 5.75, 7.75], "texture": "#0"},
				"south": {"uv": [7.625, 6, 8, 6.375], "texture": "#0"},
				"up": {"uv": [5, 10.5, 6.25, 10.75], "texture": "#0"},
				"down": {"uv": [6, 6, 7.25, 6.25], "texture": "#0"}
			}
		},
		{
			"from": [9, 5.25, 10.525],
			"to": [10, 6.25, 10.775],
			"rotation": {"angle": 22.5, "axis": "z", "origin": [10, 4, 8.275]},
			"faces": {
				"north": {"uv": [5.5, 7, 6.5, 8], "texture": "#0"},
				"east": {"uv": [5.5, 9, 5.75, 10], "texture": "#0"},
				"south": {"uv": [5.5, 7, 6.5, 8], "texture": "#0"},
				"west": {"uv": [6, 6.5, 6.25, 7.5], "texture": "#0"},
				"up": {"uv": [6.5, 6, 7.5, 6.25], "texture": "#0"}
			}
		},
		{
			"from": [8.75, 5, 8.275],
			"to": [10, 5.25, 10.775],
			"rotation": {"angle": 22.5, "axis": "z", "origin": [10, 4, 8.275]},
			"faces": {
				"east": {"uv": [5.5, 6, 8, 6.25], "texture": "#0"},
				"south": {"uv": [5.5, 6, 6.75, 6.25], "texture": "#0"},
				"west": {"uv": [5.5, 6, 8, 6.25], "texture": "#0"},
				"up": {"uv": [5, 8, 6.25, 10.5], "texture": "#0"},
				"down": {"uv": [5, 8, 6.25, 10.5], "texture": "#0"}
			}
		},
		{
			"from": [6.5, 2.85, 8.025],
			"to": [9.5, 4.5, 8.275],
			"rotation": {"angle": 0, "axis": "y", "origin": [0, 1, -2]},
			"faces": {
				"north": {"uv": [5, 6, 8, 7.65], "texture": "#0"},
				"east": {"uv": [7, 6, 7.25, 7.65], "texture": "#0"},
				"south": {"uv": [5, 6, 8, 7.65], "texture": "#0"},
				"west": {"uv": [7, 6, 7.25, 7.65], "texture": "#0"},
				"down": {"uv": [5, 7.75, 8, 8], "texture": "#0"}
			}
		},
		{
			"from": [7.475, 4.25, 8.025],
			"to": [8.525, 4.75, 10.75],
			"faces": {
				"north": {"uv": [6, 6, 7.05, 6.5], "texture": "#0"},
				"east": {"uv": [5.375, 8, 5.875, 10.75], "rotation": 90, "texture": "#0"},
				"south": {"uv": [5.875, 6, 6.925, 6.5], "texture": "#0"},
				"west": {"uv": [5.5, 8.125, 6, 10.875], "rotation": 90, "texture": "#0"},
				"up": {"uv": [5.375, 8.0125, 6.425, 10.7625], "rotation": 180, "texture": "#0"},
				"down": {"uv": [5.25, 8.125, 6.3, 10.875], "texture": "#0"}
			}
		},
		{
			"from": [6.775, 2.6, 8.025],
			"to": [7.275, 3.85, 8.275],
			"rotation": {"angle": 22.5, "axis": "z", "origin": [6, 2, 4.025]},
			"faces": {
				"north": {"uv": [5.5, 6, 6, 7.25], "texture": "#0"},
				"south": {"uv": [5.5, 6, 6, 7.25], "texture": "#0"},
				"west": {"uv": [6, 6, 6.25, 7.25], "texture": "#0"},
				"down": {"uv": [5.5, 6.5, 6, 6.75], "texture": "#0"}
			}
		},
		{
			"from": [8.725, 2.6, 8.025],
			"to": [9.225, 3.85, 8.275],
			"rotation": {"angle": -22.5, "axis": "z", "origin": [10, 2, 5.025]},
			"faces": {
				"north": {"uv": [7.5, 6.5, 8, 7.75], "texture": "#0"},
				"east": {"uv": [5.5, 6.5, 5.75, 7.75], "texture": "#0"},
				"south": {"uv": [7.5, 6.5, 8, 7.75], "texture": "#0"},
				"down": {"uv": [6, 6.5, 6.5, 6.75], "texture": "#0"}
			}
		},
		{
			"from": [6.875, 4.75, 10.5],
			"to": [9.125, 6.075, 10.75],
			"rotation": {"angle": 0, "axis": "y", "origin": [0, 1, -2]},
			"faces": {
				"north": {"uv": [5.5, 6, 7.75, 7.325], "texture": "#0"},
				"east": {"uv": [5.5, 9, 5.75, 10.325], "texture": "#0"},
				"south": {"uv": [5.5, 6, 7.75, 7.325], "texture": "#0"},
				"west": {"uv": [5.5, 9, 5.75, 10.325], "texture": "#0"},
				"up": {"uv": [5.5, 6, 7.75, 6.25], "texture": "#0"}
			}
		},
		{
			"from": [8, 3, 9.75],
			"to": [8, 4.25, 10.75],
			"rotation": {"angle": 0, "axis": "y", "origin": [0, 1, -2]},
			"faces": {
				"east": {"uv": [13, 9, 11, 11.5], "texture": "#0"},
				"west": {"uv": [11, 9, 13, 11.5], "texture": "#0"}
			}
		},
		{
			"from": [7.875, 2.75, 8.5],
			"to": [8.125, 3, 11.5],
			"rotation": {"angle": 0, "axis": "y", "origin": [0, 1, -2]},
			"faces": {
				"north": {"uv": [8, 6, 8.25, 6.25], "texture": "#0"},
				"east": {"uv": [8, 6, 8.5, 9], "rotation": 90, "texture": "#0"},
				"west": {"uv": [8.5, 6, 8, 9], "rotation": 90, "texture": "#0"},
				"up": {"uv": [8, 6, 8.25, 9], "texture": "#0"},
				"down": {"uv": [6, 5.5, 9, 6], "rotation": 270, "texture": "#0"}
			}
		},
		{
			"from": [7.875, 3, 8.275],
			"to": [8.125, 4.25, 9.025],
			"rotation": {"angle": 0, "axis": "y", "origin": [0, 1, -2]},
			"faces": {
				"east": {"uv": [7.375, 8, 6.5, 9.5], "texture": "#0"},
				"south": {"uv": [7.375, 8, 7.75, 9.5], "texture": "#0"},
				"west": {"uv": [6.5, 8, 7.375, 9.5], "texture": "#0"},
				"down": {"uv": [5.5, 5.5, 6.25, 6], "rotation": 270, "texture": "#0"}
			}
		},
		{
			"from": [9.75, 5.25, 2.275],
			"to": [9.9, 6.05, 5.525],
			"rotation": {"angle": 22.5, "axis": "z", "origin": [10, 4, 11.025]},
			"faces": {
				"north": {"uv": [0, 0, 0.15, 0.8], "texture": "#0"},
				"east": {"uv": [0, 0, 3.25, 0.8], "texture": "#0"},
				"south": {"uv": [0, 0, 0.15, 0.8], "texture": "#0"},
				"west": {"uv": [0, 0, 3.25, 0.8], "texture": "#0"},
				"up": {"uv": [0, 0, 3.25, 0.15], "rotation": 90, "texture": "#0"},
				"down": {"uv": [0, 0, 3.25, 0.15], "rotation": 90, "texture": "#0"}
			}
		},
		{
			"from": [6.875, 3.1, 2.3],
			"to": [9.125, 5.85, 8.025],
			"faces": {
				"north": {"uv": [0, 9, 5, 15], "texture": "#0"},
				"east": {"uv": [5.5, 0, 0, 3], "texture": "#0"},
				"south": {"uv": [2.5, 6, 5, 9], "texture": "#0"},
				"west": {"uv": [0, 0, 5.5, 3], "texture": "#0"},
				"up": {"uv": [8, 5.5, 5.5, 0], "texture": "#0"},
				"down": {"uv": [8, 0, 5.5, 5.5], "texture": "#0"}
			}
		},
		{
			"from": [6.1, 5.25, 2.275],
			"to": [6.25, 6.05, 5.525],
			"rotation": {"angle": -22.5, "axis": "z", "origin": [6, 4, 10.025]},
			"faces": {
				"north": {"uv": [0, 0, 0.15, 0.8], "texture": "#0"},
				"east": {"uv": [0, 0, 3.25, 0.8], "texture": "#0"},
				"south": {"uv": [0, 0, 0.15, 0.8], "texture": "#0"},
				"west": {"uv": [0, 0, 3.25, 0.8], "texture": "#0"},
				"up": {"uv": [0, 0, 3.25, 0.15], "rotation": 90, "texture": "#0"},
				"down": {"uv": [0, 0, 3.25, 0.15], "rotation": 90, "texture": "#0"}
			}
		},
		{
			"from": [7.875, 5.85, 2.35],
			"to": [8.125, 6.325, 3],
			"faces": {
				"north": {"uv": [11.5, 8.5, 11.75, 8.975], "texture": "#0"},
				"east": {"uv": [11, 7.5, 11.65, 7.975], "texture": "#0"},
				"south": {"uv": [8.5, 7, 12.475, 9], "rotation": 90, "texture": "#0"},
				"west": {"uv": [11, 7.5, 11.65, 7.975], "texture": "#0"},
				"up": {"uv": [10.5, 8, 10.75, 8.65], "texture": "#0"}
			}
		},
		{
			"from": [7.35, 0.5, 12],
			"to": [8.65, 1, 14.225],
			"rotation": {"angle": 0, "axis": "y", "origin": [0, 1, -2]},
			"faces": {
				"north": {"uv": [6.5, 14.5, 7.8, 15], "texture": "#0"},
				"east": {"uv": [9, 12.75, 9.5, 14.975], "rotation": 90, "texture": "#0"},
				"south": {"uv": [6.5, 14.5, 7.8, 15], "texture": "#0"},
				"west": {"uv": [9, 12.75, 9.5, 14.975], "rotation": 90, "texture": "#0"},
				"up": {"uv": [7.5, 10, 8.8, 12.225], "texture": "#0"},
				"down": {"uv": [7.5, 12, 8.8, 14.225], "texture": "#0"}
			}
		},
		{
			"from": [7.375, 0.975, 12.25],
			"to": [8.625, 3.5, 14.325],
			"rotation": {"angle": -22.5, "axis": "x", "origin": [8, 1, 13]},
			"faces": {
				"north": {"uv": [8, 12, 9.25, 14.5], "texture": "#0"},
				"east": {"uv": [6.5, 9.5, 8.575, 12], "texture": "#0"},
				"south": {"uv": [6.5, 12, 7.75, 14.5], "texture": "#0"},
				"west": {"uv": [6.5, 9.5, 8.575, 12], "texture": "#0"},
				"down": {"uv": [8, 9.5, 9.25, 11.575], "texture": "#0"}
			}
		},
		{
			"from": [7.4, 1, 13],
			"to": [8.6, 1.5, 14.225],
			"rotation": {"angle": 0, "axis": "y", "origin": [8, 1, 13]},
			"faces": {
				"east": {"uv": [1.275, 8.5, 0, 9], "texture": "#0"},
				"south": {"uv": [0, 8, 1.2, 8.5], "texture": "#0"},
				"west": {"uv": [0, 8.5, 1.225, 9], "texture": "#0"}
			}
		},
		{
			"from": [7.15, 3.5, 11.75],
			"to": [8.85, 3.75, 15.5],
			"rotation": {"angle": -22.5, "axis": "x", "origin": [8, 1, 13]},
			"faces": {
				"north": {"uv": [12, 3.5, 13.7, 3.75], "texture": "#0"},
				"east": {"uv": [12, 0, 12.25, 3.75], "rotation": 90, "texture": "#0"},
				"south": {"uv": [12, 3.5, 13.7, 3.75], "texture": "#0"},
				"west": {"uv": [13.5, 0, 13.75, 3.75], "rotation": 270, "texture": "#0"},
				"up": {"uv": [12, 0, 13.7, 3.75], "texture": "#0"},
				"down": {"uv": [12.1125, 3.75, 13.6875, 0], "texture": "#0"}
			}
		},
		{
			"from": [7.225, 3.75, 12.25],
			"to": [8.775, 5, 14.25],
			"rotation": {"angle": -22.5, "axis": "x", "origin": [8, 1, 13]},
			"faces": {
				"north": {"uv": [9.5, 3.5, 11.05, 4.75], "texture": "#0"},
				"east": {"uv": [11.5, 2, 9.5, 3.25], "texture": "#0"},
				"south": {"uv": [9.5, 3.5, 11.05, 4.75], "texture": "#0"},
				"west": {"uv": [9.5, 2, 11.5, 3.25], "texture": "#0"},
				"up": {"uv": [9.5, 5, 11.05, 7], "texture": "#0"}
			}
		},
		{
			"from": [7.25, 4.25, 10.75],
			"to": [8.75, 6.075, 13],
			"rotation": {"angle": 0, "axis": "y", "origin": [0, 1, -2]},
			"faces": {
				"north": {"uv": [10.5, 0, 12, 1.825], "texture": "#0"},
				"east": {"uv": [10.25, 0, 8, 1.825], "texture": "#0"},
				"south": {"uv": [10.5, 0, 12, 1.825], "texture": "#0"},
				"west": {"uv": [8, 0, 10.25, 1.825], "texture": "#0"},
				"up": {"uv": [8, 2, 9.5, 4.25], "texture": "#0"},
				"down": {"uv": [8, 2, 9.5, 4.25], "texture": "#0"}
			}
		},
		{
			"from": [8.125, 6.075, 11.9],
			"to": [8.375, 6.325, 12.9],
			"faces": {
				"north": {"uv": [9, 6.5, 9.25, 6.75], "texture": "#0"},
				"east": {"uv": [9, 6, 9.25, 7], "rotation": 90, "texture": "#0"},
				"south": {"uv": [8.5, 7, 10.5, 9], "texture": "#0"},
				"west": {"uv": [9, 6, 9.25, 7], "rotation": 90, "texture": "#0"},
				"up": {"uv": [9, 6, 9.25, 7], "texture": "#0"}
			}
		},
		{
			"from": [7.625, 6.075, 11.9],
			"to": [7.875, 6.325, 12.9],
			"faces": {
				"north": {"uv": [9, 6.5, 9.25, 6.75], "texture": "#0"},
				"east": {"uv": [9, 6, 9.25, 7], "rotation": 90, "texture": "#0"},
				"south": {"uv": [8.5, 7, 10.5, 9], "texture": "#0"},
				"west": {"uv": [9, 6, 9.25, 7], "rotation": 90, "texture": "#0"},
				"up": {"uv": [9, 6, 9.25, 7], "texture": "#0"}
			}
		},
		{
			"from": [7.65, 5.25, 13.025],
			"to": [8.35, 5.95, 13.025],
			"faces": {
				"south": {"uv": [0, 0, 0.35, 0.35], "texture": "#2"}
			}
		},
		{
			"from": [7.65, 5.25, 13.05],
			"to": [8.35, 5.95, 13.05],
			"faces": {
				"south": {"uv": [0, 0, 16, 16], "texture": "#3"}
			}
		},
		{
			"from": [6, 4, 6.3],
			"to": [6.25, 5.25, 8.025],
			"rotation": {"angle": -22.5, "axis": "z", "origin": [6, 4, 4.05]},
			"faces": {
				"north": {"uv": [5, 3, 5.25, 4.25], "texture": "#0"},
				"east": {"uv": [0, 3.5, 2.375, 4.75], "texture": "#0"},
				"south": {"uv": [5.25, 3, 5.5, 4.25], "texture": "#0"},
				"west": {"uv": [0, 3.5, 2.375, 4.75], "texture": "#0"},
				"up": {"uv": [0, 4, 5.5, 4.25], "rotation": 90, "texture": "#0"},
				"down": {"uv": [0, 4, 5.5, 4.25], "rotation": 90, "texture": "#0"}
			}
		},
		{
			"from": [6, 5.25, 5.525],
			"to": [6.225, 6.15, 10.5],
			"rotation": {"angle": -22.5, "axis": "z", "origin": [6, 4, 10.025]},
			"faces": {
				"north": {"uv": [3.5, 3.5, 3.75, 4.5], "texture": "#0"},
				"east": {"uv": [0, 4.5, 5.125, 5.5], "texture": "#0"},
				"south": {"uv": [0.5, 4.5, 0.75, 5.5], "texture": "#0"},
				"west": {"uv": [0, 4.5, 5.125, 5.5], "texture": "#0"},
				"up": {"uv": [0.5, 3.5, 5.5, 3.75], "rotation": 90, "texture": "#0"},
				"down": {"uv": [0, 4, 5, 4.25], "rotation": 90, "texture": "#0"}
			}
		},
		{
			"from": [4, 7.25, 7.7],
			"to": [4, 8.05, 8.5],
			"rotation": {"angle": -22.5, "axis": "z", "origin": [0, 0, -2]},
			"faces": {
				"west": {"uv": [0, 0, 16, 16], "texture": "#1"}
			}
		},
		{
			"from": [6.825, 5.85, 5.5],
			"to": [9.175, 5.975, 10.5],
			"rotation": {"angle": 0, "axis": "y", "origin": [0, 1, -2]},
			"faces": {
				"north": {"uv": [2, 4.5, 4.25, 4.75], "texture": "#0"},
				"east": {"uv": [0, 3, 5, 3.25], "texture": "#0"},
				"south": {"uv": [0.5, 3.5, 2.75, 3.75], "texture": "#0"},
				"west": {"uv": [0, 5, 5, 5.25], "texture": "#0"},
				"up": {"uv": [0, 3.5, 5, 5.75], "rotation": 90, "texture": "#0"},
				"down": {"uv": [0, 3.5, 5, 5.75], "rotation": 90, "texture": "#0"}
			}
		},
		{
			"from": [10.775, 1.125, 7.65],
			"to": [10.775, 1.975, 8.5],
			"rotation": {"angle": 22.5, "axis": "z", "origin": [0, 0, -2]},
			"faces": {
				"east": {"uv": [0, 0, 16, 16], "texture": "#1"}
			}
		},
		{
			"from": [9.775, 5.25, 5.525],
			"to": [10, 6.15, 10.5],
			"rotation": {"angle": 22.5, "axis": "z", "origin": [10, 4, 11.025]},
			"faces": {
				"north": {"uv": [1, 4, 1.25, 5], "texture": "#0"},
				"east": {"uv": [0, 3, 5, 4], "texture": "#0"},
				"south": {"uv": [0.5, 3, 0.75, 4], "texture": "#0"},
				"west": {"uv": [0, 3, 5, 4], "texture": "#0"},
				"up": {"uv": [0, 4, 5, 4.25], "rotation": 90, "texture": "#0"},
				"down": {"uv": [0, 4.5, 5, 4.75], "rotation": 90, "texture": "#0"}
			}
		},
		{
			"from": [6.775, 2.6, 6.3],
			"to": [7.025, 3.85, 8.025],
			"rotation": {"angle": 22.5, "axis": "z", "origin": [6, 2, 4.05]},
			"faces": {
				"north": {"uv": [5, 4.125, 5.25, 5.375], "texture": "#0"},
				"east": {"uv": [0, 4.75, 2.375, 6], "texture": "#0"},
				"south": {"uv": [5.25, 4.25, 5.5, 5.5], "texture": "#0"},
				"west": {"uv": [0, 4.75, 2.375, 6], "texture": "#0"},
				"down": {"uv": [0, 4, 5.5, 4.25], "rotation": 90, "texture": "#0"}
			}
		},
		{
			"from": [8.975, 2.6, 6.3],
			"to": [9.225, 3.85, 8.025],
			"rotation": {"angle": -22.5, "axis": "z", "origin": [10, 2, 5.05]},
			"faces": {
				"north": {"uv": [0, 4, 0.25, 5.25], "texture": "#0"},
				"east": {"uv": [1.75, 4.75, 0, 6], "texture": "#0"},
				"south": {"uv": [0, 4, 0.25, 5.25], "texture": "#0"},
				"west": {"uv": [0, 4.75, 1.75, 6], "texture": "#0"},
				"down": {"uv": [0, 3.5, 5.5, 3.75], "rotation": 90, "texture": "#0"}
			}
		},
		{
			"from": [9.75, 4, 6.3],
			"to": [10, 5.25, 8.025],
			"rotation": {"angle": 22.5, "axis": "z", "origin": [10, 4, 5.05]},
			"faces": {
				"north": {"uv": [0, 3, 0.25, 4.25], "texture": "#0"},
				"east": {"uv": [0.25, 3, 2, 4.25], "texture": "#0"},
				"south": {"uv": [0, 3, 0.25, 4.25], "texture": "#0"},
				"west": {"uv": [0, 3, 2, 4.25], "texture": "#0"},
				"up": {"uv": [0, 4, 5.5, 4.25], "rotation": 90, "texture": "#0"},
				"down": {"uv": [0, 4.375, 5.75, 4.625], "rotation": 90, "texture": "#0"}
			}
		},
		{
			"from": [5.725, 4.625, 4.65],
			"to": [6.975, 4.875, 6.3],
			"rotation": {"angle": 22.5, "axis": "z", "origin": [6, 4, 2.325]},
			"faces": {
				"north": {"uv": [5, 3, 5.25, 4.25], "rotation": 270, "texture": "#0"},
				"east": {"uv": [0, 5.5, 2, 6], "rotation": 180, "texture": "#0"},
				"south": {"uv": [5.25, 3, 5.5, 4.25], "rotation": 90, "texture": "#0"},
				"west": {"uv": [0, 4, 5.125, 4.25], "rotation": 180, "texture": "#0"},
				"up": {"uv": [14, 4.5, 16, 5.75], "rotation": 90, "texture": "#0"},
				"down": {"uv": [14, 4.5, 16, 5.75], "rotation": 90, "texture": "#0"}
			}
		},
		{
			"from": [4.425, 3.025, 4.65],
			"to": [4.675, 4.275, 6.3],
			"rotation": {"angle": -22.5, "axis": "z", "origin": [6, 2, 2.325]},
			"faces": {
				"north": {"uv": [5, 4.125, 5.25, 5.375], "texture": "#0"},
				"east": {"uv": [14, 6.75, 16, 8], "texture": "#0"},
				"south": {"uv": [5.25, 4.25, 5.5, 5.5], "texture": "#0"},
				"west": {"uv": [14, 6.75, 16, 8], "texture": "#0"},
				"down": {"uv": [0, 4, 5.125, 4.25], "rotation": 90, "texture": "#0"}
			}
		},
		{
			"from": [11.3, 3.125, 4.65],
			"to": [11.55, 4.375, 6.3],
			"rotation": {"angle": 22.5, "axis": "z", "origin": [10, 2, 3.325]},
			"faces": {
				"north": {"uv": [0, 4, 0.25, 5.25], "texture": "#0"},
				"east": {"uv": [16, 6.75, 14, 8], "texture": "#0"},
				"south": {"uv": [0, 4, 0.25, 5.25], "texture": "#0"},
				"west": {"uv": [14, 6.75, 16, 8], "texture": "#0"},
				"down": {"uv": [0, 3.5, 5.125, 3.75], "rotation": 90, "texture": "#0"}
			}
		},
		{
			"from": [8.975, 4.675, 4.65],
			"to": [10.225, 4.925, 6.3],
			"rotation": {"angle": -22.5, "axis": "z", "origin": [10, 4, 3.325]},
			"faces": {
				"north": {"uv": [0, 3, 0.25, 4.25], "rotation": 90, "texture": "#0"},
				"east": {"uv": [0, 4.375, 5.375, 4.625], "texture": "#0"},
				"south": {"uv": [0, 3, 0.25, 4.25], "rotation": 270, "texture": "#0"},
				"west": {"uv": [0, 5.5, 2, 6], "texture": "#0"},
				"up": {"uv": [14, 4.5, 16, 5.75], "rotation": 270, "texture": "#0"},
				"down": {"uv": [14, 4.5, 16, 5.75], "rotation": 270, "texture": "#0"}
			}
		},
		{
			"from": [5.25, 4.45, 3],
			"to": [5.5, 5.7, 4.65],
			"rotation": {"angle": -45, "axis": "z", "origin": [5.25, 3.95, 0.75]},
			"faces": {
				"north": {"uv": [5, 3, 5.25, 4.25], "texture": "#0"},
				"east": {"uv": [14, 4.5, 16, 5.75], "texture": "#0"},
				"south": {"uv": [5.25, 3, 5.5, 4.25], "texture": "#0"},
				"west": {"uv": [14, 4.5, 16, 5.75], "texture": "#0"},
				"up": {"uv": [0, 5.5, 2, 6], "rotation": 90, "texture": "#0"},
				"down": {"uv": [0, 4, 5.125, 4.25], "rotation": 90, "texture": "#0"}
			}
		},
		{
			"from": [5.625, 3.05, 3],
			"to": [5.875, 4.3, 4.65],
			"rotation": {"angle": 0, "axis": "y", "origin": [5.25, 1.95, 0.75]},
			"faces": {
				"north": {"uv": [5, 4.125, 5.25, 5.375], "texture": "#0"},
				"east": {"uv": [14, 6.75, 16, 8], "texture": "#0"},
				"south": {"uv": [5.25, 4.25, 5.5, 5.5], "texture": "#0"},
				"west": {"uv": [14, 6.75, 16, 8], "texture": "#0"},
				"down": {"uv": [0, 4, 5.125, 4.25], "rotation": 90, "texture": "#0"}
			}
		},
		{
			"from": [10.1, 3.075, 3],
			"to": [10.35, 4.325, 4.65],
			"rotation": {"angle": 0, "axis": "y", "origin": [10, 1.95, 1.75]},
			"faces": {
				"north": {"uv": [0, 4, 0.25, 5.25], "texture": "#0"},
				"east": {"uv": [16, 6.75, 14, 8], "texture": "#0"},
				"south": {"uv": [0, 4, 0.25, 5.25], "texture": "#0"},
				"west": {"uv": [14, 6.75, 16, 8], "texture": "#0"},
				"down": {"uv": [0, 3.5, 5.125, 3.75], "rotation": 90, "texture": "#0"}
			}
		},
		{
			"from": [10.275, 3.95, 3],
			"to": [10.525, 5.2, 4.65],
			"rotation": {"angle": 45, "axis": "z", "origin": [10, 3.95, 1.75]},
			"faces": {
				"north": {"uv": [0, 3, 0.25, 4.25], "texture": "#0"},
				"east": {"uv": [14, 4.5, 16, 5.75], "texture": "#0"},
				"south": {"uv": [0, 3, 0.25, 4.25], "texture": "#0"},
				"west": {"uv": [14, 4.5, 16, 5.75], "texture": "#0"},
				"up": {"uv": [0, 5.5, 2, 6], "rotation": 90, "texture": "#0"},
				"down": {"uv": [0, 4.375, 5.375, 4.625], "rotation": 90, "texture": "#0"}
			}
		},
		{
			"from": [6, 4, 2.275],
			"to": [6.25, 5.25, 3],
			"rotation": {"angle": -22.5, "axis": "z", "origin": [6, 4, 0.025]},
			"faces": {
				"north": {"uv": [5, 3, 5.25, 4.25], "texture": "#0"},
				"east": {"uv": [0, 3.5, 1.5, 4.75], "texture": "#0"},
				"south": {"uv": [5.25, 3, 5.5, 4.25], "texture": "#0"},
				"west": {"uv": [0, 3.5, 1.5, 4.75], "texture": "#0"},
				"up": {"uv": [0, 4, 1.5, 4.25], "rotation": 90, "texture": "#0"},
				"down": {"uv": [0, 4, 5.5, 4.25], "rotation": 90, "texture": "#0"}
			}
		},
		{
			"from": [6.775, 2.6, 2.275],
			"to": [7.025, 3.85, 3],
			"rotation": {"angle": 22.5, "axis": "z", "origin": [6, 2, 0.025]},
			"faces": {
				"north": {"uv": [5, 4.125, 5.25, 5.375], "texture": "#0"},
				"east": {"uv": [0, 4.75, 1, 6], "texture": "#0"},
				"south": {"uv": [5.25, 4.25, 5.5, 5.5], "texture": "#0"},
				"west": {"uv": [0, 4.75, 1, 6], "texture": "#0"},
				"down": {"uv": [0, 4, 5.5, 4.25], "rotation": 90, "texture": "#0"}
			}
		},
		{
			"from": [8.975, 2.6, 2.275],
			"to": [9.225, 3.85, 3],
			"rotation": {"angle": -22.5, "axis": "z", "origin": [10, 2, 1.025]},
			"faces": {
				"north": {"uv": [0, 4, 0.25, 5.25], "texture": "#0"},
				"east": {"uv": [1.5, 4.75, 0, 6], "texture": "#0"},
				"south": {"uv": [0, 4, 0.25, 5.25], "texture": "#0"},
				"west": {"uv": [0, 4.75, 1.5, 6], "texture": "#0"},
				"down": {"uv": [0, 3.5, 5.5, 3.75], "rotation": 90, "texture": "#0"}
			}
		},
		{
			"from": [9.75, 4, 2.275],
			"to": [10, 5.25, 3],
			"rotation": {"angle": 22.5, "axis": "z", "origin": [10, 4, 1.025]},
			"faces": {
				"north": {"uv": [0, 3, 0.25, 4.25], "texture": "#0"},
				"east": {"uv": [0, 3.125, 1.5, 4.375], "texture": "#0"},
				"south": {"uv": [0, 3, 0.25, 4.25], "texture": "#0"},
				"west": {"uv": [0, 3.125, 1.5, 4.375], "texture": "#0"},
				"up": {"uv": [0, 4, 1.5, 4.25], "rotation": 90, "texture": "#0"},
				"down": {"uv": [0, 4.375, 5.75, 4.625], "rotation": 90, "texture": "#0"}
			}
		},
		{
			"from": [6.5, 2.85, 2.275],
			"to": [9.5, 3.1, 8.025],
			"rotation": {"angle": 0, "axis": "y", "origin": [0, 1, -2]},
			"faces": {
				"north": {"uv": [0, 5.75, 3, 6], "texture": "#0"},
				"east": {"uv": [0, 4, 5.5, 4.25], "texture": "#0"},
				"south": {"uv": [2.5, 5.5, 5.5, 5.75], "texture": "#0"},
				"west": {"uv": [0, 4, 5.5, 4.25], "texture": "#0"},
				"up": {"uv": [0, 3, 5.5, 6], "rotation": 90, "texture": "#0"},
				"down": {"uv": [0, 3, 5.5, 6], "rotation": 90, "texture": "#0"}
			}
		},
		{
			"from": [6.54403, 4.79567, 8.4],
			"to": [7.29403, 4.79567, 9.6],
			"rotation": {"angle": 22.5, "axis": "z", "origin": [7.975, 4.5, 13.25]},
			"faces": {
				"north": {"uv": [0, 0, 0.5, 0], "texture": "#missing"},
				"east": {"uv": [0, 0, 1, 0], "texture": "#missing"},
				"south": {"uv": [0, 0, 0.5, 0], "texture": "#missing"},
				"west": {"uv": [0, 0, 1, 0], "texture": "#4"},
				"up": {"uv": [11, 3, 6, 0], "rotation": 270, "texture": "#4"},
				"down": {"uv": [11, 0, 6, 3], "rotation": 90, "texture": "#4"}
			}
		},
		{
			"from": [7.2, 4.425, 11.35],
			"to": [7.2, 5.425, 12.35],
			"rotation": {"angle": 0, "axis": "y", "origin": [-0.025, -3.75, 0]},
			"faces": {
				"west": {"uv": [0, 10, 6, 16], "texture": "#4"},
				"up": {"uv": [0, 0, 0, 0.5], "texture": "#4"},
				"down": {"uv": [0, 0, 0, 0.5], "texture": "#4"}
			}
		},
		{
			"from": [7.15, 4.34567, 12.75597],
			"to": [8.85, 4.34567, 13.50597],
			"rotation": {"angle": 22.5, "axis": "x", "origin": [7.975, 4.5, 13.25]},
			"faces": {
				"north": {"uv": [0, 0, 1, 0], "texture": "#missing"},
				"east": {"uv": [0, 0, 0.5, 0], "texture": "#missing"},
				"south": {"uv": [0, 0, 1, 0], "texture": "#missing"},
				"west": {"uv": [0, 0, 0.5, 0], "texture": "#4"},
				"up": {"uv": [5.75, 3, 0, 0], "rotation": 180, "texture": "#4"},
				"down": {"uv": [5.75, 0, 0, 3], "rotation": 180, "texture": "#4"}
			}
		}
	],
	"overrides": [
		{
			"predicate": {
				"pulling": 1
			},
			"model": "item/crossbow_pulling_0"
		},
		{
			"predicate": {
				"pulling": 1,
				"pull": 0.1
			},
			"model": "item/crossbow_pulling_1"
		},
		{
			"predicate": {
				"pulling": 1,
				"pull": 0.12
			},
			"model": "item/crossbow_pulling_2"
		},
		{
			"predicate": {
				"pulling": 1,
				"pull": 0.14
			},
			"model": "item/crossbow_pulling_3"
		},
		{
			"predicate": {
				"pulling": 1,
				"pull": 0.16
			},
			"model": "item/crossbow_pulling_4"
		},
		{
			"predicate": {
				"pulling": 1,
				"pull": 0.18
			},
			"model": "item/crossbow_pulling_5"
		},
		{
			"predicate": {
				"pulling": 1,
				"pull": 0.2
			},
			"model": "item/crossbow_pulling_6"
		},
		{
			"predicate": {
				"pulling": 1,
				"pull": 0.22
			},
			"model": "item/crossbow_pulling_7"
		},
		{
			"predicate": {
				"pulling": 1,
				"pull": 0.24
			},
			"model": "item/crossbow_pulling_8"
		},
		{
			"predicate": {
				"pulling": 1,
				"pull": 0.28
			},
			"model": "item/crossbow_pulling_9"
		},
		{
			"predicate": {
				"pulling": 1,
				"pull": 0.34
			},
			"model": "item/crossbow_pulling_10"
		},
		{
			"predicate": {
				"pulling": 1,
				"pull": 0.38
			},
			"model": "item/crossbow_pulling_11"
		},
		{
			"predicate": {
				"pulling": 1,
				"pull": 0.42
			},
			"model": "item/crossbow_pulling_12"
		},
		{
			"predicate": {
				"pulling": 1,
				"pull": 0.45
			},
			"model": "item/crossbow_pulling_13"
		},
		{
			"predicate": {
				"pulling": 1,
				"pull": 0.5
			},
			"model": "item/crossbow_pulling_14"
		},
		{
			"predicate": {
				"pulling": 1,
				"pull": 0.6
			},
			"model": "item/crossbow_pulling_15"
		},
		{
			"predicate": {
				"pulling": 1,
				"pull": 0.65
			},
			"model": "item/crossbow_pulling_16"
		},
		{
			"predicate": {
				"pulling": 1,
				"pull": 0.7
			},
			"model": "item/crossbow_pulling_17"
		},
		{
			"predicate": {
				"pulling": 1,
				"pull": 0.75
			},
			"model": "item/crossbow_pulling_18"
		},
		{
			"predicate": {
				"pulling": 1,
				"pull": 0.85
			},
			"model": "item/crossbow_pulling_19"
		},
		{
			"predicate": {
				"pulling": 1,
				"pull": 0.9
			},
			"model": "item/crossbow_pulling_20"
		},
		{
			"predicate": {
				"pulling": 1,
				"pull": 0.95
			},
			"model": "item/crossbow_pulling_21"
		},
		{
			"predicate": {
				"charged": 1
			},
			"model": "item/crossbow_arrow"
		},
		{
			"predicate": {
				"charged": 1,
				"firework": 1
			},
			"model": "item/crossbow_firework"
		}
	],
	"display": {
		"thirdperson_righthand": {
			"translation": [0, 3, -1],
			"scale": [0.54, 0.54, 0.54]
		},
		"thirdperson_lefthand": {
			"translation": [0, 3, -1],
			"scale": [0.54, 0.54, 0.54]
		},
		"firstperson_righthand": {
			"rotation": [21.25, 1.63, -0.72],
			"translation": [-1.25, 5, -10.55],
			"scale": [1.36, 1.36, 1.36]
		},
		"firstperson_lefthand": {
			"rotation": [21.25, 1.63, -0.72],
			"translation": [-1.25, 5, -10.55],
			"scale": [1.36, 1.36, 1.36]
		},
		"ground": {
			"translation": [0, 2.25, 0],
			"scale": [0.54, 0.54, 0.54]
		},
		"gui": {
			"rotation": [150, 47, -158],
			"translation": [1.25, 5.5, 0],
			"scale": [1.29961, 1.29961, 1.29961]
		},
		"head": {
			"translation": [0, 11.5, 0]
		},
		"fixed": {
			"rotation": [0, -90, 0],
			"translation": [0, 4.25, 0],
			"scale": [1.01, 1.01, 1.01]
		}
	},
	"groups": [
		0,
		{
			"name": "A_C",
			"origin": [8, 8, 8],
			"color": 0,
			"children": [1, 2, 3, 4, 5, 6, 7, 8, 9, 10, 11]
		},
		{
			"name": "fortrigger",
			"origin": [0, 1, -2],
			"color": 0,
			"children": [12, 13, 14]
		},
		{
			"name": "canshoot",
			"origin": [6, 4, 10.025],
			"color": 0,
			"children": [15, 16, 17, 18]
		},
		{
			"name": "hold",
			"origin": [8, 1, 13],
			"color": 0,
			"children": [19, 20, 21, 22, 23]
		},
		{
			"name": "B",
			"origin": [0, 0, 0],
			"color": 0,
			"children": [24, 25, 26]
		},
		{
			"name": "group",
			"origin": [0, 1, -2],
			"color": 0,
			"children": [27, 28]
		},
		{
			"name": "A",
			"origin": [10, 4, 11.025],
			"color": 0,
			"children": [
				{
					"name": "4",
					"origin": [10, 4, 5.025],
					"color": 0,
					"children": [
						29,
						{
							"name": "group",
							"origin": [10, 4, 11.025],
							"color": 0,
							"children": [30, 31, 32, 33, 34]
						},
						35,
						36,
						37
					]
				},
				{
					"name": "3",
					"origin": [10, 4, 5.025],
					"color": 0,
					"children": [38, 39, 40, 41]
				},
				{
					"name": "2",
					"origin": [10, 4, 5.025],
					"color": 0,
					"children": [42, 43, 44, 45]
				},
				{
					"name": "1",
					"origin": [10, 4, 5.025],
					"color": 0,
					"children": [46, 47, 48, 49]
				},
				50,
				{
					"name": "emblems",
					"origin": [0, 0, 0],
					"color": 0,
					"children": []
				}
			]
		},
		51,
		52,
		53
	]
}