{
	"credit": "Made with Blockbench",
	"texture_size": [32, 32],
	"textures": {
		"0": "item/custom_textures_3/_body1",
		"1": "item/custom_textures_3/emblem",
		"2": "item/custom_textures_3/screen",
		"3": "item/custom_textures_3/arrow",
		"4": "item/custom_textures_3/decals",
		"particle": "item/custom_textures_3/_body1"
	},
	"elements": [
		{
			"name": "ammo",
			"from": [7.02579, 8.38474, 8.08962],
			"to": [8.92579, 9.45974, 10.58962],
			"rotation": {"angle": 0, "axis": "y", "origin": [0.00079, 3.63474, 0.08962]},
			"faces": {
				"north": {"uv": [14.0625, 11.7125, 15.9625, 12.7875], "texture": "#0"},
				"east": {"uv": [16, 14.925, 13.5, 16], "texture": "#0"},
				"south": {"uv": [14.0625, 11.7125, 15.9625, 12.7875], "texture": "#0"},
				"west": {"uv": [13.5, 14.925, 16, 16], "texture": "#0"},
				"up": {"uv": [14.1, 13, 16, 15.5], "texture": "#0"},
				"down": {"uv": [14.1, 15.5, 16, 13], "texture": "#0"}
			}
		},
		{
			"from": [6.82579, 9.48474, 5.58962],
			"to": [9.17579, 9.60974, 10.58962],
			"rotation": {"angle": 0, "axis": "y", "origin": [0.00079, 4.63474, -1.91038]},
			"faces": {
				"north": {"uv": [2, 4.5, 4.25, 4.75], "texture": "#0"},
				"east": {"uv": [0, 3, 5, 3.25], "texture": "#0"},
				"south": {"uv": [0.5, 3.5, 2.75, 3.75], "texture": "#0"},
				"west": {"uv": [0, 5, 5, 5.25], "texture": "#0"},
				"up": {"uv": [0, 3.5, 5, 5.75], "rotation": 90, "texture": "#0"},
				"down": {"uv": [0, 3.5, 5, 5.75], "rotation": 90, "texture": "#0"}
			}
		},
		{
			"from": [6.00079, 7.63474, 6.38962],
			"to": [6.25079, 8.88474, 8.11462],
			"rotation": {"angle": -22.5, "axis": "z", "origin": [6.00079, 7.63474, 4.13962]},
			"faces": {
				"north": {"uv": [5, 3, 5.25, 4.25], "texture": "#0"},
				"east": {"uv": [0, 3.5, 2.375, 4.75], "texture": "#0"},
				"south": {"uv": [5.25, 3, 5.5, 4.25], "texture": "#0"},
				"west": {"uv": [0, 3.5, 2.375, 4.75], "texture": "#0"},
				"up": {"uv": [0, 4, 5.5, 4.25], "rotation": 90, "texture": "#0"},
				"down": {"uv": [0, 4, 5.5, 4.25], "rotation": 90, "texture": "#0"}
			}
		},
		{
			"from": [6.77579, 6.23474, 6.38962],
			"to": [7.02579, 7.48474, 8.11462],
			"rotation": {"angle": 22.5, "axis": "z", "origin": [6.00079, 5.63474, 4.13962]},
			"faces": {
				"north": {"uv": [5, 4.125, 5.25, 5.375], "texture": "#0"},
				"east": {"uv": [0, 4.75, 2.375, 6], "texture": "#0"},
				"south": {"uv": [5.25, 4.25, 5.5, 5.5], "texture": "#0"},
				"west": {"uv": [0, 4.75, 2.375, 6], "texture": "#0"},
				"down": {"uv": [0, 4, 5.5, 4.25], "rotation": 90, "texture": "#0"}
			}
		},
		{
			"from": [8.97579, 6.23474, 6.38962],
			"to": [9.22579, 7.48474, 8.11462],
			"rotation": {"angle": -22.5, "axis": "z", "origin": [10.00079, 5.63474, 5.13962]},
			"faces": {
				"north": {"uv": [0, 4, 0.25, 5.25], "texture": "#0"},
				"east": {"uv": [1.75, 4.75, 0, 6], "texture": "#0"},
				"south": {"uv": [0, 4, 0.25, 5.25], "texture": "#0"},
				"west": {"uv": [0, 4.75, 1.75, 6], "texture": "#0"},
				"down": {"uv": [0, 3.5, 5.5, 3.75], "rotation": 90, "texture": "#0"}
			}
		},
		{
			"from": [9.75079, 7.63474, 6.38962],
			"to": [10.00079, 8.88474, 8.11462],
			"rotation": {"angle": 22.5, "axis": "z", "origin": [10.00079, 7.63474, 5.13962]},
			"faces": {
				"north": {"uv": [0, 3, 0.25, 4.25], "texture": "#0"},
				"east": {"uv": [0.25, 3, 2, 4.25], "texture": "#0"},
				"south": {"uv": [0, 3, 0.25, 4.25], "texture": "#0"},
				"west": {"uv": [0, 3, 2, 4.25], "texture": "#0"},
				"up": {"uv": [0, 4, 5.5, 4.25], "rotation": 90, "texture": "#0"},
				"down": {"uv": [0, 4.375, 5.75, 4.625], "rotation": 90, "texture": "#0"}
			}
		},
		{
			"from": [6.00079, 7.63474, 4.73962],
			"to": [6.25079, 8.88474, 6.38962],
			"rotation": {"angle": -22.5, "axis": "z", "origin": [6.00079, 7.63474, 2.41462]},
			"faces": {
				"north": {"uv": [5, 3, 5.25, 4.25], "texture": "#0"},
				"east": {"uv": [14, 4.5, 16, 5.75], "texture": "#0"},
				"south": {"uv": [5.25, 3, 5.5, 4.25], "texture": "#0"},
				"west": {"uv": [14, 4.5, 16, 5.75], "texture": "#0"},
				"up": {"uv": [0, 5.5, 2, 6], "rotation": 90, "texture": "#0"},
				"down": {"uv": [0, 4, 5.125, 4.25], "rotation": 90, "texture": "#0"}
			}
		},
		{
			"from": [6.77579, 6.23474, 4.73962],
			"to": [7.02579, 7.48474, 6.38962],
			"rotation": {"angle": 22.5, "axis": "z", "origin": [6.00079, 5.63474, 2.41462]},
			"faces": {
				"north": {"uv": [5, 4.125, 5.25, 5.375], "texture": "#0"},
				"east": {"uv": [14, 6.75, 16, 8], "texture": "#0"},
				"south": {"uv": [5.25, 4.25, 5.5, 5.5], "texture": "#0"},
				"west": {"uv": [14, 6.75, 16, 8], "texture": "#0"},
				"down": {"uv": [0, 4, 5.125, 4.25], "rotation": 90, "texture": "#0"}
			}
		},
		{
			"from": [8.97579, 6.23474, 4.73962],
			"to": [9.22579, 7.48474, 6.38962],
			"rotation": {"angle": -22.5, "axis": "z", "origin": [10.00079, 5.63474, 3.41462]},
			"faces": {
				"north": {"uv": [0, 4, 0.25, 5.25], "texture": "#0"},
				"east": {"uv": [16, 6.75, 14, 8], "texture": "#0"},
				"south": {"uv": [0, 4, 0.25, 5.25], "texture": "#0"},
				"west": {"uv": [14, 6.75, 16, 8], "texture": "#0"},
				"down": {"uv": [0, 3.5, 5.125, 3.75], "rotation": 90, "texture": "#0"}
			}
		},
		{
			"from": [9.75079, 7.63474, 4.73962],
			"to": [10.00079, 8.88474, 6.38962],
			"rotation": {"angle": 22.5, "axis": "z", "origin": [10.00079, 7.63474, 3.41462]},
			"faces": {
				"north": {"uv": [0, 3, 0.25, 4.25], "texture": "#0"},
				"east": {"uv": [14, 4.5, 16, 5.75], "texture": "#0"},
				"south": {"uv": [0, 3, 0.25, 4.25], "texture": "#0"},
				"west": {"uv": [14, 4.5, 16, 5.75], "texture": "#0"},
				"up": {"uv": [0, 5.5, 2, 6], "rotation": 90, "texture": "#0"},
				"down": {"uv": [0, 4.375, 5.375, 4.625], "rotation": 90, "texture": "#0"}
			}
		},
		{
			"from": [6.00079, 7.63474, 3.08962],
			"to": [6.25079, 8.88474, 4.73962],
			"rotation": {"angle": -22.5, "axis": "z", "origin": [6.00079, 7.63474, 0.83962]},
			"faces": {
				"north": {"uv": [5, 3, 5.25, 4.25], "texture": "#0"},
				"east": {"uv": [14, 4.5, 16, 5.75], "texture": "#0"},
				"south": {"uv": [5.25, 3, 5.5, 4.25], "texture": "#0"},
				"west": {"uv": [14, 4.5, 16, 5.75], "texture": "#0"},
				"up": {"uv": [0, 5.5, 2, 6], "rotation": 90, "texture": "#0"},
				"down": {"uv": [0, 4, 5.125, 4.25], "rotation": 90, "texture": "#0"}
			}
		},
		{
			"from": [6.77579, 6.23474, 3.08962],
			"to": [7.02579, 7.48474, 4.73962],
			"rotation": {"angle": 22.5, "axis": "z", "origin": [6.00079, 5.63474, 0.83962]},
			"faces": {
				"north": {"uv": [5, 4.125, 5.25, 5.375], "texture": "#0"},
				"east": {"uv": [14, 6.75, 16, 8], "texture": "#0"},
				"south": {"uv": [5.25, 4.25, 5.5, 5.5], "texture": "#0"},
				"west": {"uv": [14, 6.75, 16, 8], "texture": "#0"},
				"down": {"uv": [0, 4, 5.125, 4.25], "rotation": 90, "texture": "#0"}
			}
		},
		{
			"from": [8.97579, 6.23474, 3.08962],
			"to": [9.22579, 7.48474, 4.73962],
			"rotation": {"angle": -22.5, "axis": "z", "origin": [10.00079, 5.63474, 1.83962]},
			"faces": {
				"north": {"uv": [0, 4, 0.25, 5.25], "texture": "#0"},
				"east": {"uv": [16, 6.75, 14, 8], "texture": "#0"},
				"south": {"uv": [0, 4, 0.25, 5.25], "texture": "#0"},
				"west": {"uv": [14, 6.75, 16, 8], "texture": "#0"},
				"down": {"uv": [0, 3.5, 5.125, 3.75], "rotation": 90, "texture": "#0"}
			}
		},
		{
			"from": [9.75079, 7.63474, 3.08962],
			"to": [10.00079, 8.88474, 4.73962],
			"rotation": {"angle": 22.5, "axis": "z", "origin": [10.00079, 7.63474, 1.83962]},
			"faces": {
				"north": {"uv": [0, 3, 0.25, 4.25], "texture": "#0"},
				"east": {"uv": [14, 4.5, 16, 5.75], "texture": "#0"},
				"south": {"uv": [0, 3, 0.25, 4.25], "texture": "#0"},
				"west": {"uv": [14, 4.5, 16, 5.75], "texture": "#0"},
				"up": {"uv": [0, 5.5, 2, 6], "rotation": 90, "texture": "#0"},
				"down": {"uv": [0, 4.375, 5.375, 4.625], "rotation": 90, "texture": "#0"}
			}
		},
		{
			"from": [6.00079, 7.63474, 2.36462],
			"to": [6.25079, 8.88474, 3.08962],
			"rotation": {"angle": -22.5, "axis": "z", "origin": [6.00079, 7.63474, 0.11462]},
			"faces": {
				"north": {"uv": [5, 3, 5.25, 4.25], "texture": "#0"},
				"east": {"uv": [0, 3.5, 1.5, 4.75], "texture": "#0"},
				"south": {"uv": [5.25, 3, 5.5, 4.25], "texture": "#0"},
				"west": {"uv": [0, 3.5, 1.5, 4.75], "texture": "#0"},
				"up": {"uv": [0, 4, 1.5, 4.375], "rotation": 90, "texture": "#0"},
				"down": {"uv": [0, 4, 5.5, 4.25], "rotation": 90, "texture": "#0"}
			}
		},
		{
			"from": [6.77579, 6.23474, 2.36462],
			"to": [7.02579, 7.48474, 3.08962],
			"rotation": {"angle": 22.5, "axis": "z", "origin": [6.00079, 5.63474, 0.11462]},
			"faces": {
				"north": {"uv": [5, 4.125, 5.25, 5.375], "texture": "#0"},
				"east": {"uv": [0, 4.75, 1, 6], "texture": "#0"},
				"south": {"uv": [5.25, 4.25, 5.5, 5.5], "texture": "#0"},
				"west": {"uv": [0, 4.75, 1, 6], "texture": "#0"},
				"down": {"uv": [0, 4, 5.5, 4.25], "rotation": 90, "texture": "#0"}
			}
		},
		{
			"from": [8.97579, 6.23474, 2.36462],
			"to": [9.22579, 7.48474, 3.08962],
			"rotation": {"angle": -22.5, "axis": "z", "origin": [10.00079, 5.63474, 1.11462]},
			"faces": {
				"north": {"uv": [0, 4, 0.25, 5.25], "texture": "#0"},
				"east": {"uv": [1.5, 4.75, 0, 6], "texture": "#0"},
				"south": {"uv": [0, 4, 0.25, 5.25], "texture": "#0"},
				"west": {"uv": [0, 4.75, 1.5, 6], "texture": "#0"},
				"down": {"uv": [0, 3.5, 5.5, 3.75], "rotation": 90, "texture": "#0"}
			}
		},
		{
			"from": [9.75079, 7.63474, 2.36462],
			"to": [10.00079, 8.88474, 3.08962],
			"rotation": {"angle": 22.5, "axis": "z", "origin": [10.00079, 7.63474, 1.11462]},
			"faces": {
				"north": {"uv": [0, 3, 0.25, 4.25], "texture": "#0"},
				"east": {"uv": [0, 3.125, 1.5, 4.375], "texture": "#0"},
				"south": {"uv": [0, 3, 0.25, 4.25], "texture": "#0"},
				"west": {"uv": [0, 3.125, 1.5, 4.375], "texture": "#0"},
				"up": {"uv": [0, 4, 1.5, 4.25], "rotation": 90, "texture": "#0"},
				"down": {"uv": [0, 4.375, 5.75, 4.625], "rotation": 90, "texture": "#0"}
			}
		},
		{
			"from": [6.50079, 6.48474, 2.36462],
			"to": [9.50079, 6.73474, 8.11462],
			"rotation": {"angle": 0, "axis": "y", "origin": [0.00079, 4.63474, -1.91038]},
			"faces": {
				"north": {"uv": [0, 5.75, 3, 6], "texture": "#0"},
				"east": {"uv": [0, 4, 5.5, 4.25], "texture": "#0"},
				"south": {"uv": [2.5, 5.5, 5.5, 5.75], "texture": "#0"},
				"west": {"uv": [0, 4, 5.5, 4.25], "texture": "#0"},
				"up": {"uv": [0, 3, 5.5, 6], "rotation": 90, "texture": "#0"},
				"down": {"uv": [0, 3, 5.5, 6], "rotation": 90, "texture": "#0"}
			}
		},
		{
			"from": [6.00079, 8.88474, 5.61462],
			"to": [6.22579, 9.78474, 10.58962],
			"rotation": {"angle": -22.5, "axis": "z", "origin": [6.00079, 7.63474, 10.11462]},
			"faces": {
				"north": {"uv": [3.5, 3.5, 3.75, 4.5], "texture": "#0"},
				"east": {"uv": [0, 4.5, 5.125, 5.5], "texture": "#0"},
				"south": {"uv": [0.5, 4.5, 0.75, 5.5], "texture": "#0"},
				"west": {"uv": [0, 4.5, 5.125, 5.5], "texture": "#0"},
				"up": {"uv": [0.5, 3.5, 5.5, 3.75], "rotation": 90, "texture": "#0"},
				"down": {"uv": [0, 4, 5, 4.25], "rotation": 90, "texture": "#0"}
			}
		},
		{
			"from": [9.77579, 8.88474, 5.61462],
			"to": [10.00079, 9.78474, 10.58962],
			"rotation": {"angle": 22.5, "axis": "z", "origin": [10.00079, 7.63474, 11.11462]},
			"faces": {
				"north": {"uv": [1, 4, 1.25, 5], "texture": "#0"},
				"east": {"uv": [0, 3, 5, 4], "texture": "#0"},
				"south": {"uv": [0.5, 3, 0.75, 4], "texture": "#0"},
				"west": {"uv": [0, 3, 5, 4], "texture": "#0"},
				"up": {"uv": [0, 4, 5, 4.25], "rotation": 90, "texture": "#0"},
				"down": {"uv": [0, 4.5, 5, 4.75], "rotation": 90, "texture": "#0"}
			}
		},
		{
			"from": [10.77579, 4.75974, 7.73962],
			"to": [10.77579, 5.60974, 8.58962],
			"rotation": {"angle": 22.5, "axis": "z", "origin": [0.00079, 3.63474, -1.91038]},
			"faces": {
				"east": {"uv": [0, 0, 16, 16], "texture": "#1"}
			}
		},
		{
			"from": [4.00079, 10.88474, 7.78962],
			"to": [4.00079, 11.68474, 8.58962],
			"rotation": {"angle": -22.5, "axis": "z", "origin": [0.00079, 3.63474, -1.91038]},
			"faces": {
				"west": {"uv": [0, 0, 16, 16], "texture": "#1"}
			}
		},
		{
			"from": [6.00079, 7.63474, 8.11462],
			"to": [7.25079, 8.88474, 8.36462],
			"rotation": {"angle": -22.5, "axis": "z", "origin": [6.00079, 7.63474, 7.36462]},
			"faces": {
				"north": {"uv": [7.75, 6, 8, 6.25], "texture": "#0"},
				"south": {"uv": [5, 6, 5.375, 6.375], "texture": "#0"},
				"west": {"uv": [5, 6, 5.25, 7.25], "texture": "#0"},
				"up": {"uv": [5, 10.5, 6.25, 10.75], "texture": "#0"},
				"down": {"uv": [6, 6, 7.25, 6.25], "texture": "#0"}
			}
		},
		{
			"from": [6.00079, 8.88474, 10.61462],
			"to": [7.00079, 9.88474, 10.86462],
			"rotation": {"angle": -22.5, "axis": "z", "origin": [6.00079, 7.63474, 7.36462]},
			"faces": {
				"north": {"uv": [5.5, 6.5, 6.5, 7.5], "texture": "#0"},
				"east": {"uv": [6, 6.5, 6.25, 7.5], "texture": "#0"},
				"south": {"uv": [5.5, 6.5, 6.5, 7.5], "texture": "#0"},
				"west": {"uv": [5.5, 9, 5.75, 10], "texture": "#0"},
				"up": {"uv": [5.5, 6.5, 6.5, 6.75], "texture": "#0"}
			}
		},
		{
			"from": [6.00079, 8.63474, 8.36462],
			"to": [7.25079, 8.88474, 10.86462],
			"rotation": {"angle": -22.5, "axis": "z", "origin": [6.00079, 7.63474, 7.36462]},
			"faces": {
				"east": {"uv": [5, 6, 7.5, 6.25], "texture": "#0"},
				"south": {"uv": [5, 6, 6.25, 6.25], "texture": "#0"},
				"west": {"uv": [5, 6, 7.5, 6.25], "texture": "#0"},
				"up": {"uv": [5, 8, 6.25, 10.5], "texture": "#0"},
				"down": {"uv": [5, 8, 6.25, 10.5], "texture": "#0"}
			}
		},
		{
			"from": [8.75079, 7.63474, 8.11462],
			"to": [10.00079, 8.88474, 8.36462],
			"rotation": {"angle": 22.5, "axis": "z", "origin": [10.00079, 7.63474, 8.36462]},
			"faces": {
				"north": {"uv": [5, 6, 5.25, 6.25], "texture": "#0"},
				"east": {"uv": [5.5, 6.5, 5.75, 7.75], "texture": "#0"},
				"south": {"uv": [7.625, 6, 8, 6.375], "texture": "#0"},
				"up": {"uv": [5, 10.5, 6.25, 10.75], "texture": "#0"},
				"down": {"uv": [6, 6, 7.25, 6.25], "texture": "#0"}
			}
		},
		{
			"from": [9.00079, 8.88474, 10.61462],
			"to": [10.00079, 9.88474, 10.86462],
			"rotation": {"angle": 22.5, "axis": "z", "origin": [10.00079, 7.63474, 8.36462]},
			"faces": {
				"north": {"uv": [5.5, 7, 6.5, 8], "texture": "#0"},
				"east": {"uv": [5.5, 9, 5.75, 10], "texture": "#0"},
				"south": {"uv": [5.5, 7, 6.5, 8], "texture": "#0"},
				"west": {"uv": [6, 6.5, 6.25, 7.5], "texture": "#0"},
				"up": {"uv": [6.5, 6, 7.5, 6.25], "texture": "#0"}
			}
		},
		{
			"from": [8.75079, 8.63474, 8.36462],
			"to": [10.00079, 8.88474, 10.86462],
			"rotation": {"angle": 22.5, "axis": "z", "origin": [10.00079, 7.63474, 8.36462]},
			"faces": {
				"east": {"uv": [5.5, 6, 8, 6.25], "texture": "#0"},
				"south": {"uv": [5.5, 6, 6.75, 6.25], "texture": "#0"},
				"west": {"uv": [5.5, 6, 8, 6.25], "texture": "#0"},
				"up": {"uv": [5, 8, 6.25, 10.5], "texture": "#0"},
				"down": {"uv": [5, 8, 6.25, 10.5], "texture": "#0"}
			}
		},
		{
			"from": [6.50079, 6.48474, 8.11462],
			"to": [9.50079, 8.13474, 8.36462],
			"rotation": {"angle": 0, "axis": "y", "origin": [0.00079, 4.63474, -1.91038]},
			"faces": {
				"north": {"uv": [5, 6, 8, 7.65], "texture": "#0"},
				"east": {"uv": [7, 6, 7.25, 7.65], "texture": "#0"},
				"south": {"uv": [5, 6, 8, 7.65], "texture": "#0"},
				"west": {"uv": [7, 6, 7.25, 7.65], "texture": "#0"},
				"down": {"uv": [5, 7.75, 8, 8], "texture": "#0"}
			}
		},
		{
			"from": [7.47579, 7.88474, 8.11462],
			"to": [8.52579, 8.38474, 10.83962],
			"rotation": {"angle": 0, "axis": "y", "origin": [0.00079, 3.63474, 0.08962]},
			"faces": {
				"north": {"uv": [6, 6, 7.05, 6.5], "texture": "#0"},
				"east": {"uv": [5.375, 8, 5.875, 10.75], "rotation": 90, "texture": "#0"},
				"south": {"uv": [5.875, 6, 6.925, 6.5], "texture": "#0"},
				"west": {"uv": [5.5, 8.125, 6, 10.875], "rotation": 90, "texture": "#0"},
				"up": {"uv": [5.375, 8.0125, 6.425, 10.7625], "rotation": 180, "texture": "#0"},
				"down": {"uv": [5.25, 8.125, 6.3, 10.875], "texture": "#0"}
			}
		},
		{
			"from": [6.77579, 6.23474, 8.11462],
			"to": [7.27579, 7.48474, 8.36462],
			"rotation": {"angle": 22.5, "axis": "z", "origin": [6.00079, 5.63474, 4.11462]},
			"faces": {
				"north": {"uv": [5.5, 6, 6, 7.25], "texture": "#0"},
				"south": {"uv": [5.5, 6, 6, 7.25], "texture": "#0"},
				"west": {"uv": [6, 6, 6.25, 7.25], "texture": "#0"},
				"down": {"uv": [5.5, 6.5, 6, 6.75], "texture": "#0"}
			}
		},
		{
			"from": [8.72579, 6.23474, 8.11462],
			"to": [9.22579, 7.48474, 8.36462],
			"rotation": {"angle": -22.5, "axis": "z", "origin": [10.00079, 5.63474, 5.11462]},
			"faces": {
				"north": {"uv": [7.5, 6.5, 8, 7.75], "texture": "#0"},
				"east": {"uv": [5.5, 6.5, 5.75, 7.75], "texture": "#0"},
				"south": {"uv": [7.5, 6.5, 8, 7.75], "texture": "#0"},
				"down": {"uv": [6, 6.5, 6.5, 6.75], "texture": "#0"}
			}
		},
		{
			"from": [6.87579, 8.38474, 10.58962],
			"to": [9.12579, 9.70974, 10.83962],
			"rotation": {"angle": 0, "axis": "y", "origin": [0.00079, 4.63474, -1.91038]},
			"faces": {
				"north": {"uv": [5.5, 6, 7.75, 7.325], "texture": "#0"},
				"east": {"uv": [5.5, 9, 5.75, 10.325], "texture": "#0"},
				"south": {"uv": [5.5, 6, 7.75, 7.325], "texture": "#0"},
				"west": {"uv": [5.5, 9, 5.75, 10.325], "texture": "#0"},
				"up": {"uv": [5.5, 6, 7.75, 6.25], "texture": "#0"}
			}
		},
		{
			"from": [8.00079, 6.63474, 9.83962],
			"to": [8.00079, 7.88474, 10.83962],
			"rotation": {"angle": 0, "axis": "y", "origin": [0.00079, 4.63474, -1.91038]},
			"faces": {
				"east": {"uv": [13, 9, 11, 11.5], "texture": "#0"},
				"west": {"uv": [11, 9, 13, 11.5], "texture": "#0"}
			}
		},
		{
			"from": [7.87579, 6.38474, 8.58962],
			"to": [8.12579, 6.63474, 11.58962],
			"rotation": {"angle": 0, "axis": "y", "origin": [0.00079, 4.63474, -1.91038]},
			"faces": {
				"north": {"uv": [8, 6, 8.25, 6.25], "texture": "#0"},
				"east": {"uv": [8, 6, 8.5, 9], "rotation": 90, "texture": "#0"},
				"west": {"uv": [8.5, 6, 8, 9], "rotation": 90, "texture": "#0"},
				"up": {"uv": [8, 6, 8.25, 9], "texture": "#0"},
				"down": {"uv": [6, 5.5, 9, 6], "rotation": 270, "texture": "#0"}
			}
		},
		{
			"from": [7.87579, 6.63474, 8.36462],
			"to": [8.12579, 7.88474, 9.11462],
			"rotation": {"angle": 0, "axis": "y", "origin": [0.00079, 4.63474, -1.91038]},
			"faces": {
				"east": {"uv": [7.375, 8, 6.5, 9.5], "texture": "#0"},
				"south": {"uv": [7.375, 8, 7.75, 9.5], "texture": "#0"},
				"west": {"uv": [6.5, 8, 7.375, 9.5], "texture": "#0"},
				"down": {"uv": [5.5, 5.5, 6.25, 6], "rotation": 270, "texture": "#0"}
			}
		},
		{
			"from": [9.75079, 8.88474, 2.36462],
			"to": [9.90079, 9.68474, 5.61462],
			"rotation": {"angle": 22.5, "axis": "z", "origin": [10.00079, 7.63474, 11.11462]},
			"faces": {
				"north": {"uv": [0, 0, 0.15, 0.8], "texture": "#0"},
				"east": {"uv": [0, 0, 3.25, 0.8], "texture": "#0"},
				"south": {"uv": [0, 0, 0.15, 0.8], "texture": "#0"},
				"west": {"uv": [0, 0, 3.25, 0.8], "texture": "#0"},
				"up": {"uv": [0, 0, 3.25, 0.15], "rotation": 90, "texture": "#0"},
				"down": {"uv": [0, 0, 3.25, 0.15], "rotation": 90, "texture": "#0"}
			}
		},
		{
			"from": [6.87579, 6.73474, 2.38962],
			"to": [9.12579, 9.48474, 8.11462],
			"rotation": {"angle": 0, "axis": "y", "origin": [0.00079, 3.63474, 0.08962]},
			"faces": {
				"north": {"uv": [0, 9, 5, 15], "texture": "#0"},
				"east": {"uv": [5.5, 0, 0, 3], "texture": "#0"},
				"south": {"uv": [2.5, 6, 5, 9], "texture": "#0"},
				"west": {"uv": [0, 0, 5.5, 3], "texture": "#0"},
				"up": {"uv": [8, 5.5, 5.5, 0], "texture": "#0"},
				"down": {"uv": [8, 0, 5.5, 5.5], "texture": "#0"}
			}
		},
		{
			"from": [6.10079, 8.88474, 2.36462],
			"to": [6.25079, 9.68474, 5.61462],
			"rotation": {"angle": -22.5, "axis": "z", "origin": [6.00079, 7.63474, 10.11462]},
			"faces": {
				"north": {"uv": [0, 0, 0.15, 0.8], "texture": "#0"},
				"east": {"uv": [0, 0, 3.25, 0.8], "texture": "#0"},
				"south": {"uv": [0, 0, 0.15, 0.8], "texture": "#0"},
				"west": {"uv": [0, 0, 3.25, 0.8], "texture": "#0"},
				"up": {"uv": [0, 0, 3.25, 0.15], "rotation": 90, "texture": "#0"},
				"down": {"uv": [0, 0, 3.25, 0.15], "rotation": 90, "texture": "#0"}
			}
		},
		{
			"from": [7.87579, 9.48474, 2.43962],
			"to": [8.12579, 9.95974, 3.08962],
			"rotation": {"angle": 0, "axis": "y", "origin": [0.00079, 3.63474, 0.08962]},
			"faces": {
				"north": {"uv": [11.5, 8.5, 11.75, 8.975], "texture": "#0"},
				"east": {"uv": [11, 7.5, 11.65, 7.975], "texture": "#0"},
				"south": {"uv": [8.5, 7, 12.475, 9], "rotation": 90, "texture": "#0"},
				"west": {"uv": [11, 7.5, 11.65, 7.975], "texture": "#0"},
				"up": {"uv": [10.5, 8, 10.75, 8.65], "texture": "#0"}
			}
		},
		{
			"from": [7.35079, 4.13474, 12.08962],
			"to": [8.65079, 4.63474, 14.31462],
			"rotation": {"angle": 0, "axis": "y", "origin": [0.00079, 4.63474, -1.91038]},
			"faces": {
				"north": {"uv": [6.5, 14.5, 7.8, 15], "texture": "#0"},
				"east": {"uv": [9, 12.75, 9.5, 14.975], "rotation": 90, "texture": "#0"},
				"south": {"uv": [6.5, 14.5, 7.8, 15], "texture": "#0"},
				"west": {"uv": [9, 12.75, 9.5, 14.975], "rotation": 90, "texture": "#0"},
				"up": {"uv": [7.5, 10, 8.8, 12.225], "texture": "#0"},
				"down": {"uv": [7.5, 12, 8.8, 14.225], "texture": "#0"}
			}
		},
		{
			"from": [7.37579, 4.60974, 12.33962],
			"to": [8.62579, 7.13474, 14.41462],
			"rotation": {"angle": -22.5, "axis": "x", "origin": [8.00079, 4.63474, 13.08962]},
			"faces": {
				"north": {"uv": [8, 12, 9.25, 14.5], "texture": "#0"},
				"east": {"uv": [6.5, 9.5, 8.575, 12], "texture": "#0"},
				"south": {"uv": [6.5, 12, 7.75, 14.5], "texture": "#0"},
				"west": {"uv": [6.5, 9.5, 8.575, 12], "texture": "#0"},
				"down": {"uv": [8, 9.5, 9.25, 11.575], "texture": "#0"}
			}
		},
		{
			"from": [7.40079, 4.63474, 13.08962],
			"to": [8.60079, 5.13474, 14.31462],
			"rotation": {"angle": 0, "axis": "y", "origin": [8.00079, 4.63474, 13.08962]},
			"faces": {
				"east": {"uv": [1.275, 8.5, 0, 9], "texture": "#0"},
				"south": {"uv": [0, 8, 1.2, 8.5], "texture": "#0"},
				"west": {"uv": [0, 8.5, 1.225, 9], "texture": "#0"}
			}
		},
		{
			"from": [7.15079, 7.13474, 11.83962],
			"to": [8.85079, 7.38474, 15.58962],
			"rotation": {"angle": -22.5, "axis": "x", "origin": [8.00079, 4.63474, 13.08962]},
			"faces": {
				"north": {"uv": [12, 3.5, 13.7, 3.75], "texture": "#0"},
				"east": {"uv": [12, 0, 12.25, 3.75], "rotation": 90, "texture": "#0"},
				"south": {"uv": [12, 3.5, 13.7, 3.75], "texture": "#0"},
				"west": {"uv": [13.5, 0, 13.75, 3.75], "rotation": 270, "texture": "#0"},
				"up": {"uv": [12, 0, 13.7, 3.75], "texture": "#0"},
				"down": {"uv": [12.1125, 3.75, 13.6875, 0], "texture": "#0"}
			}
		},
		{
			"from": [7.22579, 7.38474, 12.33962],
			"to": [8.77579, 8.63474, 14.33962],
			"rotation": {"angle": -22.5, "axis": "x", "origin": [8.00079, 4.63474, 13.08962]},
			"faces": {
				"north": {"uv": [9.5, 3.5, 11.05, 4.75], "texture": "#0"},
				"east": {"uv": [11.5, 2, 9.5, 3.25], "texture": "#0"},
				"south": {"uv": [9.5, 3.5, 11.05, 4.75], "texture": "#0"},
				"west": {"uv": [9.5, 2, 11.5, 3.25], "texture": "#0"},
				"up": {"uv": [9.5, 5, 11.05, 7], "texture": "#0"}
			}
		},
		{
			"from": [7.25079, 7.88474, 10.83962],
			"to": [8.75079, 9.70974, 13.08962],
			"rotation": {"angle": 0, "axis": "y", "origin": [0.00079, 4.63474, -1.91038]},
			"faces": {
				"north": {"uv": [10.5, 0, 12, 1.825], "texture": "#0"},
				"east": {"uv": [10.25, 0, 8, 1.825], "texture": "#0"},
				"south": {"uv": [10.5, 0, 12, 1.825], "texture": "#0"},
				"west": {"uv": [8, 0, 10.25, 1.825], "texture": "#0"},
				"up": {"uv": [8, 2, 9.5, 4.25], "texture": "#0"},
				"down": {"uv": [8, 2, 9.5, 4.25], "texture": "#0"}
			}
		},
		{
			"from": [8.12579, 9.70974, 11.98962],
			"to": [8.37579, 9.95974, 12.98962],
			"rotation": {"angle": 0, "axis": "y", "origin": [0.00079, 3.63474, 0.08962]},
			"faces": {
				"north": {"uv": [9, 6.5, 9.25, 6.75], "texture": "#0"},
				"east": {"uv": [9, 6, 9.25, 7], "rotation": 90, "texture": "#0"},
				"south": {"uv": [8.5, 7, 10.5, 9], "texture": "#0"},
				"west": {"uv": [9, 6, 9.25, 7], "rotation": 90, "texture": "#0"},
				"up": {"uv": [9, 6, 9.25, 7], "texture": "#0"}
			}
		},
		{
			"from": [7.62579, 9.70974, 11.98962],
			"to": [7.87579, 9.95974, 12.98962],
			"rotation": {"angle": 0, "axis": "y", "origin": [0.00079, 3.63474, 0.08962]},
			"faces": {
				"north": {"uv": [9, 6.5, 9.25, 6.75], "texture": "#0"},
				"east": {"uv": [9, 6, 9.25, 7], "rotation": 90, "texture": "#0"},
				"south": {"uv": [8.5, 7, 10.5, 9], "texture": "#0"},
				"west": {"uv": [9, 6, 9.25, 7], "rotation": 90, "texture": "#0"},
				"up": {"uv": [9, 6, 9.25, 7], "texture": "#0"}
			}
		},
		{
			"from": [7.65079, 8.88474, 13.11462],
			"to": [8.35079, 9.58474, 13.11462],
			"rotation": {"angle": 0, "axis": "y", "origin": [0.00079, 3.63474, 0.08962]},
			"faces": {
				"south": {"uv": [0, 0, 0.35, 0.35], "texture": "#2"}
			}
		},
		{
			"from": [7.65079, 8.88474, 13.13962],
			"to": [8.35079, 9.58474, 13.13962],
			"rotation": {"angle": 0, "axis": "y", "origin": [0.00079, 3.63474, 0.08962]},
			"faces": {
				"south": {"uv": [0, 0, 16, 16], "texture": "#3"}
			}
		},
		{
			"from": [6.56903, 8.54567, 8.4],
			"to": [7.31903, 8.54567, 9.6],
			"rotation": {"angle": 22.5, "axis": "z", "origin": [8, 8.25, 13.25]},
			"faces": {
				"north": {"uv": [0, 0, 0.5, 0], "texture": "#missing"},
				"east": {"uv": [0, 0, 1, 0], "texture": "#missing"},
				"south": {"uv": [0, 0, 0.5, 0], "texture": "#missing"},
				"west": {"uv": [0, 0, 1, 0], "texture": "#4"},
				"up": {"uv": [11, 3, 6, 0], "rotation": 270, "texture": "#4"},
				"down": {"uv": [11, 0, 6, 3], "rotation": 90, "texture": "#4"}
			}
		},
		{
			"from": [7.225, 8.175, 11.35],
			"to": [7.225, 9.175, 12.35],
			"faces": {
				"west": {"uv": [0, 10, 6, 16], "texture": "#4"},
				"up": {"uv": [0, 0, 0, 0.5], "texture": "#4"},
				"down": {"uv": [0, 0, 0, 0.5], "texture": "#4"}
			}
		},
		{
			"from": [7.15, 8.09567, 12.75597],
			"to": [8.85, 8.09567, 13.50597],
			"rotation": {"angle": 22.5, "axis": "x", "origin": [8, 8.25, 13.25]},
			"faces": {
				"north": {"uv": [0, 0, 1, 0], "texture": "#missing"},
				"east": {"uv": [0, 0, 0.5, 0], "texture": "#missing"},
				"south": {"uv": [0, 0, 1, 0], "texture": "#missing"},
				"west": {"uv": [0, 0, 0.5, 0], "texture": "#4"},
				"up": {"uv": [5.75, 3, 0, 0], "rotation": 180, "texture": "#4"},
				"down": {"uv": [5.75, 0, 0, 3], "rotation": 180, "texture": "#4"}
			}
		}
	],
	"display": {
		"thirdperson_righthand": {
			"translation": [0, 1, -1],
			"scale": [0.54, 0.54, 0.54]
		},
		"thirdperson_lefthand": {
			"translation": [0, 1, -1],
			"scale": [0.54, 0.54, 0.54]
		},
		"firstperson_righthand": {
			"rotation": [0, -6.75, 0],
			"translation": [7.75, 2, -8.55],
			"scale": [1.36, 1.36, 1.36]
		},
		"firstperson_lefthand": {
			"rotation": [0, -6.75, 0],
			"translation": [7.75, 2, -8.5],
			"scale": [1.36, 1.36, 1.36]
		},
		"ground": {
			"scale": [0.54, 0.54, 0.54]
		},
		"gui": {
			"rotation": [166.06, 45.44, -163.2],
			"translation": [0.25, 0.5, 0],
			"scale": [1.36, 1.36, 1.36]
		},
		"head": {
			"translation": [0, 8, 0]
		},
		"fixed": {
			"rotation": [0, -90, 0],
			"scale": [1.01, 1.01, 1.01]
		}
	},
	"groups": [
		0,
		{
			"name": "A",
			"origin": [10, 4, 11.025],
			"color": 0,
			"children": [
				1,
				{
					"name": "4",
					"origin": [10, 4, 5.025],
					"color": 0,
					"children": [2, 3, 4, 5]
				},
				{
					"name": "3",
					"origin": [10, 4, 5.025],
					"color": 0,
					"children": [6, 7, 8, 9]
				},
				{
					"name": "2",
					"origin": [10, 4, 5.025],
					"color": 0,
					"children": [10, 11, 12, 13]
				},
				{
					"name": "1",
					"origin": [10, 4, 5.025],
					"color": 0,
					"children": [14, 15, 16, 17]
				},
				18,
				19,
				20,
				{
					"name": "emblems",
					"origin": [0, 0, 0],
					"color": 0,
					"children": [21, 22]
				}
			]
		},
		{
			"name": "A_C",
			"origin": [8, 8, 8],
			"color": 0,
			"children": [23, 24, 25, 26, 27, 28, 29, 30, 31, 32, 33]
		},
		{
			"name": "fortrigger",
			"origin": [0, 1, -2],
			"color": 0,
			"children": [34, 35, 36]
		},
		{
			"name": "canshoot",
			"origin": [6, 4, 10.025],
			"color": 0,
			"children": [37, 38, 39, 40]
		},
		{
			"name": "hold",
			"origin": [8, 1, 13],
			"color": 0,
			"children": [41, 42, 43, 44, 45]
		},
		{
			"name": "B",
			"origin": [0, 0, 0],
			"color": 0,
			"children": [46, 47, 48]
		},
		{
			"name": "group",
			"origin": [0, 1, -2],
			"color": 0,
			"children": [49, 50]
		},
		51,
		52,
		53
	]
}