{
	"credit": "Made with Blockbench",
	"parent": "netherite_sword",
	"textures": {
		"0": "item/custom_textures_3/bds",
		"particle": "item/custom_textures_3/bds"
	},
	"elements": [
		{
			"from": [-1.5, 1, 0],
			"to": [3.5, 27.5, 1],
			"rotation": {"angle": 0, "axis": "y", "origin": [0, -16, 0]},
			"faces": {
				"north": {"uv": [12, 0, 16, 16], "texture": "#0"},
				"east": {"uv": [15, 0, 15.75, 16], "texture": "#0"},
				"south": {"uv": [12, 0, 16, 16], "texture": "#0"},
				"west": {"uv": [15, 0, 16, 16], "texture": "#0"},
				"up": {"uv": [0, 15, 5, 16], "texture": "#0"},
				"down": {"uv": [0, 15, 5, 16], "texture": "#0"}
			}
		},
		{
			"from": [18.5, 17, 0],
			"to": [22, 20.5, 1],
			"rotation": {"angle": 45, "axis": "z", "origin": [0, 0, 0]},
			"faces": {
				"north": {"uv": [8, 4.5, 11.5, 8], "texture": "#0"},
				"east": {"uv": [12, 0, 13, 3.5], "texture": "#0"},
				"south": {"uv": [8, 1, 11.5, 4.5], "texture": "#0"},
				"west": {"uv": [12, 0, 13, 3.5], "texture": "#0"},
				"up": {"uv": [0, 15, 3.5, 16], "texture": "#0"},
				"down": {"uv": [0, 15, 3.5, 16], "texture": "#0"}
			}
		},
		{
			"name": "круг",
			"from": [7.8, -12.5, -0.5],
			"to": [11.8, -10.5, 1.5],
			"rotation": {"angle": 45, "axis": "z", "origin": [0, -16, 0]},
			"faces": {
				"north": {"uv": [6, 8, 10, 10], "texture": "#0"},
				"east": {"uv": [6, 10, 8, 12], "texture": "#0"},
				"south": {"uv": [6, 8, 10, 10], "texture": "#0"},
				"west": {"uv": [8, 10, 10, 12], "texture": "#0"},
				"up": {"uv": [6, 8, 10, 10], "texture": "#0"},
				"down": {"uv": [6, 10, 10, 12], "texture": "#0"}
			}
		},
		{
			"name": "круг",
			"from": [7.8, -4.5, -0.5],
			"to": [11.8, -2.5, 1.5],
			"rotation": {"angle": 45, "axis": "z", "origin": [0, -16, 0]},
			"faces": {
				"north": {"uv": [6, 8, 10, 10], "texture": "#0"},
				"east": {"uv": [8, 10, 10, 12], "texture": "#0"},
				"south": {"uv": [6, 8, 10, 10], "texture": "#0"},
				"west": {"uv": [6, 10, 8, 12], "texture": "#0"},
				"up": {"uv": [6, 10, 10, 12], "texture": "#0"},
				"down": {"uv": [6, 8, 10, 10], "texture": "#0"}
			}
		},
		{
			"name": "круг",
			"from": [-10.5, -11, -0.5],
			"to": [-6.5, -9, 1.5],
			"rotation": {"angle": -45, "axis": "z", "origin": [0, -16, 0]},
			"faces": {
				"north": {"uv": [6, 8, 10, 10], "texture": "#0"},
				"east": {"uv": [6, 8, 8, 10], "texture": "#0"},
				"south": {"uv": [6, 8, 10, 10], "texture": "#0"},
				"west": {"uv": [6, 8, 8, 10], "texture": "#0"},
				"up": {"uv": [6, 8, 10, 10], "texture": "#0"},
				"down": {"uv": [6, 10, 10, 12], "texture": "#0"}
			}
		},
		{
			"name": "круг",
			"from": [-10.5, -3, -0.5],
			"to": [-6.5, -1, 1.5],
			"rotation": {"angle": -45, "axis": "z", "origin": [0, -16, 0]},
			"faces": {
				"north": {"uv": [6, 8, 10, 10], "texture": "#0"},
				"east": {"uv": [8, 10, 10, 12], "texture": "#0"},
				"south": {"uv": [6, 8, 10, 10], "texture": "#0"},
				"west": {"uv": [6, 10, 8, 12], "texture": "#0"},
				"up": {"uv": [6, 10, 10, 12], "texture": "#0"},
				"down": {"uv": [6, 10, 10, 12], "texture": "#0"}
			}
		},
		{
			"name": "круг",
			"from": [-1, -8, -0.5],
			"to": [3, -6, 1.5],
			"rotation": {"angle": 0, "axis": "y", "origin": [0, -16, 0]},
			"faces": {
				"north": {"uv": [2, 8, 6, 10], "texture": "#0"},
				"east": {"uv": [4, 8, 6, 10], "texture": "#0"},
				"south": {"uv": [2, 8, 6, 10], "texture": "#0"},
				"west": {"uv": [2, 8, 4, 10], "texture": "#0"},
				"up": {"uv": [2, 8, 6, 10], "texture": "#0"},
				"down": {"uv": [2, 10, 6, 12], "texture": "#0"}
			}
		},
		{
			"name": "круг",
			"from": [-4, -5, -0.5],
			"to": [-2, -1, 1.5],
			"rotation": {"angle": 0, "axis": "z", "origin": [0, -16, 0]},
			"faces": {
				"north": {"uv": [2, 12, 6, 14], "rotation": 90, "texture": "#0"},
				"east": {"uv": [6, 8, 10, 10], "rotation": 270, "texture": "#0"},
				"south": {"uv": [2, 12, 6, 14], "rotation": 270, "texture": "#0"},
				"west": {"uv": [2, 10, 6, 12], "rotation": 270, "texture": "#0"},
				"up": {"uv": [4, 9.75, 6, 11.75], "rotation": 270, "texture": "#0"},
				"down": {"uv": [2, 10, 4, 12], "rotation": 270, "texture": "#0"}
			}
		},
		{
			"name": "круг",
			"from": [4, -5, -0.5],
			"to": [6, -1, 1.5],
			"rotation": {"angle": 0, "axis": "y", "origin": [0, -16, 0]},
			"faces": {
				"north": {"uv": [2, 8, 6, 10], "rotation": 90, "texture": "#0"},
				"east": {"uv": [2, 10, 6, 12], "rotation": 270, "texture": "#0"},
				"south": {"uv": [2, 8, 6, 10], "rotation": 270, "texture": "#0"},
				"west": {"uv": [2, 10, 6, 12], "rotation": 270, "texture": "#0"},
				"up": {"uv": [2, 10, 4, 12], "rotation": 270, "texture": "#0"},
				"down": {"uv": [4, 10, 6, 12], "rotation": 270, "texture": "#0"}
			}
		},
		{
			"name": "кргу",
			"from": [-1, 0, -0.5],
			"to": [3, 2, 1.5],
			"rotation": {"angle": 0, "axis": "y", "origin": [0, -16, 0]},
			"faces": {
				"north": {"uv": [6, 8, 10, 10], "texture": "#0"},
				"east": {"uv": [8, 10, 10, 12], "texture": "#0"},
				"south": {"uv": [6, 8, 10, 10], "texture": "#0"},
				"west": {"uv": [6, 10, 8, 12], "texture": "#0"},
				"up": {"uv": [6, 10, 10, 12], "texture": "#0"},
				"down": {"uv": [6, 8, 10, 10], "texture": "#0"}
			}
		},
		{
			"name": "круг",
			"from": [0, -6, -0.5],
			"to": [2, 0, 1.5],
			"rotation": {"angle": 0, "axis": "z", "origin": [0, -16, 0]},
			"faces": {
				"north": {"uv": [6, 12, 12, 14], "rotation": 90, "texture": "#0"},
				"east": {"uv": [2, 9.75, 8, 11.75], "rotation": 270, "texture": "#0"},
				"south": {"uv": [6, 12, 12, 14], "rotation": 270, "texture": "#0"},
				"west": {"uv": [2, 9.75, 8, 11.75], "rotation": 270, "texture": "#0"},
				"up": {"uv": [4, 9.75, 6, 11.75], "rotation": 270, "texture": "#0"},
				"down": {"uv": [2, 9.75, 4, 11.75], "rotation": 270, "texture": "#0"}
			}
		},
		{
			"name": "круг",
			"from": [-2, -4, -0.5],
			"to": [4, -2, 1.5],
			"rotation": {"angle": 0, "axis": "y", "origin": [0, -16, 0]},
			"faces": {
				"north": {"uv": [6, 12, 12, 14], "texture": "#0"},
				"east": {"uv": [4, 10, 6, 12], "texture": "#0"},
				"south": {"uv": [6, 12, 12, 14], "texture": "#0"},
				"west": {"uv": [2, 10, 4, 12], "texture": "#0"},
				"up": {"uv": [2, 10, 8, 12], "texture": "#0"},
				"down": {"uv": [2, 10, 8, 12], "texture": "#0"}
			}
		},
		{
			"name": "круг",
			"from": [-8, -4, -0.5],
			"to": [-4, -2, 1.5],
			"rotation": {"angle": 0, "axis": "y", "origin": [0, -16, 0]},
			"faces": {
				"north": {"uv": [6, 8, 10, 10], "texture": "#0"},
				"east": {"uv": [2, 10, 4, 12], "texture": "#0"},
				"south": {"uv": [6, 8, 10, 10], "texture": "#0"},
				"west": {"uv": [2, 10, 4, 12], "texture": "#0"},
				"up": {"uv": [2, 10, 6, 12], "texture": "#0"},
				"down": {"uv": [2, 10, 6, 12], "texture": "#0"}
			}
		},
		{
			"name": "круг",
			"from": [3.7, -10, -0.5],
			"to": [5.7, -8, 1.5],
			"rotation": {"angle": 45, "axis": "z", "origin": [0, 0, 0]},
			"faces": {
				"north": {"uv": [2, 6, 4, 8], "texture": "#0"},
				"east": {"uv": [2, 6, 4, 8], "texture": "#0"},
				"south": {"uv": [2, 6, 4, 8], "texture": "#0"},
				"west": {"uv": [2, 6, 4, 8], "texture": "#0"},
				"up": {"uv": [2, 6, 4, 8], "texture": "#0"},
				"down": {"uv": [2, 6, 4, 8], "texture": "#0"}
			}
		},
		{
			"name": "круг",
			"from": [-8.3, 2, -0.5],
			"to": [-6.3, 4, 1.5],
			"rotation": {"angle": 45, "axis": "z", "origin": [0, 0, 0]},
			"faces": {
				"north": {"uv": [2, 6, 4, 8], "texture": "#0"},
				"east": {"uv": [2, 6, 4, 8], "texture": "#0"},
				"south": {"uv": [2, 6, 4, 8], "texture": "#0"},
				"west": {"uv": [2, 6, 4, 8], "texture": "#0"},
				"up": {"uv": [2, 6, 4, 8], "texture": "#0"},
				"down": {"uv": [2, 6, 4, 8], "texture": "#0"}
			}
		},
		{
			"name": "круг",
			"from": [6, -4, -0.5],
			"to": [10, -2, 1.5],
			"rotation": {"angle": 0, "axis": "y", "origin": [0, -16, 0]},
			"faces": {
				"north": {"uv": [6, 8, 10, 10], "texture": "#0"},
				"east": {"uv": [2, 10, 4, 12], "texture": "#0"},
				"south": {"uv": [6, 8, 10, 10], "texture": "#0"},
				"west": {"uv": [2, 10, 4, 12], "texture": "#0"},
				"up": {"uv": [2, 10, 6, 12], "texture": "#0"},
				"down": {"uv": [2, 10, 6, 12], "texture": "#0"}
			}
		},
		{
			"name": "держать",
			"from": [0, -16, -0.5],
			"to": [2, -8, 1.5],
			"rotation": {"angle": 0, "axis": "y", "origin": [0, -16, 0]},
			"faces": {
				"north": {"uv": [0, 0, 2, 8], "texture": "#0"},
				"east": {"uv": [2, 0, 4, 8], "texture": "#0"},
				"south": {"uv": [4, 0, 6, 8], "texture": "#0"},
				"west": {"uv": [6, 0, 8, 8], "texture": "#0"},
				"up": {"uv": [2, 10, 0, 8], "texture": "#0"},
				"down": {"uv": [2, 10.25, 0, 12.25], "texture": "#0"}
			}
		},
		{
			"name": "держать",
			"from": [-0.5, -16, -1],
			"to": [2.5, -14, 2],
			"faces": {
				"north": {"uv": [4, 6, 6, 8], "texture": "#0"},
				"east": {"uv": [8, 0, 10, 2], "texture": "#0"},
				"south": {"uv": [0, 8, 2, 10], "texture": "#0"},
				"west": {"uv": [0, 6, 2, 8], "texture": "#0"},
				"up": {"uv": [2, 6, 4, 8], "texture": "#0"},
				"down": {"uv": [6, 6, 8, 8], "texture": "#0"}
			}
		}
	],
	"display": {
		"thirdperson_righthand": {
			"rotation": [0, 90, 0],
			"translation": [3.75, 8, -2.25],
			"scale": [0.5, 0.5, 0.5]
		},
		"thirdperson_lefthand": {
			"rotation": [70, 0, -135],
			"translation": [-3.5, -9.25, 9],
			"scale": [0.5, 0.5, 0.5]
		},
		"firstperson_righthand": {
			"rotation": [-17, 90, 0],
			"translation": [15, 6, -17]
		},
		"firstperson_lefthand": {
			"translation": [25, 0, 0]
		},
		"ground": {
			"rotation": [90, 0, 0],
			"translation": [0, -7.25, 0]
		},
		"gui": {
			"rotation": [0, 0, 44],
			"translation": [1.5, 3, 0],
			"scale": [0.5, 0.5, 0.5]
		},
		"head": {
			"rotation": [0, 0, 104],
			"translation": [0, 9.5, 7.25]
		},
		"fixed": {
			"rotation": [0, 0, -135],
			"translation": [-2.75, -2.75, 0],
			"scale": [0.5, 0.5, 0.5]
		}
	},
	"groups": [
		{
			"name": "лезвие",
			"origin": [0, 0, 0],
			"color": 0,
			"children": [0, 1]
		},
		{
			"name": "гарда",
			"origin": [0, 0, 0],
			"color": 0,
			"children": [2, 3, 4, 5, 6, 7, 8, 9, 10, 11, 12, 13, 14, 15, 16, 17]
		}
	]
}