{
	"parent": "minecraft:item/generated",
	"textures": {
		"layer0": "minecraft:item/iron_helmet"
	},
  
	"overrides": [
		{"predicate": {"custom_model_data":201}, "model": "item/iron_helmet/201"},
		{"predicate": {"custom_model_data":205}, "model": "item/iron_helmet/205"},
		{"predicate": {"custom_model_data":209}, "model": "item/iron_helmet/209"},
		{"predicate": {"custom_model_data":213}, "model": "item/iron_helmet/213"},
		{"predicate": {"custom_model_data":214}, "model": "item/iron_helmet/214"},
		{"predicate": {"custom_model_data":218}, "model": "item/iron_helmet/218"}
    ]
}