{
	"parent": "minecraft:item/generated",
	"textures": {
		"layer0": "minecraft:item/potion_overlay",
		"layer1": "minecraft:item/potion"
	},
  
	"overrides": [
		{"predicate": {"custom_model_data":1701}, "model": "item/potion/1701"},
		{"predicate": {"custom_model_data":1702}, "model": "item/potion/1702"},
		{"predicate": {"custom_model_data":1703}, "model": "item/potion/1703"},
		{"predicate": {"custom_model_data":1704}, "model": "item/potion/1704"},
		{"predicate": {"custom_model_data":1705}, "model": "item/potion/1705"},
		{"predicate": {"custom_model_data":1706}, "model": "item/potion/1706"},
		{"predicate": {"custom_model_data":1707}, "model": "item/potion/1707"},
		{"predicate": {"custom_model_data":1708}, "model": "item/potion/1708"},
		{"predicate": {"custom_model_data":1709}, "model": "item/potion/1709"},
		{"predicate": {"custom_model_data":1710}, "model": "item/potion/1710"},
		{"predicate": {"custom_model_data":1711}, "model": "item/potion/1711"},
		{"predicate": {"custom_model_data":1712}, "model": "item/potion/1712"},
		{"predicate": {"custom_model_data":1713}, "model": "item/potion/1713"},
		{"predicate": {"custom_model_data":1714}, "model": "item/potion/1714"},
		{"predicate": {"custom_model_data":1715}, "model": "item/potion/1715"},
		{"predicate": {"custom_model_data":1716}, "model": "item/potion/1716"},
		{"predicate": {"custom_model_data":1717}, "model": "item/potion/1717"},
		{"predicate": {"custom_model_data":1718}, "model": "item/potion/1718"},
		{"predicate": {"custom_model_data":1719}, "model": "item/potion/1719"},
		{"predicate": {"custom_model_data":1720}, "model": "item/potion/1720"},
		{"predicate": {"custom_model_data":1721}, "model": "item/potion/1721"},
		{"predicate": {"custom_model_data":1722}, "model": "item/potion/1722"},
		{"predicate": {"custom_model_data":1723}, "model": "item/potion/1723"},
		{"predicate": {"custom_model_data":1724}, "model": "item/potion/1724"},
		{"predicate": {"custom_model_data":1725}, "model": "item/potion/1725"},
		{"predicate": {"custom_model_data":1726}, "model": "item/potion/1726"},
		{"predicate": {"custom_model_data":1727}, "model": "item/potion/1727"},
		{"predicate": {"custom_model_data":1728}, "model": "item/potion/1728"},
		{"predicate": {"custom_model_data":1729}, "model": "item/potion/1729"},
		{"predicate": {"custom_model_data":1730}, "model": "item/potion/1730"},
		{"predicate": {"custom_model_data":1731}, "model": "item/potion/1731"},
		{"predicate": {"custom_model_data":1732}, "model": "item/potion/1732"},
		{"predicate": {"custom_model_data":1733}, "model": "item/potion/1733"},
		{"predicate": {"custom_model_data":1734}, "model": "item/potion/1734"},
		{"predicate": {"custom_model_data":1735}, "model": "item/potion/1735"},
		{"predicate": {"custom_model_data":1736}, "model": "item/potion/1736"},
		{"predicate": {"custom_model_data":1737}, "model": "item/potion/1737"},
		{"predicate": {"custom_model_data":1738}, "model": "item/potion/1738"},
		{"predicate": {"custom_model_data":1739}, "model": "item/potion/1739"},
		{"predicate": {"custom_model_data":1740}, "model": "item/potion/1740"},
		{"predicate": {"custom_model_data":1741}, "model": "item/potion/1741"}
    ]
}