{
	"credit": "Made with Blockbench",
	"textures": {
		"1": "item/custom_textures_3/netheraxe_voxel_palette",
		"particle": "item/custom_textures_3/netheraxe_voxel_palette"
	},
	"elements": [
		{
			"name": "voxel",
			"from": [23, 17, 3],
			"to": [24, 18, 4],
			"faces": {
				"north": {"uv": [2.25, 0.25, 2.75, 0.75], "texture": "#1"},
				"east": {"uv": [2.25, 0.25, 2.75, 0.75], "texture": "#1"},
				"south": {"uv": [2.25, 0.25, 2.75, 0.75], "texture": "#1"},
				"west": {"uv": [2.25, 0.25, 2.75, 0.75], "texture": "#1"},
				"up": {"uv": [2.25, 0.25, 2.75, 0.75], "texture": "#1"},
				"down": {"uv": [2.25, 0.25, 2.75, 0.75], "texture": "#1"}
			}
		},
		{
			"name": "voxel",
			"from": [21, 17, 3],
			"to": [22, 18, 4],
			"faces": {
				"north": {"uv": [2.25, 0.25, 2.75, 0.75], "texture": "#1"},
				"east": {"uv": [2.25, 0.25, 2.75, 0.75], "texture": "#1"},
				"south": {"uv": [2.25, 0.25, 2.75, 0.75], "texture": "#1"},
				"west": {"uv": [2.25, 0.25, 2.75, 0.75], "texture": "#1"},
				"up": {"uv": [2.25, 0.25, 2.75, 0.75], "texture": "#1"},
				"down": {"uv": [2.25, 0.25, 2.75, 0.75], "texture": "#1"}
			}
		},
		{
			"name": "voxel",
			"from": [24, 17, 2],
			"to": [25, 18, 3],
			"faces": {
				"north": {"uv": [2.25, 0.25, 2.75, 0.75], "texture": "#1"},
				"east": {"uv": [2.25, 0.25, 2.75, 0.75], "texture": "#1"},
				"south": {"uv": [2.25, 0.25, 2.75, 0.75], "texture": "#1"},
				"west": {"uv": [2.25, 0.25, 2.75, 0.75], "texture": "#1"},
				"up": {"uv": [2.25, 0.25, 2.75, 0.75], "texture": "#1"},
				"down": {"uv": [2.25, 0.25, 2.75, 0.75], "texture": "#1"}
			}
		},
		{
			"name": "voxel",
			"from": [23, 17, 2],
			"to": [24, 18, 3],
			"faces": {
				"north": {"uv": [4.25, 0.25, 4.75, 0.75], "texture": "#1"},
				"east": {"uv": [4.25, 0.25, 4.75, 0.75], "texture": "#1"},
				"south": {"uv": [4.25, 0.25, 4.75, 0.75], "texture": "#1"},
				"west": {"uv": [4.25, 0.25, 4.75, 0.75], "texture": "#1"},
				"up": {"uv": [4.25, 0.25, 4.75, 0.75], "texture": "#1"},
				"down": {"uv": [4.25, 0.25, 4.75, 0.75], "texture": "#1"}
			}
		},
		{
			"name": "voxel",
			"from": [21, 17, 2],
			"to": [22, 18, 3],
			"faces": {
				"north": {"uv": [4.25, 0.25, 4.75, 0.75], "texture": "#1"},
				"east": {"uv": [4.25, 0.25, 4.75, 0.75], "texture": "#1"},
				"south": {"uv": [4.25, 0.25, 4.75, 0.75], "texture": "#1"},
				"west": {"uv": [4.25, 0.25, 4.75, 0.75], "texture": "#1"},
				"up": {"uv": [4.25, 0.25, 4.75, 0.75], "texture": "#1"},
				"down": {"uv": [4.25, 0.25, 4.75, 0.75], "texture": "#1"}
			}
		},
		{
			"name": "voxel",
			"from": [20, 17, 2],
			"to": [21, 18, 3],
			"faces": {
				"north": {"uv": [2.25, 0.25, 2.75, 0.75], "texture": "#1"},
				"east": {"uv": [2.25, 0.25, 2.75, 0.75], "texture": "#1"},
				"south": {"uv": [2.25, 0.25, 2.75, 0.75], "texture": "#1"},
				"west": {"uv": [2.25, 0.25, 2.75, 0.75], "texture": "#1"},
				"up": {"uv": [2.25, 0.25, 2.75, 0.75], "texture": "#1"},
				"down": {"uv": [2.25, 0.25, 2.75, 0.75], "texture": "#1"}
			}
		},
		{
			"name": "voxel",
			"from": [23, 17, 1],
			"to": [24, 18, 2],
			"faces": {
				"north": {"uv": [2.25, 0.25, 2.75, 0.75], "texture": "#1"},
				"east": {"uv": [2.25, 0.25, 2.75, 0.75], "texture": "#1"},
				"south": {"uv": [2.25, 0.25, 2.75, 0.75], "texture": "#1"},
				"west": {"uv": [2.25, 0.25, 2.75, 0.75], "texture": "#1"},
				"up": {"uv": [2.25, 0.25, 2.75, 0.75], "texture": "#1"},
				"down": {"uv": [2.25, 0.25, 2.75, 0.75], "texture": "#1"}
			}
		},
		{
			"name": "voxel",
			"from": [21, 17, 1],
			"to": [22, 18, 2],
			"faces": {
				"north": {"uv": [2.25, 0.25, 2.75, 0.75], "texture": "#1"},
				"east": {"uv": [2.25, 0.25, 2.75, 0.75], "texture": "#1"},
				"south": {"uv": [2.25, 0.25, 2.75, 0.75], "texture": "#1"},
				"west": {"uv": [2.25, 0.25, 2.75, 0.75], "texture": "#1"},
				"up": {"uv": [2.25, 0.25, 2.75, 0.75], "texture": "#1"},
				"down": {"uv": [2.25, 0.25, 2.75, 0.75], "texture": "#1"}
			}
		},
		{
			"name": "voxel",
			"from": [24, 16, 3],
			"to": [25, 17, 4],
			"faces": {
				"north": {"uv": [2.25, 0.25, 2.75, 0.75], "texture": "#1"},
				"east": {"uv": [2.25, 0.25, 2.75, 0.75], "texture": "#1"},
				"south": {"uv": [2.25, 0.25, 2.75, 0.75], "texture": "#1"},
				"west": {"uv": [2.25, 0.25, 2.75, 0.75], "texture": "#1"},
				"up": {"uv": [2.25, 0.25, 2.75, 0.75], "texture": "#1"},
				"down": {"uv": [2.25, 0.25, 2.75, 0.75], "texture": "#1"}
			}
		},
		{
			"name": "voxel",
			"from": [20, 16, 3],
			"to": [21, 17, 4],
			"faces": {
				"north": {"uv": [2.25, 0.25, 2.75, 0.75], "texture": "#1"},
				"east": {"uv": [2.25, 0.25, 2.75, 0.75], "texture": "#1"},
				"south": {"uv": [2.25, 0.25, 2.75, 0.75], "texture": "#1"},
				"west": {"uv": [2.25, 0.25, 2.75, 0.75], "texture": "#1"},
				"up": {"uv": [2.25, 0.25, 2.75, 0.75], "texture": "#1"},
				"down": {"uv": [2.25, 0.25, 2.75, 0.75], "texture": "#1"}
			}
		},
		{
			"name": "voxel",
			"from": [25, 16, 2],
			"to": [26, 17, 3],
			"faces": {
				"north": {"uv": [2.25, 0.25, 2.75, 0.75], "texture": "#1"},
				"east": {"uv": [2.25, 0.25, 2.75, 0.75], "texture": "#1"},
				"south": {"uv": [2.25, 0.25, 2.75, 0.75], "texture": "#1"},
				"west": {"uv": [2.25, 0.25, 2.75, 0.75], "texture": "#1"},
				"up": {"uv": [2.25, 0.25, 2.75, 0.75], "texture": "#1"},
				"down": {"uv": [2.25, 0.25, 2.75, 0.75], "texture": "#1"}
			}
		},
		{
			"name": "voxel",
			"from": [24, 16, 2],
			"to": [25, 17, 3],
			"faces": {
				"north": {"uv": [12.25, 0.25, 12.75, 0.75], "texture": "#1"},
				"east": {"uv": [12.25, 0.25, 12.75, 0.75], "texture": "#1"},
				"south": {"uv": [12.25, 0.25, 12.75, 0.75], "texture": "#1"},
				"west": {"uv": [12.25, 0.25, 12.75, 0.75], "texture": "#1"},
				"up": {"uv": [12.25, 0.25, 12.75, 0.75], "texture": "#1"},
				"down": {"uv": [12.25, 0.25, 12.75, 0.75], "texture": "#1"}
			}
		},
		{
			"name": "voxel",
			"from": [20, 16, 2],
			"to": [21, 17, 3],
			"faces": {
				"north": {"uv": [12.25, 0.25, 12.75, 0.75], "texture": "#1"},
				"east": {"uv": [12.25, 0.25, 12.75, 0.75], "texture": "#1"},
				"south": {"uv": [12.25, 0.25, 12.75, 0.75], "texture": "#1"},
				"west": {"uv": [12.25, 0.25, 12.75, 0.75], "texture": "#1"},
				"up": {"uv": [12.25, 0.25, 12.75, 0.75], "texture": "#1"},
				"down": {"uv": [12.25, 0.25, 12.75, 0.75], "texture": "#1"}
			}
		},
		{
			"name": "voxel",
			"from": [19, 16, 2],
			"to": [20, 17, 3],
			"faces": {
				"north": {"uv": [2.25, 0.25, 2.75, 0.75], "texture": "#1"},
				"east": {"uv": [2.25, 0.25, 2.75, 0.75], "texture": "#1"},
				"south": {"uv": [2.25, 0.25, 2.75, 0.75], "texture": "#1"},
				"west": {"uv": [2.25, 0.25, 2.75, 0.75], "texture": "#1"},
				"up": {"uv": [2.25, 0.25, 2.75, 0.75], "texture": "#1"},
				"down": {"uv": [2.25, 0.25, 2.75, 0.75], "texture": "#1"}
			}
		},
		{
			"name": "voxel",
			"from": [24, 16, 1],
			"to": [25, 17, 2],
			"faces": {
				"north": {"uv": [2.25, 0.25, 2.75, 0.75], "texture": "#1"},
				"east": {"uv": [2.25, 0.25, 2.75, 0.75], "texture": "#1"},
				"south": {"uv": [2.25, 0.25, 2.75, 0.75], "texture": "#1"},
				"west": {"uv": [2.25, 0.25, 2.75, 0.75], "texture": "#1"},
				"up": {"uv": [2.25, 0.25, 2.75, 0.75], "texture": "#1"},
				"down": {"uv": [2.25, 0.25, 2.75, 0.75], "texture": "#1"}
			}
		},
		{
			"name": "voxel",
			"from": [23, 16, 1],
			"to": [24, 17, 4],
			"faces": {
				"north": {"uv": [4.25, 0.25, 4.75, 0.75], "texture": "#1"},
				"east": {"uv": [4.25, 0.25, 4.75, 0.75], "texture": "#1"},
				"south": {"uv": [4.25, 0.25, 4.75, 0.75], "texture": "#1"},
				"west": {"uv": [4.25, 0.25, 4.75, 0.75], "texture": "#1"},
				"up": {"uv": [4.25, 0.25, 4.75, 0.75], "texture": "#1"},
				"down": {"uv": [4.25, 0.25, 4.75, 0.75], "texture": "#1"}
			}
		},
		{
			"name": "voxel",
			"from": [21, 16, 1],
			"to": [22, 17, 4],
			"faces": {
				"north": {"uv": [4.25, 0.25, 4.75, 0.75], "texture": "#1"},
				"east": {"uv": [4.25, 0.25, 4.75, 0.75], "texture": "#1"},
				"south": {"uv": [4.25, 0.25, 4.75, 0.75], "texture": "#1"},
				"west": {"uv": [4.25, 0.25, 4.75, 0.75], "texture": "#1"},
				"up": {"uv": [4.25, 0.25, 4.75, 0.75], "texture": "#1"},
				"down": {"uv": [4.25, 0.25, 4.75, 0.75], "texture": "#1"}
			}
		},
		{
			"name": "voxel",
			"from": [20, 16, 1],
			"to": [21, 17, 2],
			"faces": {
				"north": {"uv": [2.25, 0.25, 2.75, 0.75], "texture": "#1"},
				"east": {"uv": [2.25, 0.25, 2.75, 0.75], "texture": "#1"},
				"south": {"uv": [2.25, 0.25, 2.75, 0.75], "texture": "#1"},
				"west": {"uv": [2.25, 0.25, 2.75, 0.75], "texture": "#1"},
				"up": {"uv": [2.25, 0.25, 2.75, 0.75], "texture": "#1"},
				"down": {"uv": [2.25, 0.25, 2.75, 0.75], "texture": "#1"}
			}
		},
		{
			"name": "voxel",
			"from": [25, 15, 3],
			"to": [26, 16, 4],
			"faces": {
				"north": {"uv": [2.25, 0.25, 2.75, 0.75], "texture": "#1"},
				"east": {"uv": [2.25, 0.25, 2.75, 0.75], "texture": "#1"},
				"south": {"uv": [2.25, 0.25, 2.75, 0.75], "texture": "#1"},
				"west": {"uv": [2.25, 0.25, 2.75, 0.75], "texture": "#1"},
				"up": {"uv": [2.25, 0.25, 2.75, 0.75], "texture": "#1"},
				"down": {"uv": [2.25, 0.25, 2.75, 0.75], "texture": "#1"}
			}
		},
		{
			"name": "voxel",
			"from": [19, 15, 3],
			"to": [20, 16, 4],
			"faces": {
				"north": {"uv": [2.25, 0.25, 2.75, 0.75], "texture": "#1"},
				"east": {"uv": [2.25, 0.25, 2.75, 0.75], "texture": "#1"},
				"south": {"uv": [2.25, 0.25, 2.75, 0.75], "texture": "#1"},
				"west": {"uv": [2.25, 0.25, 2.75, 0.75], "texture": "#1"},
				"up": {"uv": [2.25, 0.25, 2.75, 0.75], "texture": "#1"},
				"down": {"uv": [2.25, 0.25, 2.75, 0.75], "texture": "#1"}
			}
		},
		{
			"name": "voxel",
			"from": [26, 15, 2],
			"to": [27, 16, 3],
			"faces": {
				"north": {"uv": [2.25, 0.25, 2.75, 0.75], "texture": "#1"},
				"east": {"uv": [2.25, 0.25, 2.75, 0.75], "texture": "#1"},
				"south": {"uv": [2.25, 0.25, 2.75, 0.75], "texture": "#1"},
				"west": {"uv": [2.25, 0.25, 2.75, 0.75], "texture": "#1"},
				"up": {"uv": [2.25, 0.25, 2.75, 0.75], "texture": "#1"},
				"down": {"uv": [2.25, 0.25, 2.75, 0.75], "texture": "#1"}
			}
		},
		{
			"name": "voxel",
			"from": [25, 15, 2],
			"to": [26, 16, 3],
			"faces": {
				"north": {"uv": [12.25, 0.25, 12.75, 0.75], "texture": "#1"},
				"east": {"uv": [12.25, 0.25, 12.75, 0.75], "texture": "#1"},
				"south": {"uv": [12.25, 0.25, 12.75, 0.75], "texture": "#1"},
				"west": {"uv": [12.25, 0.25, 12.75, 0.75], "texture": "#1"},
				"up": {"uv": [12.25, 0.25, 12.75, 0.75], "texture": "#1"},
				"down": {"uv": [12.25, 0.25, 12.75, 0.75], "texture": "#1"}
			}
		},
		{
			"name": "voxel",
			"from": [19, 15, 2],
			"to": [20, 16, 3],
			"faces": {
				"north": {"uv": [12.25, 0.25, 12.75, 0.75], "texture": "#1"},
				"east": {"uv": [12.25, 0.25, 12.75, 0.75], "texture": "#1"},
				"south": {"uv": [12.25, 0.25, 12.75, 0.75], "texture": "#1"},
				"west": {"uv": [12.25, 0.25, 12.75, 0.75], "texture": "#1"},
				"up": {"uv": [12.25, 0.25, 12.75, 0.75], "texture": "#1"},
				"down": {"uv": [12.25, 0.25, 12.75, 0.75], "texture": "#1"}
			}
		},
		{
			"name": "voxel",
			"from": [18, 15, 2],
			"to": [19, 16, 3],
			"faces": {
				"north": {"uv": [2.25, 0.25, 2.75, 0.75], "texture": "#1"},
				"east": {"uv": [2.25, 0.25, 2.75, 0.75], "texture": "#1"},
				"south": {"uv": [2.25, 0.25, 2.75, 0.75], "texture": "#1"},
				"west": {"uv": [2.25, 0.25, 2.75, 0.75], "texture": "#1"},
				"up": {"uv": [2.25, 0.25, 2.75, 0.75], "texture": "#1"},
				"down": {"uv": [2.25, 0.25, 2.75, 0.75], "texture": "#1"}
			}
		},
		{
			"name": "voxel",
			"from": [25, 15, 1],
			"to": [26, 16, 2],
			"faces": {
				"north": {"uv": [2.25, 0.25, 2.75, 0.75], "texture": "#1"},
				"east": {"uv": [2.25, 0.25, 2.75, 0.75], "texture": "#1"},
				"south": {"uv": [2.25, 0.25, 2.75, 0.75], "texture": "#1"},
				"west": {"uv": [2.25, 0.25, 2.75, 0.75], "texture": "#1"},
				"up": {"uv": [2.25, 0.25, 2.75, 0.75], "texture": "#1"},
				"down": {"uv": [2.25, 0.25, 2.75, 0.75], "texture": "#1"}
			}
		},
		{
			"name": "voxel",
			"from": [24, 15, 1],
			"to": [25, 16, 4],
			"faces": {
				"north": {"uv": [12.25, 0.25, 12.75, 0.75], "texture": "#1"},
				"east": {"uv": [12.25, 0.25, 12.75, 0.75], "texture": "#1"},
				"south": {"uv": [12.25, 0.25, 12.75, 0.75], "texture": "#1"},
				"west": {"uv": [12.25, 0.25, 12.75, 0.75], "texture": "#1"},
				"up": {"uv": [12.25, 0.25, 12.75, 0.75], "texture": "#1"},
				"down": {"uv": [12.25, 0.25, 12.75, 0.75], "texture": "#1"}
			}
		},
		{
			"name": "voxel",
			"from": [20, 15, 1],
			"to": [21, 16, 4],
			"faces": {
				"north": {"uv": [12.25, 0.25, 12.75, 0.75], "texture": "#1"},
				"east": {"uv": [12.25, 0.25, 12.75, 0.75], "texture": "#1"},
				"south": {"uv": [12.25, 0.25, 12.75, 0.75], "texture": "#1"},
				"west": {"uv": [12.25, 0.25, 12.75, 0.75], "texture": "#1"},
				"up": {"uv": [12.25, 0.25, 12.75, 0.75], "texture": "#1"},
				"down": {"uv": [12.25, 0.25, 12.75, 0.75], "texture": "#1"}
			}
		},
		{
			"name": "voxel",
			"from": [19, 15, 1],
			"to": [20, 16, 2],
			"faces": {
				"north": {"uv": [2.25, 0.25, 2.75, 0.75], "texture": "#1"},
				"east": {"uv": [2.25, 0.25, 2.75, 0.75], "texture": "#1"},
				"south": {"uv": [2.25, 0.25, 2.75, 0.75], "texture": "#1"},
				"west": {"uv": [2.25, 0.25, 2.75, 0.75], "texture": "#1"},
				"up": {"uv": [2.25, 0.25, 2.75, 0.75], "texture": "#1"},
				"down": {"uv": [2.25, 0.25, 2.75, 0.75], "texture": "#1"}
			}
		},
		{
			"name": "voxel",
			"from": [26, 14, 3],
			"to": [27, 15, 4],
			"faces": {
				"north": {"uv": [2.25, 0.25, 2.75, 0.75], "texture": "#1"},
				"east": {"uv": [2.25, 0.25, 2.75, 0.75], "texture": "#1"},
				"south": {"uv": [2.25, 0.25, 2.75, 0.75], "texture": "#1"},
				"west": {"uv": [2.25, 0.25, 2.75, 0.75], "texture": "#1"},
				"up": {"uv": [2.25, 0.25, 2.75, 0.75], "texture": "#1"},
				"down": {"uv": [2.25, 0.25, 2.75, 0.75], "texture": "#1"}
			}
		},
		{
			"name": "voxel",
			"from": [18, 14, 3],
			"to": [19, 15, 4],
			"faces": {
				"north": {"uv": [2.25, 0.25, 2.75, 0.75], "texture": "#1"},
				"east": {"uv": [2.25, 0.25, 2.75, 0.75], "texture": "#1"},
				"south": {"uv": [2.25, 0.25, 2.75, 0.75], "texture": "#1"},
				"west": {"uv": [2.25, 0.25, 2.75, 0.75], "texture": "#1"},
				"up": {"uv": [2.25, 0.25, 2.75, 0.75], "texture": "#1"},
				"down": {"uv": [2.25, 0.25, 2.75, 0.75], "texture": "#1"}
			}
		},
		{
			"name": "voxel",
			"from": [27, 14, 2],
			"to": [28, 15, 3],
			"faces": {
				"north": {"uv": [2.25, 0.25, 2.75, 0.75], "texture": "#1"},
				"east": {"uv": [2.25, 0.25, 2.75, 0.75], "texture": "#1"},
				"south": {"uv": [2.25, 0.25, 2.75, 0.75], "texture": "#1"},
				"west": {"uv": [2.25, 0.25, 2.75, 0.75], "texture": "#1"},
				"up": {"uv": [2.25, 0.25, 2.75, 0.75], "texture": "#1"},
				"down": {"uv": [2.25, 0.25, 2.75, 0.75], "texture": "#1"}
			}
		},
		{
			"name": "voxel",
			"from": [26, 14, 2],
			"to": [27, 15, 3],
			"faces": {
				"north": {"uv": [12.25, 0.25, 12.75, 0.75], "texture": "#1"},
				"east": {"uv": [12.25, 0.25, 12.75, 0.75], "texture": "#1"},
				"south": {"uv": [12.25, 0.25, 12.75, 0.75], "texture": "#1"},
				"west": {"uv": [12.25, 0.25, 12.75, 0.75], "texture": "#1"},
				"up": {"uv": [12.25, 0.25, 12.75, 0.75], "texture": "#1"},
				"down": {"uv": [12.25, 0.25, 12.75, 0.75], "texture": "#1"}
			}
		},
		{
			"name": "voxel",
			"from": [24, 14, 2],
			"to": [25, 15, 3],
			"faces": {
				"north": {"uv": [2.25, 0.25, 2.75, 0.75], "texture": "#1"},
				"east": {"uv": [2.25, 0.25, 2.75, 0.75], "texture": "#1"},
				"south": {"uv": [2.25, 0.25, 2.75, 0.75], "texture": "#1"},
				"west": {"uv": [2.25, 0.25, 2.75, 0.75], "texture": "#1"},
				"up": {"uv": [2.25, 0.25, 2.75, 0.75], "texture": "#1"},
				"down": {"uv": [2.25, 0.25, 2.75, 0.75], "texture": "#1"}
			}
		},
		{
			"name": "voxel",
			"from": [20, 14, 2],
			"to": [21, 15, 3],
			"faces": {
				"north": {"uv": [2.25, 0.25, 2.75, 0.75], "texture": "#1"},
				"east": {"uv": [2.25, 0.25, 2.75, 0.75], "texture": "#1"},
				"south": {"uv": [2.25, 0.25, 2.75, 0.75], "texture": "#1"},
				"west": {"uv": [2.25, 0.25, 2.75, 0.75], "texture": "#1"},
				"up": {"uv": [2.25, 0.25, 2.75, 0.75], "texture": "#1"},
				"down": {"uv": [2.25, 0.25, 2.75, 0.75], "texture": "#1"}
			}
		},
		{
			"name": "voxel",
			"from": [18, 14, 2],
			"to": [19, 15, 3],
			"faces": {
				"north": {"uv": [12.25, 0.25, 12.75, 0.75], "texture": "#1"},
				"east": {"uv": [12.25, 0.25, 12.75, 0.75], "texture": "#1"},
				"south": {"uv": [12.25, 0.25, 12.75, 0.75], "texture": "#1"},
				"west": {"uv": [12.25, 0.25, 12.75, 0.75], "texture": "#1"},
				"up": {"uv": [12.25, 0.25, 12.75, 0.75], "texture": "#1"},
				"down": {"uv": [12.25, 0.25, 12.75, 0.75], "texture": "#1"}
			}
		},
		{
			"name": "voxel",
			"from": [17, 14, 2],
			"to": [18, 15, 3],
			"faces": {
				"north": {"uv": [2.25, 0.25, 2.75, 0.75], "texture": "#1"},
				"east": {"uv": [2.25, 0.25, 2.75, 0.75], "texture": "#1"},
				"south": {"uv": [2.25, 0.25, 2.75, 0.75], "texture": "#1"},
				"west": {"uv": [2.25, 0.25, 2.75, 0.75], "texture": "#1"},
				"up": {"uv": [2.25, 0.25, 2.75, 0.75], "texture": "#1"},
				"down": {"uv": [2.25, 0.25, 2.75, 0.75], "texture": "#1"}
			}
		},
		{
			"name": "voxel",
			"from": [26, 14, 1],
			"to": [27, 15, 2],
			"faces": {
				"north": {"uv": [2.25, 0.25, 2.75, 0.75], "texture": "#1"},
				"east": {"uv": [2.25, 0.25, 2.75, 0.75], "texture": "#1"},
				"south": {"uv": [2.25, 0.25, 2.75, 0.75], "texture": "#1"},
				"west": {"uv": [2.25, 0.25, 2.75, 0.75], "texture": "#1"},
				"up": {"uv": [2.25, 0.25, 2.75, 0.75], "texture": "#1"},
				"down": {"uv": [2.25, 0.25, 2.75, 0.75], "texture": "#1"}
			}
		},
		{
			"name": "voxel",
			"from": [25, 14, 1],
			"to": [26, 15, 4],
			"faces": {
				"north": {"uv": [12.25, 0.25, 12.75, 0.75], "texture": "#1"},
				"east": {"uv": [12.25, 0.25, 12.75, 0.75], "texture": "#1"},
				"south": {"uv": [12.25, 0.25, 12.75, 0.75], "texture": "#1"},
				"west": {"uv": [12.25, 0.25, 12.75, 0.75], "texture": "#1"},
				"up": {"uv": [12.25, 0.25, 12.75, 0.75], "texture": "#1"},
				"down": {"uv": [12.25, 0.25, 12.75, 0.75], "texture": "#1"}
			}
		},
		{
			"name": "voxel",
			"from": [19, 14, 1],
			"to": [20, 15, 4],
			"faces": {
				"north": {"uv": [12.25, 0.25, 12.75, 0.75], "texture": "#1"},
				"east": {"uv": [12.25, 0.25, 12.75, 0.75], "texture": "#1"},
				"south": {"uv": [12.25, 0.25, 12.75, 0.75], "texture": "#1"},
				"west": {"uv": [12.25, 0.25, 12.75, 0.75], "texture": "#1"},
				"up": {"uv": [12.25, 0.25, 12.75, 0.75], "texture": "#1"},
				"down": {"uv": [12.25, 0.25, 12.75, 0.75], "texture": "#1"}
			}
		},
		{
			"name": "voxel",
			"from": [18, 14, 1],
			"to": [19, 15, 2],
			"faces": {
				"north": {"uv": [2.25, 0.25, 2.75, 0.75], "texture": "#1"},
				"east": {"uv": [2.25, 0.25, 2.75, 0.75], "texture": "#1"},
				"south": {"uv": [2.25, 0.25, 2.75, 0.75], "texture": "#1"},
				"west": {"uv": [2.25, 0.25, 2.75, 0.75], "texture": "#1"},
				"up": {"uv": [2.25, 0.25, 2.75, 0.75], "texture": "#1"},
				"down": {"uv": [2.25, 0.25, 2.75, 0.75], "texture": "#1"}
			}
		},
		{
			"name": "voxel",
			"from": [25, 13, 2],
			"to": [26, 14, 3],
			"faces": {
				"north": {"uv": [2.25, 0.25, 2.75, 0.75], "texture": "#1"},
				"east": {"uv": [2.25, 0.25, 2.75, 0.75], "texture": "#1"},
				"south": {"uv": [2.25, 0.25, 2.75, 0.75], "texture": "#1"},
				"west": {"uv": [2.25, 0.25, 2.75, 0.75], "texture": "#1"},
				"up": {"uv": [2.25, 0.25, 2.75, 0.75], "texture": "#1"},
				"down": {"uv": [2.25, 0.25, 2.75, 0.75], "texture": "#1"}
			}
		},
		{
			"name": "voxel",
			"from": [19, 13, 2],
			"to": [20, 14, 3],
			"faces": {
				"north": {"uv": [2.25, 0.25, 2.75, 0.75], "texture": "#1"},
				"east": {"uv": [2.25, 0.25, 2.75, 0.75], "texture": "#1"},
				"south": {"uv": [2.25, 0.25, 2.75, 0.75], "texture": "#1"},
				"west": {"uv": [2.25, 0.25, 2.75, 0.75], "texture": "#1"},
				"up": {"uv": [2.25, 0.25, 2.75, 0.75], "texture": "#1"},
				"down": {"uv": [2.25, 0.25, 2.75, 0.75], "texture": "#1"}
			}
		},
		{
			"name": "voxel",
			"from": [27, 13, 1],
			"to": [28, 14, 4],
			"faces": {
				"north": {"uv": [2.25, 0.25, 2.75, 0.75], "texture": "#1"},
				"east": {"uv": [2.25, 0.25, 2.75, 0.75], "texture": "#1"},
				"south": {"uv": [2.25, 0.25, 2.75, 0.75], "texture": "#1"},
				"west": {"uv": [2.25, 0.25, 2.75, 0.75], "texture": "#1"},
				"up": {"uv": [2.25, 0.25, 2.75, 0.75], "texture": "#1"},
				"down": {"uv": [2.25, 0.25, 2.75, 0.75], "texture": "#1"}
			}
		},
		{
			"name": "voxel",
			"from": [26, 13, 1],
			"to": [27, 14, 4],
			"faces": {
				"north": {"uv": [12.25, 0.25, 12.75, 0.75], "texture": "#1"},
				"east": {"uv": [12.25, 0.25, 12.75, 0.75], "texture": "#1"},
				"south": {"uv": [12.25, 0.25, 12.75, 0.75], "texture": "#1"},
				"west": {"uv": [12.25, 0.25, 12.75, 0.75], "texture": "#1"},
				"up": {"uv": [12.25, 0.25, 12.75, 0.75], "texture": "#1"},
				"down": {"uv": [12.25, 0.25, 12.75, 0.75], "texture": "#1"}
			}
		},
		{
			"name": "voxel",
			"from": [18, 13, 1],
			"to": [19, 14, 4],
			"faces": {
				"north": {"uv": [12.25, 0.25, 12.75, 0.75], "texture": "#1"},
				"east": {"uv": [12.25, 0.25, 12.75, 0.75], "texture": "#1"},
				"south": {"uv": [12.25, 0.25, 12.75, 0.75], "texture": "#1"},
				"west": {"uv": [12.25, 0.25, 12.75, 0.75], "texture": "#1"},
				"up": {"uv": [12.25, 0.25, 12.75, 0.75], "texture": "#1"},
				"down": {"uv": [12.25, 0.25, 12.75, 0.75], "texture": "#1"}
			}
		},
		{
			"name": "voxel",
			"from": [17, 13, 1],
			"to": [18, 14, 4],
			"faces": {
				"north": {"uv": [2.25, 0.25, 2.75, 0.75], "texture": "#1"},
				"east": {"uv": [2.25, 0.25, 2.75, 0.75], "texture": "#1"},
				"south": {"uv": [2.25, 0.25, 2.75, 0.75], "texture": "#1"},
				"west": {"uv": [2.25, 0.25, 2.75, 0.75], "texture": "#1"},
				"up": {"uv": [2.25, 0.25, 2.75, 0.75], "texture": "#1"},
				"down": {"uv": [2.25, 0.25, 2.75, 0.75], "texture": "#1"}
			}
		},
		{
			"name": "voxel",
			"from": [24, 12, 2],
			"to": [25, 14, 3],
			"faces": {
				"north": {"uv": [3.25, 0.25, 3.75, 0.75], "texture": "#1"},
				"east": {"uv": [3.25, 0.25, 3.75, 0.75], "texture": "#1"},
				"south": {"uv": [3.25, 0.25, 3.75, 0.75], "texture": "#1"},
				"west": {"uv": [3.25, 0.25, 3.75, 0.75], "texture": "#1"},
				"up": {"uv": [3.25, 0.25, 3.75, 0.75], "texture": "#1"},
				"down": {"uv": [3.25, 0.25, 3.75, 0.75], "texture": "#1"}
			}
		},
		{
			"name": "voxel",
			"from": [23, 12, 2],
			"to": [24, 16, 3],
			"faces": {
				"north": {"uv": [6.25, 0.25, 6.75, 0.75], "texture": "#1"},
				"east": {"uv": [6.25, 0.25, 6.75, 0.75], "texture": "#1"},
				"south": {"uv": [6.25, 0.25, 6.75, 0.75], "texture": "#1"},
				"west": {"uv": [6.25, 0.25, 6.75, 0.75], "texture": "#1"},
				"up": {"uv": [6.25, 0.25, 6.75, 0.75], "texture": "#1"},
				"down": {"uv": [6.25, 0.25, 6.75, 0.75], "texture": "#1"}
			}
		},
		{
			"name": "voxel",
			"from": [21, 12, 2],
			"to": [22, 16, 3],
			"faces": {
				"north": {"uv": [6.25, 0.25, 6.75, 0.75], "texture": "#1"},
				"east": {"uv": [6.25, 0.25, 6.75, 0.75], "texture": "#1"},
				"south": {"uv": [6.25, 0.25, 6.75, 0.75], "texture": "#1"},
				"west": {"uv": [6.25, 0.25, 6.75, 0.75], "texture": "#1"},
				"up": {"uv": [6.25, 0.25, 6.75, 0.75], "texture": "#1"},
				"down": {"uv": [6.25, 0.25, 6.75, 0.75], "texture": "#1"}
			}
		},
		{
			"name": "voxel",
			"from": [20, 12, 2],
			"to": [21, 14, 3],
			"faces": {
				"north": {"uv": [3.25, 0.25, 3.75, 0.75], "texture": "#1"},
				"east": {"uv": [3.25, 0.25, 3.75, 0.75], "texture": "#1"},
				"south": {"uv": [3.25, 0.25, 3.75, 0.75], "texture": "#1"},
				"west": {"uv": [3.25, 0.25, 3.75, 0.75], "texture": "#1"},
				"up": {"uv": [3.25, 0.25, 3.75, 0.75], "texture": "#1"},
				"down": {"uv": [3.25, 0.25, 3.75, 0.75], "texture": "#1"}
			}
		},
		{
			"name": "voxel",
			"from": [27, 11, 2],
			"to": [28, 12, 3],
			"faces": {
				"north": {"uv": [12.25, 0.25, 12.75, 0.75], "texture": "#1"},
				"east": {"uv": [12.25, 0.25, 12.75, 0.75], "texture": "#1"},
				"south": {"uv": [12.25, 0.25, 12.75, 0.75], "texture": "#1"},
				"west": {"uv": [12.25, 0.25, 12.75, 0.75], "texture": "#1"},
				"up": {"uv": [12.25, 0.25, 12.75, 0.75], "texture": "#1"},
				"down": {"uv": [12.25, 0.25, 12.75, 0.75], "texture": "#1"}
			}
		},
		{
			"name": "voxel",
			"from": [25, 11, 2],
			"to": [26, 13, 3],
			"faces": {
				"north": {"uv": [6.25, 0.25, 6.75, 0.75], "texture": "#1"},
				"east": {"uv": [6.25, 0.25, 6.75, 0.75], "texture": "#1"},
				"south": {"uv": [6.25, 0.25, 6.75, 0.75], "texture": "#1"},
				"west": {"uv": [6.25, 0.25, 6.75, 0.75], "texture": "#1"},
				"up": {"uv": [6.25, 0.25, 6.75, 0.75], "texture": "#1"},
				"down": {"uv": [6.25, 0.25, 6.75, 0.75], "texture": "#1"}
			}
		},
		{
			"name": "voxel",
			"from": [23, 11, 2],
			"to": [25, 12, 3],
			"faces": {
				"north": {"uv": [2.25, 0.25, 2.75, 0.75], "texture": "#1"},
				"east": {"uv": [2.25, 0.25, 2.75, 0.75], "texture": "#1"},
				"south": {"uv": [2.25, 0.25, 2.75, 0.75], "texture": "#1"},
				"west": {"uv": [2.25, 0.25, 2.75, 0.75], "texture": "#1"},
				"up": {"uv": [2.25, 0.25, 2.75, 0.75], "texture": "#1"},
				"down": {"uv": [2.25, 0.25, 2.75, 0.75], "texture": "#1"}
			}
		},
		{
			"name": "voxel",
			"from": [22, 11, 2],
			"to": [23, 12, 3],
			"faces": {
				"north": {"uv": [6.25, 0.25, 6.75, 0.75], "texture": "#1"},
				"east": {"uv": [6.25, 0.25, 6.75, 0.75], "texture": "#1"},
				"south": {"uv": [6.25, 0.25, 6.75, 0.75], "texture": "#1"},
				"west": {"uv": [6.25, 0.25, 6.75, 0.75], "texture": "#1"},
				"up": {"uv": [6.25, 0.25, 6.75, 0.75], "texture": "#1"},
				"down": {"uv": [6.25, 0.25, 6.75, 0.75], "texture": "#1"}
			}
		},
		{
			"name": "voxel",
			"from": [20, 11, 2],
			"to": [22, 12, 3],
			"faces": {
				"north": {"uv": [2.25, 0.25, 2.75, 0.75], "texture": "#1"},
				"east": {"uv": [2.25, 0.25, 2.75, 0.75], "texture": "#1"},
				"south": {"uv": [2.25, 0.25, 2.75, 0.75], "texture": "#1"},
				"west": {"uv": [2.25, 0.25, 2.75, 0.75], "texture": "#1"},
				"up": {"uv": [2.25, 0.25, 2.75, 0.75], "texture": "#1"},
				"down": {"uv": [2.25, 0.25, 2.75, 0.75], "texture": "#1"}
			}
		},
		{
			"name": "voxel",
			"from": [19, 11, 2],
			"to": [20, 13, 3],
			"faces": {
				"north": {"uv": [6.25, 0.25, 6.75, 0.75], "texture": "#1"},
				"east": {"uv": [6.25, 0.25, 6.75, 0.75], "texture": "#1"},
				"south": {"uv": [6.25, 0.25, 6.75, 0.75], "texture": "#1"},
				"west": {"uv": [6.25, 0.25, 6.75, 0.75], "texture": "#1"},
				"up": {"uv": [6.25, 0.25, 6.75, 0.75], "texture": "#1"},
				"down": {"uv": [6.25, 0.25, 6.75, 0.75], "texture": "#1"}
			}
		},
		{
			"name": "voxel",
			"from": [17, 11, 2],
			"to": [18, 12, 3],
			"faces": {
				"north": {"uv": [5.25, 0.25, 5.75, 0.75], "texture": "#1"},
				"east": {"uv": [5.25, 0.25, 5.75, 0.75], "texture": "#1"},
				"south": {"uv": [5.25, 0.25, 5.75, 0.75], "texture": "#1"},
				"west": {"uv": [5.25, 0.25, 5.75, 0.75], "texture": "#1"},
				"up": {"uv": [5.25, 0.25, 5.75, 0.75], "texture": "#1"},
				"down": {"uv": [5.25, 0.25, 5.75, 0.75], "texture": "#1"}
			}
		},
		{
			"name": "voxel",
			"from": [6, 11, 2],
			"to": [7, 12, 3],
			"faces": {
				"north": {"uv": [5.25, 0.25, 5.75, 0.75], "texture": "#1"},
				"east": {"uv": [5.25, 0.25, 5.75, 0.75], "texture": "#1"},
				"south": {"uv": [5.25, 0.25, 5.75, 0.75], "texture": "#1"},
				"west": {"uv": [5.25, 0.25, 5.75, 0.75], "texture": "#1"},
				"up": {"uv": [5.25, 0.25, 5.75, 0.75], "texture": "#1"},
				"down": {"uv": [5.25, 0.25, 5.75, 0.75], "texture": "#1"}
			}
		},
		{
			"name": "voxel",
			"from": [3, 11, 2],
			"to": [4, 12, 3],
			"faces": {
				"north": {"uv": [5.25, 0.25, 5.75, 0.75], "texture": "#1"},
				"east": {"uv": [5.25, 0.25, 5.75, 0.75], "texture": "#1"},
				"south": {"uv": [5.25, 0.25, 5.75, 0.75], "texture": "#1"},
				"west": {"uv": [5.25, 0.25, 5.75, 0.75], "texture": "#1"},
				"up": {"uv": [5.25, 0.25, 5.75, 0.75], "texture": "#1"},
				"down": {"uv": [5.25, 0.25, 5.75, 0.75], "texture": "#1"}
			}
		},
		{
			"name": "voxel",
			"from": [1, 11, 2],
			"to": [3, 12, 3],
			"faces": {
				"north": {"uv": [6.25, 0.25, 6.75, 0.75], "texture": "#1"},
				"east": {"uv": [6.25, 0.25, 6.75, 0.75], "texture": "#1"},
				"south": {"uv": [6.25, 0.25, 6.75, 0.75], "texture": "#1"},
				"west": {"uv": [6.25, 0.25, 6.75, 0.75], "texture": "#1"},
				"up": {"uv": [6.25, 0.25, 6.75, 0.75], "texture": "#1"},
				"down": {"uv": [6.25, 0.25, 6.75, 0.75], "texture": "#1"}
			}
		},
		{
			"name": "voxel",
			"from": [17, 10, 3],
			"to": [18, 12, 4],
			"faces": {
				"north": {"uv": [7.25, 0.25, 7.75, 0.75], "texture": "#1"},
				"east": {"uv": [7.25, 0.25, 7.75, 0.75], "texture": "#1"},
				"south": {"uv": [7.25, 0.25, 7.75, 0.75], "texture": "#1"},
				"west": {"uv": [7.25, 0.25, 7.75, 0.75], "texture": "#1"},
				"up": {"uv": [7.25, 0.25, 7.75, 0.75], "texture": "#1"},
				"down": {"uv": [7.25, 0.25, 7.75, 0.75], "texture": "#1"}
			}
		},
		{
			"name": "voxel",
			"from": [6, 10, 3],
			"to": [7, 12, 4],
			"faces": {
				"north": {"uv": [7.25, 0.25, 7.75, 0.75], "texture": "#1"},
				"east": {"uv": [7.25, 0.25, 7.75, 0.75], "texture": "#1"},
				"south": {"uv": [7.25, 0.25, 7.75, 0.75], "texture": "#1"},
				"west": {"uv": [7.25, 0.25, 7.75, 0.75], "texture": "#1"},
				"up": {"uv": [7.25, 0.25, 7.75, 0.75], "texture": "#1"},
				"down": {"uv": [7.25, 0.25, 7.75, 0.75], "texture": "#1"}
			}
		},
		{
			"name": "voxel",
			"from": [28, 10, 2],
			"to": [29, 11, 3],
			"faces": {
				"north": {"uv": [12.25, 0.25, 12.75, 0.75], "texture": "#1"},
				"east": {"uv": [12.25, 0.25, 12.75, 0.75], "texture": "#1"},
				"south": {"uv": [12.25, 0.25, 12.75, 0.75], "texture": "#1"},
				"west": {"uv": [12.25, 0.25, 12.75, 0.75], "texture": "#1"},
				"up": {"uv": [12.25, 0.25, 12.75, 0.75], "texture": "#1"},
				"down": {"uv": [12.25, 0.25, 12.75, 0.75], "texture": "#1"}
			}
		},
		{
			"name": "voxel",
			"from": [26, 10, 2],
			"to": [27, 11, 3],
			"faces": {
				"north": {"uv": [13.25, 0.25, 13.75, 0.75], "texture": "#1"},
				"east": {"uv": [13.25, 0.25, 13.75, 0.75], "texture": "#1"},
				"south": {"uv": [13.25, 0.25, 13.75, 0.75], "texture": "#1"},
				"west": {"uv": [13.25, 0.25, 13.75, 0.75], "texture": "#1"},
				"up": {"uv": [13.25, 0.25, 13.75, 0.75], "texture": "#1"},
				"down": {"uv": [13.25, 0.25, 13.75, 0.75], "texture": "#1"}
			}
		},
		{
			"name": "voxel",
			"from": [18, 10, 2],
			"to": [19, 11, 3],
			"faces": {
				"north": {"uv": [10.25, 0.25, 10.75, 0.75], "texture": "#1"},
				"east": {"uv": [10.25, 0.25, 10.75, 0.75], "texture": "#1"},
				"south": {"uv": [10.25, 0.25, 10.75, 0.75], "texture": "#1"},
				"west": {"uv": [10.25, 0.25, 10.75, 0.75], "texture": "#1"},
				"up": {"uv": [10.25, 0.25, 10.75, 0.75], "texture": "#1"},
				"down": {"uv": [10.25, 0.25, 10.75, 0.75], "texture": "#1"}
			}
		},
		{
			"name": "voxel",
			"from": [17, 10, 2],
			"to": [18, 11, 3],
			"faces": {
				"north": {"uv": [9.25, 0.25, 9.75, 0.75], "texture": "#1"},
				"east": {"uv": [9.25, 0.25, 9.75, 0.75], "texture": "#1"},
				"south": {"uv": [9.25, 0.25, 9.75, 0.75], "texture": "#1"},
				"west": {"uv": [9.25, 0.25, 9.75, 0.75], "texture": "#1"},
				"up": {"uv": [9.25, 0.25, 9.75, 0.75], "texture": "#1"},
				"down": {"uv": [9.25, 0.25, 9.75, 0.75], "texture": "#1"}
			}
		},
		{
			"name": "voxel",
			"from": [16, 10, 2],
			"to": [17, 11, 3],
			"faces": {
				"north": {"uv": [10.25, 0.25, 10.75, 0.75], "texture": "#1"},
				"east": {"uv": [10.25, 0.25, 10.75, 0.75], "texture": "#1"},
				"south": {"uv": [10.25, 0.25, 10.75, 0.75], "texture": "#1"},
				"west": {"uv": [10.25, 0.25, 10.75, 0.75], "texture": "#1"},
				"up": {"uv": [10.25, 0.25, 10.75, 0.75], "texture": "#1"},
				"down": {"uv": [10.25, 0.25, 10.75, 0.75], "texture": "#1"}
			}
		},
		{
			"name": "voxel",
			"from": [15, 10, 2],
			"to": [16, 11, 3],
			"faces": {
				"north": {"uv": [13.25, 0.25, 13.75, 0.75], "texture": "#1"},
				"east": {"uv": [13.25, 0.25, 13.75, 0.75], "texture": "#1"},
				"south": {"uv": [13.25, 0.25, 13.75, 0.75], "texture": "#1"},
				"west": {"uv": [13.25, 0.25, 13.75, 0.75], "texture": "#1"},
				"up": {"uv": [13.25, 0.25, 13.75, 0.75], "texture": "#1"},
				"down": {"uv": [13.25, 0.25, 13.75, 0.75], "texture": "#1"}
			}
		},
		{
			"name": "voxel",
			"from": [14, 10, 2],
			"to": [15, 11, 3],
			"faces": {
				"north": {"uv": [10.25, 0.25, 10.75, 0.75], "texture": "#1"},
				"east": {"uv": [10.25, 0.25, 10.75, 0.75], "texture": "#1"},
				"south": {"uv": [10.25, 0.25, 10.75, 0.75], "texture": "#1"},
				"west": {"uv": [10.25, 0.25, 10.75, 0.75], "texture": "#1"},
				"up": {"uv": [10.25, 0.25, 10.75, 0.75], "texture": "#1"},
				"down": {"uv": [10.25, 0.25, 10.75, 0.75], "texture": "#1"}
			}
		},
		{
			"name": "voxel",
			"from": [13, 10, 2],
			"to": [14, 11, 3],
			"faces": {
				"north": {"uv": [13.25, 0.25, 13.75, 0.75], "texture": "#1"},
				"east": {"uv": [13.25, 0.25, 13.75, 0.75], "texture": "#1"},
				"south": {"uv": [13.25, 0.25, 13.75, 0.75], "texture": "#1"},
				"west": {"uv": [13.25, 0.25, 13.75, 0.75], "texture": "#1"},
				"up": {"uv": [13.25, 0.25, 13.75, 0.75], "texture": "#1"},
				"down": {"uv": [13.25, 0.25, 13.75, 0.75], "texture": "#1"}
			}
		},
		{
			"name": "voxel",
			"from": [12, 10, 2],
			"to": [13, 11, 3],
			"faces": {
				"north": {"uv": [10.25, 0.25, 10.75, 0.75], "texture": "#1"},
				"east": {"uv": [10.25, 0.25, 10.75, 0.75], "texture": "#1"},
				"south": {"uv": [10.25, 0.25, 10.75, 0.75], "texture": "#1"},
				"west": {"uv": [10.25, 0.25, 10.75, 0.75], "texture": "#1"},
				"up": {"uv": [10.25, 0.25, 10.75, 0.75], "texture": "#1"},
				"down": {"uv": [10.25, 0.25, 10.75, 0.75], "texture": "#1"}
			}
		},
		{
			"name": "voxel",
			"from": [11, 10, 2],
			"to": [12, 11, 3],
			"faces": {
				"north": {"uv": [13.25, 0.25, 13.75, 0.75], "texture": "#1"},
				"east": {"uv": [13.25, 0.25, 13.75, 0.75], "texture": "#1"},
				"south": {"uv": [13.25, 0.25, 13.75, 0.75], "texture": "#1"},
				"west": {"uv": [13.25, 0.25, 13.75, 0.75], "texture": "#1"},
				"up": {"uv": [13.25, 0.25, 13.75, 0.75], "texture": "#1"},
				"down": {"uv": [13.25, 0.25, 13.75, 0.75], "texture": "#1"}
			}
		},
		{
			"name": "voxel",
			"from": [9, 10, 2],
			"to": [11, 11, 3],
			"faces": {
				"north": {"uv": [10.25, 0.25, 10.75, 0.75], "texture": "#1"},
				"east": {"uv": [10.25, 0.25, 10.75, 0.75], "texture": "#1"},
				"south": {"uv": [10.25, 0.25, 10.75, 0.75], "texture": "#1"},
				"west": {"uv": [10.25, 0.25, 10.75, 0.75], "texture": "#1"},
				"up": {"uv": [10.25, 0.25, 10.75, 0.75], "texture": "#1"},
				"down": {"uv": [10.25, 0.25, 10.75, 0.75], "texture": "#1"}
			}
		},
		{
			"name": "voxel",
			"from": [8, 10, 2],
			"to": [9, 11, 3],
			"faces": {
				"north": {"uv": [13.25, 0.25, 13.75, 0.75], "texture": "#1"},
				"east": {"uv": [13.25, 0.25, 13.75, 0.75], "texture": "#1"},
				"south": {"uv": [13.25, 0.25, 13.75, 0.75], "texture": "#1"},
				"west": {"uv": [13.25, 0.25, 13.75, 0.75], "texture": "#1"},
				"up": {"uv": [13.25, 0.25, 13.75, 0.75], "texture": "#1"},
				"down": {"uv": [13.25, 0.25, 13.75, 0.75], "texture": "#1"}
			}
		},
		{
			"name": "voxel",
			"from": [7, 10, 2],
			"to": [8, 11, 3],
			"faces": {
				"north": {"uv": [10.25, 0.25, 10.75, 0.75], "texture": "#1"},
				"east": {"uv": [10.25, 0.25, 10.75, 0.75], "texture": "#1"},
				"south": {"uv": [10.25, 0.25, 10.75, 0.75], "texture": "#1"},
				"west": {"uv": [10.25, 0.25, 10.75, 0.75], "texture": "#1"},
				"up": {"uv": [10.25, 0.25, 10.75, 0.75], "texture": "#1"},
				"down": {"uv": [10.25, 0.25, 10.75, 0.75], "texture": "#1"}
			}
		},
		{
			"name": "voxel",
			"from": [6, 10, 2],
			"to": [7, 11, 3],
			"faces": {
				"north": {"uv": [9.25, 0.25, 9.75, 0.75], "texture": "#1"},
				"east": {"uv": [9.25, 0.25, 9.75, 0.75], "texture": "#1"},
				"south": {"uv": [9.25, 0.25, 9.75, 0.75], "texture": "#1"},
				"west": {"uv": [9.25, 0.25, 9.75, 0.75], "texture": "#1"},
				"up": {"uv": [9.25, 0.25, 9.75, 0.75], "texture": "#1"},
				"down": {"uv": [9.25, 0.25, 9.75, 0.75], "texture": "#1"}
			}
		},
		{
			"name": "voxel",
			"from": [5, 10, 2],
			"to": [6, 11, 3],
			"faces": {
				"north": {"uv": [13.25, 0.25, 13.75, 0.75], "texture": "#1"},
				"east": {"uv": [13.25, 0.25, 13.75, 0.75], "texture": "#1"},
				"south": {"uv": [13.25, 0.25, 13.75, 0.75], "texture": "#1"},
				"west": {"uv": [13.25, 0.25, 13.75, 0.75], "texture": "#1"},
				"up": {"uv": [13.25, 0.25, 13.75, 0.75], "texture": "#1"},
				"down": {"uv": [13.25, 0.25, 13.75, 0.75], "texture": "#1"}
			}
		},
		{
			"name": "voxel",
			"from": [4, 10, 2],
			"to": [5, 11, 3],
			"faces": {
				"north": {"uv": [5.25, 0.25, 5.75, 0.75], "texture": "#1"},
				"east": {"uv": [5.25, 0.25, 5.75, 0.75], "texture": "#1"},
				"south": {"uv": [5.25, 0.25, 5.75, 0.75], "texture": "#1"},
				"west": {"uv": [5.25, 0.25, 5.75, 0.75], "texture": "#1"},
				"up": {"uv": [5.25, 0.25, 5.75, 0.75], "texture": "#1"},
				"down": {"uv": [5.25, 0.25, 5.75, 0.75], "texture": "#1"}
			}
		},
		{
			"name": "voxel",
			"from": [27, 10, 1],
			"to": [28, 11, 4],
			"faces": {
				"north": {"uv": [1.25, 0.25, 1.75, 0.75], "texture": "#1"},
				"east": {"uv": [1.25, 0.25, 1.75, 0.75], "texture": "#1"},
				"south": {"uv": [1.25, 0.25, 1.75, 0.75], "texture": "#1"},
				"west": {"uv": [1.25, 0.25, 1.75, 0.75], "texture": "#1"},
				"up": {"uv": [1.25, 0.25, 1.75, 0.75], "texture": "#1"},
				"down": {"uv": [1.25, 0.25, 1.75, 0.75], "texture": "#1"}
			}
		},
		{
			"name": "voxel",
			"from": [20, 10, 1],
			"to": [25, 11, 4],
			"faces": {
				"north": {"uv": [12.25, 0.25, 12.75, 0.75], "texture": "#1"},
				"east": {"uv": [12.25, 0.25, 12.75, 0.75], "texture": "#1"},
				"south": {"uv": [12.25, 0.25, 12.75, 0.75], "texture": "#1"},
				"west": {"uv": [12.25, 0.25, 12.75, 0.75], "texture": "#1"},
				"up": {"uv": [12.25, 0.25, 12.75, 0.75], "texture": "#1"},
				"down": {"uv": [12.25, 0.25, 12.75, 0.75], "texture": "#1"}
			}
		},
		{
			"name": "voxel",
			"from": [17, 10, 1],
			"to": [18, 12, 2],
			"faces": {
				"north": {"uv": [7.25, 0.25, 7.75, 0.75], "texture": "#1"},
				"east": {"uv": [7.25, 0.25, 7.75, 0.75], "texture": "#1"},
				"south": {"uv": [7.25, 0.25, 7.75, 0.75], "texture": "#1"},
				"west": {"uv": [7.25, 0.25, 7.75, 0.75], "texture": "#1"},
				"up": {"uv": [7.25, 0.25, 7.75, 0.75], "texture": "#1"},
				"down": {"uv": [7.25, 0.25, 7.75, 0.75], "texture": "#1"}
			}
		},
		{
			"name": "voxel",
			"from": [6, 10, 1],
			"to": [7, 12, 2],
			"faces": {
				"north": {"uv": [7.25, 0.25, 7.75, 0.75], "texture": "#1"},
				"east": {"uv": [7.25, 0.25, 7.75, 0.75], "texture": "#1"},
				"south": {"uv": [7.25, 0.25, 7.75, 0.75], "texture": "#1"},
				"west": {"uv": [7.25, 0.25, 7.75, 0.75], "texture": "#1"},
				"up": {"uv": [7.25, 0.25, 7.75, 0.75], "texture": "#1"},
				"down": {"uv": [7.25, 0.25, 7.75, 0.75], "texture": "#1"}
			}
		},
		{
			"name": "voxel",
			"from": [2, 10, 1],
			"to": [3, 11, 4],
			"faces": {
				"north": {"uv": [2.25, 0.25, 2.75, 0.75], "texture": "#1"},
				"east": {"uv": [2.25, 0.25, 2.75, 0.75], "texture": "#1"},
				"south": {"uv": [2.25, 0.25, 2.75, 0.75], "texture": "#1"},
				"west": {"uv": [2.25, 0.25, 2.75, 0.75], "texture": "#1"},
				"up": {"uv": [2.25, 0.25, 2.75, 0.75], "texture": "#1"},
				"down": {"uv": [2.25, 0.25, 2.75, 0.75], "texture": "#1"}
			}
		},
		{
			"name": "voxel",
			"from": [1, 10, 1],
			"to": [2, 11, 4],
			"faces": {
				"north": {"uv": [12.25, 0.25, 12.75, 0.75], "texture": "#1"},
				"east": {"uv": [12.25, 0.25, 12.75, 0.75], "texture": "#1"},
				"south": {"uv": [12.25, 0.25, 12.75, 0.75], "texture": "#1"},
				"west": {"uv": [12.25, 0.25, 12.75, 0.75], "texture": "#1"},
				"up": {"uv": [12.25, 0.25, 12.75, 0.75], "texture": "#1"},
				"down": {"uv": [12.25, 0.25, 12.75, 0.75], "texture": "#1"}
			}
		},
		{
			"name": "voxel",
			"from": [17, 9, 3],
			"to": [18, 10, 4],
			"faces": {
				"north": {"uv": [9.25, 0.25, 9.75, 0.75], "texture": "#1"},
				"east": {"uv": [9.25, 0.25, 9.75, 0.75], "texture": "#1"},
				"south": {"uv": [9.25, 0.25, 9.75, 0.75], "texture": "#1"},
				"west": {"uv": [9.25, 0.25, 9.75, 0.75], "texture": "#1"},
				"up": {"uv": [9.25, 0.25, 9.75, 0.75], "texture": "#1"},
				"down": {"uv": [9.25, 0.25, 9.75, 0.75], "texture": "#1"}
			}
		},
		{
			"name": "voxel",
			"from": [6, 9, 3],
			"to": [7, 10, 4],
			"faces": {
				"north": {"uv": [9.25, 0.25, 9.75, 0.75], "texture": "#1"},
				"east": {"uv": [9.25, 0.25, 9.75, 0.75], "texture": "#1"},
				"south": {"uv": [9.25, 0.25, 9.75, 0.75], "texture": "#1"},
				"west": {"uv": [9.25, 0.25, 9.75, 0.75], "texture": "#1"},
				"up": {"uv": [9.25, 0.25, 9.75, 0.75], "texture": "#1"},
				"down": {"uv": [9.25, 0.25, 9.75, 0.75], "texture": "#1"}
			}
		},
		{
			"name": "voxel",
			"from": [28, 9, 2],
			"to": [29, 10, 3],
			"faces": {
				"north": {"uv": [2.25, 0.25, 2.75, 0.75], "texture": "#1"},
				"east": {"uv": [2.25, 0.25, 2.75, 0.75], "texture": "#1"},
				"south": {"uv": [2.25, 0.25, 2.75, 0.75], "texture": "#1"},
				"west": {"uv": [2.25, 0.25, 2.75, 0.75], "texture": "#1"},
				"up": {"uv": [2.25, 0.25, 2.75, 0.75], "texture": "#1"},
				"down": {"uv": [2.25, 0.25, 2.75, 0.75], "texture": "#1"}
			}
		},
		{
			"name": "voxel",
			"from": [26, 9, 2],
			"to": [27, 10, 3],
			"faces": {
				"north": {"uv": [10.25, 0.25, 10.75, 0.75], "texture": "#1"},
				"east": {"uv": [10.25, 0.25, 10.75, 0.75], "texture": "#1"},
				"south": {"uv": [10.25, 0.25, 10.75, 0.75], "texture": "#1"},
				"west": {"uv": [10.25, 0.25, 10.75, 0.75], "texture": "#1"},
				"up": {"uv": [10.25, 0.25, 10.75, 0.75], "texture": "#1"},
				"down": {"uv": [10.25, 0.25, 10.75, 0.75], "texture": "#1"}
			}
		},
		{
			"name": "voxel",
			"from": [18, 9, 2],
			"to": [19, 10, 3],
			"faces": {
				"north": {"uv": [11.25, 0.25, 11.75, 0.75], "texture": "#1"},
				"east": {"uv": [11.25, 0.25, 11.75, 0.75], "texture": "#1"},
				"south": {"uv": [11.25, 0.25, 11.75, 0.75], "texture": "#1"},
				"west": {"uv": [11.25, 0.25, 11.75, 0.75], "texture": "#1"},
				"up": {"uv": [11.25, 0.25, 11.75, 0.75], "texture": "#1"},
				"down": {"uv": [11.25, 0.25, 11.75, 0.75], "texture": "#1"}
			}
		},
		{
			"name": "voxel",
			"from": [16, 9, 2],
			"to": [17, 10, 3],
			"faces": {
				"north": {"uv": [11.25, 0.25, 11.75, 0.75], "texture": "#1"},
				"east": {"uv": [11.25, 0.25, 11.75, 0.75], "texture": "#1"},
				"south": {"uv": [11.25, 0.25, 11.75, 0.75], "texture": "#1"},
				"west": {"uv": [11.25, 0.25, 11.75, 0.75], "texture": "#1"},
				"up": {"uv": [11.25, 0.25, 11.75, 0.75], "texture": "#1"},
				"down": {"uv": [11.25, 0.25, 11.75, 0.75], "texture": "#1"}
			}
		},
		{
			"name": "voxel",
			"from": [15, 9, 2],
			"to": [16, 10, 3],
			"faces": {
				"north": {"uv": [10.25, 0.25, 10.75, 0.75], "texture": "#1"},
				"east": {"uv": [10.25, 0.25, 10.75, 0.75], "texture": "#1"},
				"south": {"uv": [10.25, 0.25, 10.75, 0.75], "texture": "#1"},
				"west": {"uv": [10.25, 0.25, 10.75, 0.75], "texture": "#1"},
				"up": {"uv": [10.25, 0.25, 10.75, 0.75], "texture": "#1"},
				"down": {"uv": [10.25, 0.25, 10.75, 0.75], "texture": "#1"}
			}
		},
		{
			"name": "voxel",
			"from": [14, 9, 2],
			"to": [15, 10, 3],
			"faces": {
				"north": {"uv": [11.25, 0.25, 11.75, 0.75], "texture": "#1"},
				"east": {"uv": [11.25, 0.25, 11.75, 0.75], "texture": "#1"},
				"south": {"uv": [11.25, 0.25, 11.75, 0.75], "texture": "#1"},
				"west": {"uv": [11.25, 0.25, 11.75, 0.75], "texture": "#1"},
				"up": {"uv": [11.25, 0.25, 11.75, 0.75], "texture": "#1"},
				"down": {"uv": [11.25, 0.25, 11.75, 0.75], "texture": "#1"}
			}
		},
		{
			"name": "voxel",
			"from": [13, 9, 2],
			"to": [14, 10, 3],
			"faces": {
				"north": {"uv": [10.25, 0.25, 10.75, 0.75], "texture": "#1"},
				"east": {"uv": [10.25, 0.25, 10.75, 0.75], "texture": "#1"},
				"south": {"uv": [10.25, 0.25, 10.75, 0.75], "texture": "#1"},
				"west": {"uv": [10.25, 0.25, 10.75, 0.75], "texture": "#1"},
				"up": {"uv": [10.25, 0.25, 10.75, 0.75], "texture": "#1"},
				"down": {"uv": [10.25, 0.25, 10.75, 0.75], "texture": "#1"}
			}
		},
		{
			"name": "voxel",
			"from": [12, 9, 2],
			"to": [13, 10, 3],
			"faces": {
				"north": {"uv": [11.25, 0.25, 11.75, 0.75], "texture": "#1"},
				"east": {"uv": [11.25, 0.25, 11.75, 0.75], "texture": "#1"},
				"south": {"uv": [11.25, 0.25, 11.75, 0.75], "texture": "#1"},
				"west": {"uv": [11.25, 0.25, 11.75, 0.75], "texture": "#1"},
				"up": {"uv": [11.25, 0.25, 11.75, 0.75], "texture": "#1"},
				"down": {"uv": [11.25, 0.25, 11.75, 0.75], "texture": "#1"}
			}
		},
		{
			"name": "voxel",
			"from": [11, 9, 2],
			"to": [12, 10, 3],
			"faces": {
				"north": {"uv": [10.25, 0.25, 10.75, 0.75], "texture": "#1"},
				"east": {"uv": [10.25, 0.25, 10.75, 0.75], "texture": "#1"},
				"south": {"uv": [10.25, 0.25, 10.75, 0.75], "texture": "#1"},
				"west": {"uv": [10.25, 0.25, 10.75, 0.75], "texture": "#1"},
				"up": {"uv": [10.25, 0.25, 10.75, 0.75], "texture": "#1"},
				"down": {"uv": [10.25, 0.25, 10.75, 0.75], "texture": "#1"}
			}
		},
		{
			"name": "voxel",
			"from": [9, 9, 2],
			"to": [11, 10, 3],
			"faces": {
				"north": {"uv": [11.25, 0.25, 11.75, 0.75], "texture": "#1"},
				"east": {"uv": [11.25, 0.25, 11.75, 0.75], "texture": "#1"},
				"south": {"uv": [11.25, 0.25, 11.75, 0.75], "texture": "#1"},
				"west": {"uv": [11.25, 0.25, 11.75, 0.75], "texture": "#1"},
				"up": {"uv": [11.25, 0.25, 11.75, 0.75], "texture": "#1"},
				"down": {"uv": [11.25, 0.25, 11.75, 0.75], "texture": "#1"}
			}
		},
		{
			"name": "voxel",
			"from": [8, 9, 2],
			"to": [9, 10, 3],
			"faces": {
				"north": {"uv": [10.25, 0.25, 10.75, 0.75], "texture": "#1"},
				"east": {"uv": [10.25, 0.25, 10.75, 0.75], "texture": "#1"},
				"south": {"uv": [10.25, 0.25, 10.75, 0.75], "texture": "#1"},
				"west": {"uv": [10.25, 0.25, 10.75, 0.75], "texture": "#1"},
				"up": {"uv": [10.25, 0.25, 10.75, 0.75], "texture": "#1"},
				"down": {"uv": [10.25, 0.25, 10.75, 0.75], "texture": "#1"}
			}
		},
		{
			"name": "voxel",
			"from": [7, 9, 2],
			"to": [8, 10, 3],
			"faces": {
				"north": {"uv": [11.25, 0.25, 11.75, 0.75], "texture": "#1"},
				"east": {"uv": [11.25, 0.25, 11.75, 0.75], "texture": "#1"},
				"south": {"uv": [11.25, 0.25, 11.75, 0.75], "texture": "#1"},
				"west": {"uv": [11.25, 0.25, 11.75, 0.75], "texture": "#1"},
				"up": {"uv": [11.25, 0.25, 11.75, 0.75], "texture": "#1"},
				"down": {"uv": [11.25, 0.25, 11.75, 0.75], "texture": "#1"}
			}
		},
		{
			"name": "voxel",
			"from": [5, 9, 2],
			"to": [6, 10, 3],
			"faces": {
				"north": {"uv": [10.25, 0.25, 10.75, 0.75], "texture": "#1"},
				"east": {"uv": [10.25, 0.25, 10.75, 0.75], "texture": "#1"},
				"south": {"uv": [10.25, 0.25, 10.75, 0.75], "texture": "#1"},
				"west": {"uv": [10.25, 0.25, 10.75, 0.75], "texture": "#1"},
				"up": {"uv": [10.25, 0.25, 10.75, 0.75], "texture": "#1"},
				"down": {"uv": [10.25, 0.25, 10.75, 0.75], "texture": "#1"}
			}
		},
		{
			"name": "voxel",
			"from": [4, 9, 2],
			"to": [5, 10, 3],
			"faces": {
				"north": {"uv": [7.25, 0.25, 7.75, 0.75], "texture": "#1"},
				"east": {"uv": [7.25, 0.25, 7.75, 0.75], "texture": "#1"},
				"south": {"uv": [7.25, 0.25, 7.75, 0.75], "texture": "#1"},
				"west": {"uv": [7.25, 0.25, 7.75, 0.75], "texture": "#1"},
				"up": {"uv": [7.25, 0.25, 7.75, 0.75], "texture": "#1"},
				"down": {"uv": [7.25, 0.25, 7.75, 0.75], "texture": "#1"}
			}
		},
		{
			"name": "voxel",
			"from": [3, 9, 2],
			"to": [4, 11, 4],
			"faces": {
				"north": {"uv": [6.25, 0.25, 6.75, 0.75], "texture": "#1"},
				"east": {"uv": [6.25, 0.25, 6.75, 0.75], "texture": "#1"},
				"south": {"uv": [6.25, 0.25, 6.75, 0.75], "texture": "#1"},
				"west": {"uv": [6.25, 0.25, 6.75, 0.75], "texture": "#1"},
				"up": {"uv": [6.25, 0.25, 6.75, 0.75], "texture": "#1"},
				"down": {"uv": [6.25, 0.25, 6.75, 0.75], "texture": "#1"}
			}
		},
		{
			"name": "voxel",
			"from": [0, 9, 2],
			"to": [1, 11, 3],
			"faces": {
				"north": {"uv": [6.25, 0.25, 6.75, 0.75], "texture": "#1"},
				"east": {"uv": [6.25, 0.25, 6.75, 0.75], "texture": "#1"},
				"south": {"uv": [6.25, 0.25, 6.75, 0.75], "texture": "#1"},
				"west": {"uv": [6.25, 0.25, 6.75, 0.75], "texture": "#1"},
				"up": {"uv": [6.25, 0.25, 6.75, 0.75], "texture": "#1"},
				"down": {"uv": [6.25, 0.25, 6.75, 0.75], "texture": "#1"}
			}
		},
		{
			"name": "voxel",
			"from": [27, 9, 1],
			"to": [28, 10, 4],
			"faces": {
				"north": {"uv": [3.25, 0.25, 3.75, 0.75], "texture": "#1"},
				"east": {"uv": [3.25, 0.25, 3.75, 0.75], "texture": "#1"},
				"south": {"uv": [3.25, 0.25, 3.75, 0.75], "texture": "#1"},
				"west": {"uv": [3.25, 0.25, 3.75, 0.75], "texture": "#1"},
				"up": {"uv": [3.25, 0.25, 3.75, 0.75], "texture": "#1"},
				"down": {"uv": [3.25, 0.25, 3.75, 0.75], "texture": "#1"}
			}
		},
		{
			"name": "voxel",
			"from": [25, 9, 1],
			"to": [26, 11, 4],
			"faces": {
				"north": {"uv": [2.25, 0.25, 2.75, 0.75], "texture": "#1"},
				"east": {"uv": [2.25, 0.25, 2.75, 0.75], "texture": "#1"},
				"south": {"uv": [2.25, 0.25, 2.75, 0.75], "texture": "#1"},
				"west": {"uv": [2.25, 0.25, 2.75, 0.75], "texture": "#1"},
				"up": {"uv": [2.25, 0.25, 2.75, 0.75], "texture": "#1"},
				"down": {"uv": [2.25, 0.25, 2.75, 0.75], "texture": "#1"}
			}
		},
		{
			"name": "voxel",
			"from": [20, 9, 1],
			"to": [25, 10, 4],
			"faces": {
				"north": {"uv": [3.25, 0.25, 3.75, 0.75], "texture": "#1"},
				"east": {"uv": [3.25, 0.25, 3.75, 0.75], "texture": "#1"},
				"south": {"uv": [3.25, 0.25, 3.75, 0.75], "texture": "#1"},
				"west": {"uv": [3.25, 0.25, 3.75, 0.75], "texture": "#1"},
				"up": {"uv": [3.25, 0.25, 3.75, 0.75], "texture": "#1"},
				"down": {"uv": [3.25, 0.25, 3.75, 0.75], "texture": "#1"}
			}
		},
		{
			"name": "voxel",
			"from": [19, 9, 1],
			"to": [20, 11, 4],
			"faces": {
				"north": {"uv": [2.25, 0.25, 2.75, 0.75], "texture": "#1"},
				"east": {"uv": [2.25, 0.25, 2.75, 0.75], "texture": "#1"},
				"south": {"uv": [2.25, 0.25, 2.75, 0.75], "texture": "#1"},
				"west": {"uv": [2.25, 0.25, 2.75, 0.75], "texture": "#1"},
				"up": {"uv": [2.25, 0.25, 2.75, 0.75], "texture": "#1"},
				"down": {"uv": [2.25, 0.25, 2.75, 0.75], "texture": "#1"}
			}
		},
		{
			"name": "voxel",
			"from": [17, 9, 1],
			"to": [18, 10, 2],
			"faces": {
				"north": {"uv": [9.25, 0.25, 9.75, 0.75], "texture": "#1"},
				"east": {"uv": [9.25, 0.25, 9.75, 0.75], "texture": "#1"},
				"south": {"uv": [9.25, 0.25, 9.75, 0.75], "texture": "#1"},
				"west": {"uv": [9.25, 0.25, 9.75, 0.75], "texture": "#1"},
				"up": {"uv": [9.25, 0.25, 9.75, 0.75], "texture": "#1"},
				"down": {"uv": [9.25, 0.25, 9.75, 0.75], "texture": "#1"}
			}
		},
		{
			"name": "voxel",
			"from": [6, 9, 1],
			"to": [7, 10, 2],
			"faces": {
				"north": {"uv": [9.25, 0.25, 9.75, 0.75], "texture": "#1"},
				"east": {"uv": [9.25, 0.25, 9.75, 0.75], "texture": "#1"},
				"south": {"uv": [9.25, 0.25, 9.75, 0.75], "texture": "#1"},
				"west": {"uv": [9.25, 0.25, 9.75, 0.75], "texture": "#1"},
				"up": {"uv": [9.25, 0.25, 9.75, 0.75], "texture": "#1"},
				"down": {"uv": [9.25, 0.25, 9.75, 0.75], "texture": "#1"}
			}
		},
		{
			"name": "voxel",
			"from": [2, 9, 1],
			"to": [3, 10, 4],
			"faces": {
				"north": {"uv": [8.25, 0.25, 8.75, 0.75], "texture": "#1"},
				"east": {"uv": [8.25, 0.25, 8.75, 0.75], "texture": "#1"},
				"south": {"uv": [8.25, 0.25, 8.75, 0.75], "texture": "#1"},
				"west": {"uv": [8.25, 0.25, 8.75, 0.75], "texture": "#1"},
				"up": {"uv": [8.25, 0.25, 8.75, 0.75], "texture": "#1"},
				"down": {"uv": [8.25, 0.25, 8.75, 0.75], "texture": "#1"}
			}
		},
		{
			"name": "voxel",
			"from": [1, 9, 1],
			"to": [2, 10, 4],
			"faces": {
				"north": {"uv": [2.25, 0.25, 2.75, 0.75], "texture": "#1"},
				"east": {"uv": [2.25, 0.25, 2.75, 0.75], "texture": "#1"},
				"south": {"uv": [2.25, 0.25, 2.75, 0.75], "texture": "#1"},
				"west": {"uv": [2.25, 0.25, 2.75, 0.75], "texture": "#1"},
				"up": {"uv": [2.25, 0.25, 2.75, 0.75], "texture": "#1"},
				"down": {"uv": [2.25, 0.25, 2.75, 0.75], "texture": "#1"}
			}
		},
		{
			"name": "voxel",
			"from": [17, 8, 3],
			"to": [18, 9, 4],
			"faces": {
				"north": {"uv": [5.25, 0.25, 5.75, 0.75], "texture": "#1"},
				"east": {"uv": [5.25, 0.25, 5.75, 0.75], "texture": "#1"},
				"south": {"uv": [5.25, 0.25, 5.75, 0.75], "texture": "#1"},
				"west": {"uv": [5.25, 0.25, 5.75, 0.75], "texture": "#1"},
				"up": {"uv": [5.25, 0.25, 5.75, 0.75], "texture": "#1"},
				"down": {"uv": [5.25, 0.25, 5.75, 0.75], "texture": "#1"}
			}
		},
		{
			"name": "voxel",
			"from": [6, 8, 3],
			"to": [7, 9, 4],
			"faces": {
				"north": {"uv": [5.25, 0.25, 5.75, 0.75], "texture": "#1"},
				"east": {"uv": [5.25, 0.25, 5.75, 0.75], "texture": "#1"},
				"south": {"uv": [5.25, 0.25, 5.75, 0.75], "texture": "#1"},
				"west": {"uv": [5.25, 0.25, 5.75, 0.75], "texture": "#1"},
				"up": {"uv": [5.25, 0.25, 5.75, 0.75], "texture": "#1"},
				"down": {"uv": [5.25, 0.25, 5.75, 0.75], "texture": "#1"}
			}
		},
		{
			"name": "voxel",
			"from": [27, 8, 2],
			"to": [28, 9, 3],
			"faces": {
				"north": {"uv": [2.25, 0.25, 2.75, 0.75], "texture": "#1"},
				"east": {"uv": [2.25, 0.25, 2.75, 0.75], "texture": "#1"},
				"south": {"uv": [2.25, 0.25, 2.75, 0.75], "texture": "#1"},
				"west": {"uv": [2.25, 0.25, 2.75, 0.75], "texture": "#1"},
				"up": {"uv": [2.25, 0.25, 2.75, 0.75], "texture": "#1"},
				"down": {"uv": [2.25, 0.25, 2.75, 0.75], "texture": "#1"}
			}
		},
		{
			"name": "voxel",
			"from": [23, 8, 2],
			"to": [26, 9, 3],
			"faces": {
				"north": {"uv": [6.25, 0.25, 6.75, 0.75], "texture": "#1"},
				"east": {"uv": [6.25, 0.25, 6.75, 0.75], "texture": "#1"},
				"south": {"uv": [6.25, 0.25, 6.75, 0.75], "texture": "#1"},
				"west": {"uv": [6.25, 0.25, 6.75, 0.75], "texture": "#1"},
				"up": {"uv": [6.25, 0.25, 6.75, 0.75], "texture": "#1"},
				"down": {"uv": [6.25, 0.25, 6.75, 0.75], "texture": "#1"}
			}
		},
		{
			"name": "voxel",
			"from": [22, 8, 2],
			"to": [23, 9, 3],
			"faces": {
				"north": {"uv": [2.25, 0.25, 2.75, 0.75], "texture": "#1"},
				"east": {"uv": [2.25, 0.25, 2.75, 0.75], "texture": "#1"},
				"south": {"uv": [2.25, 0.25, 2.75, 0.75], "texture": "#1"},
				"west": {"uv": [2.25, 0.25, 2.75, 0.75], "texture": "#1"},
				"up": {"uv": [2.25, 0.25, 2.75, 0.75], "texture": "#1"},
				"down": {"uv": [2.25, 0.25, 2.75, 0.75], "texture": "#1"}
			}
		},
		{
			"name": "voxel",
			"from": [19, 8, 2],
			"to": [22, 9, 3],
			"faces": {
				"north": {"uv": [6.25, 0.25, 6.75, 0.75], "texture": "#1"},
				"east": {"uv": [6.25, 0.25, 6.75, 0.75], "texture": "#1"},
				"south": {"uv": [6.25, 0.25, 6.75, 0.75], "texture": "#1"},
				"west": {"uv": [6.25, 0.25, 6.75, 0.75], "texture": "#1"},
				"up": {"uv": [6.25, 0.25, 6.75, 0.75], "texture": "#1"},
				"down": {"uv": [6.25, 0.25, 6.75, 0.75], "texture": "#1"}
			}
		},
		{
			"name": "voxel",
			"from": [17, 8, 2],
			"to": [18, 10, 3],
			"faces": {
				"north": {"uv": [7.25, 0.25, 7.75, 0.75], "texture": "#1"},
				"east": {"uv": [7.25, 0.25, 7.75, 0.75], "texture": "#1"},
				"south": {"uv": [7.25, 0.25, 7.75, 0.75], "texture": "#1"},
				"west": {"uv": [7.25, 0.25, 7.75, 0.75], "texture": "#1"},
				"up": {"uv": [7.25, 0.25, 7.75, 0.75], "texture": "#1"},
				"down": {"uv": [7.25, 0.25, 7.75, 0.75], "texture": "#1"}
			}
		},
		{
			"name": "voxel",
			"from": [6, 8, 2],
			"to": [7, 10, 3],
			"faces": {
				"north": {"uv": [7.25, 0.25, 7.75, 0.75], "texture": "#1"},
				"east": {"uv": [7.25, 0.25, 7.75, 0.75], "texture": "#1"},
				"south": {"uv": [7.25, 0.25, 7.75, 0.75], "texture": "#1"},
				"west": {"uv": [7.25, 0.25, 7.75, 0.75], "texture": "#1"},
				"up": {"uv": [7.25, 0.25, 7.75, 0.75], "texture": "#1"},
				"down": {"uv": [7.25, 0.25, 7.75, 0.75], "texture": "#1"}
			}
		},
		{
			"name": "voxel",
			"from": [3, 8, 2],
			"to": [4, 9, 3],
			"faces": {
				"north": {"uv": [7.25, 0.25, 7.75, 0.75], "texture": "#1"},
				"east": {"uv": [7.25, 0.25, 7.75, 0.75], "texture": "#1"},
				"south": {"uv": [7.25, 0.25, 7.75, 0.75], "texture": "#1"},
				"west": {"uv": [7.25, 0.25, 7.75, 0.75], "texture": "#1"},
				"up": {"uv": [7.25, 0.25, 7.75, 0.75], "texture": "#1"},
				"down": {"uv": [7.25, 0.25, 7.75, 0.75], "texture": "#1"}
			}
		},
		{
			"name": "voxel",
			"from": [1, 8, 2],
			"to": [3, 9, 3],
			"faces": {
				"north": {"uv": [6.25, 0.25, 6.75, 0.75], "texture": "#1"},
				"east": {"uv": [6.25, 0.25, 6.75, 0.75], "texture": "#1"},
				"south": {"uv": [6.25, 0.25, 6.75, 0.75], "texture": "#1"},
				"west": {"uv": [6.25, 0.25, 6.75, 0.75], "texture": "#1"},
				"up": {"uv": [6.25, 0.25, 6.75, 0.75], "texture": "#1"},
				"down": {"uv": [6.25, 0.25, 6.75, 0.75], "texture": "#1"}
			}
		},
		{
			"name": "voxel",
			"from": [17, 8, 1],
			"to": [18, 9, 2],
			"faces": {
				"north": {"uv": [5.25, 0.25, 5.75, 0.75], "texture": "#1"},
				"east": {"uv": [5.25, 0.25, 5.75, 0.75], "texture": "#1"},
				"south": {"uv": [5.25, 0.25, 5.75, 0.75], "texture": "#1"},
				"west": {"uv": [5.25, 0.25, 5.75, 0.75], "texture": "#1"},
				"up": {"uv": [5.25, 0.25, 5.75, 0.75], "texture": "#1"},
				"down": {"uv": [5.25, 0.25, 5.75, 0.75], "texture": "#1"}
			}
		},
		{
			"name": "voxel",
			"from": [6, 8, 1],
			"to": [7, 9, 2],
			"faces": {
				"north": {"uv": [5.25, 0.25, 5.75, 0.75], "texture": "#1"},
				"east": {"uv": [5.25, 0.25, 5.75, 0.75], "texture": "#1"},
				"south": {"uv": [5.25, 0.25, 5.75, 0.75], "texture": "#1"},
				"west": {"uv": [5.25, 0.25, 5.75, 0.75], "texture": "#1"},
				"up": {"uv": [5.25, 0.25, 5.75, 0.75], "texture": "#1"},
				"down": {"uv": [5.25, 0.25, 5.75, 0.75], "texture": "#1"}
			}
		},
		{
			"name": "voxel",
			"from": [25, 7, 2],
			"to": [26, 8, 3],
			"faces": {
				"north": {"uv": [2.25, 0.25, 2.75, 0.75], "texture": "#1"},
				"east": {"uv": [2.25, 0.25, 2.75, 0.75], "texture": "#1"},
				"south": {"uv": [2.25, 0.25, 2.75, 0.75], "texture": "#1"},
				"west": {"uv": [2.25, 0.25, 2.75, 0.75], "texture": "#1"},
				"up": {"uv": [2.25, 0.25, 2.75, 0.75], "texture": "#1"},
				"down": {"uv": [2.25, 0.25, 2.75, 0.75], "texture": "#1"}
			}
		},
		{
			"name": "voxel",
			"from": [19, 7, 2],
			"to": [20, 8, 3],
			"faces": {
				"north": {"uv": [2.25, 0.25, 2.75, 0.75], "texture": "#1"},
				"east": {"uv": [2.25, 0.25, 2.75, 0.75], "texture": "#1"},
				"south": {"uv": [2.25, 0.25, 2.75, 0.75], "texture": "#1"},
				"west": {"uv": [2.25, 0.25, 2.75, 0.75], "texture": "#1"},
				"up": {"uv": [2.25, 0.25, 2.75, 0.75], "texture": "#1"},
				"down": {"uv": [2.25, 0.25, 2.75, 0.75], "texture": "#1"}
			}
		},
		{
			"name": "voxel",
			"from": [26, 6, 2],
			"to": [27, 7, 3],
			"faces": {
				"north": {"uv": [2.25, 0.25, 2.75, 0.75], "texture": "#1"},
				"east": {"uv": [2.25, 0.25, 2.75, 0.75], "texture": "#1"},
				"south": {"uv": [2.25, 0.25, 2.75, 0.75], "texture": "#1"},
				"west": {"uv": [2.25, 0.25, 2.75, 0.75], "texture": "#1"},
				"up": {"uv": [2.25, 0.25, 2.75, 0.75], "texture": "#1"},
				"down": {"uv": [2.25, 0.25, 2.75, 0.75], "texture": "#1"}
			}
		},
		{
			"name": "voxel",
			"from": [25, 6, 2],
			"to": [26, 7, 3],
			"faces": {
				"north": {"uv": [3.25, 0.25, 3.75, 0.75], "texture": "#1"},
				"east": {"uv": [3.25, 0.25, 3.75, 0.75], "texture": "#1"},
				"south": {"uv": [3.25, 0.25, 3.75, 0.75], "texture": "#1"},
				"west": {"uv": [3.25, 0.25, 3.75, 0.75], "texture": "#1"},
				"up": {"uv": [3.25, 0.25, 3.75, 0.75], "texture": "#1"},
				"down": {"uv": [3.25, 0.25, 3.75, 0.75], "texture": "#1"}
			}
		},
		{
			"name": "voxel",
			"from": [24, 6, 2],
			"to": [25, 8, 3],
			"faces": {
				"north": {"uv": [4.25, 0.25, 4.75, 0.75], "texture": "#1"},
				"east": {"uv": [4.25, 0.25, 4.75, 0.75], "texture": "#1"},
				"south": {"uv": [4.25, 0.25, 4.75, 0.75], "texture": "#1"},
				"west": {"uv": [4.25, 0.25, 4.75, 0.75], "texture": "#1"},
				"up": {"uv": [4.25, 0.25, 4.75, 0.75], "texture": "#1"},
				"down": {"uv": [4.25, 0.25, 4.75, 0.75], "texture": "#1"}
			}
		},
		{
			"name": "voxel",
			"from": [23, 6, 2],
			"to": [24, 8, 3],
			"faces": {
				"north": {"uv": [2.25, 0.25, 2.75, 0.75], "texture": "#1"},
				"east": {"uv": [2.25, 0.25, 2.75, 0.75], "texture": "#1"},
				"south": {"uv": [2.25, 0.25, 2.75, 0.75], "texture": "#1"},
				"west": {"uv": [2.25, 0.25, 2.75, 0.75], "texture": "#1"},
				"up": {"uv": [2.25, 0.25, 2.75, 0.75], "texture": "#1"},
				"down": {"uv": [2.25, 0.25, 2.75, 0.75], "texture": "#1"}
			}
		},
		{
			"name": "voxel",
			"from": [21, 6, 2],
			"to": [22, 8, 3],
			"faces": {
				"north": {"uv": [2.25, 0.25, 2.75, 0.75], "texture": "#1"},
				"east": {"uv": [2.25, 0.25, 2.75, 0.75], "texture": "#1"},
				"south": {"uv": [2.25, 0.25, 2.75, 0.75], "texture": "#1"},
				"west": {"uv": [2.25, 0.25, 2.75, 0.75], "texture": "#1"},
				"up": {"uv": [2.25, 0.25, 2.75, 0.75], "texture": "#1"},
				"down": {"uv": [2.25, 0.25, 2.75, 0.75], "texture": "#1"}
			}
		},
		{
			"name": "voxel",
			"from": [20, 6, 2],
			"to": [21, 8, 3],
			"faces": {
				"north": {"uv": [4.25, 0.25, 4.75, 0.75], "texture": "#1"},
				"east": {"uv": [4.25, 0.25, 4.75, 0.75], "texture": "#1"},
				"south": {"uv": [4.25, 0.25, 4.75, 0.75], "texture": "#1"},
				"west": {"uv": [4.25, 0.25, 4.75, 0.75], "texture": "#1"},
				"up": {"uv": [4.25, 0.25, 4.75, 0.75], "texture": "#1"},
				"down": {"uv": [4.25, 0.25, 4.75, 0.75], "texture": "#1"}
			}
		},
		{
			"name": "voxel",
			"from": [19, 6, 2],
			"to": [20, 7, 3],
			"faces": {
				"north": {"uv": [3.25, 0.25, 3.75, 0.75], "texture": "#1"},
				"east": {"uv": [3.25, 0.25, 3.75, 0.75], "texture": "#1"},
				"south": {"uv": [3.25, 0.25, 3.75, 0.75], "texture": "#1"},
				"west": {"uv": [3.25, 0.25, 3.75, 0.75], "texture": "#1"},
				"up": {"uv": [3.25, 0.25, 3.75, 0.75], "texture": "#1"},
				"down": {"uv": [3.25, 0.25, 3.75, 0.75], "texture": "#1"}
			}
		},
		{
			"name": "voxel",
			"from": [18, 6, 2],
			"to": [19, 7, 3],
			"faces": {
				"north": {"uv": [2.25, 0.25, 2.75, 0.75], "texture": "#1"},
				"east": {"uv": [2.25, 0.25, 2.75, 0.75], "texture": "#1"},
				"south": {"uv": [2.25, 0.25, 2.75, 0.75], "texture": "#1"},
				"west": {"uv": [2.25, 0.25, 2.75, 0.75], "texture": "#1"},
				"up": {"uv": [2.25, 0.25, 2.75, 0.75], "texture": "#1"},
				"down": {"uv": [2.25, 0.25, 2.75, 0.75], "texture": "#1"}
			}
		},
		{
			"name": "voxel",
			"from": [27, 5, 2],
			"to": [28, 6, 3],
			"faces": {
				"north": {"uv": [2.25, 0.25, 2.75, 0.75], "texture": "#1"},
				"east": {"uv": [2.25, 0.25, 2.75, 0.75], "texture": "#1"},
				"south": {"uv": [2.25, 0.25, 2.75, 0.75], "texture": "#1"},
				"west": {"uv": [2.25, 0.25, 2.75, 0.75], "texture": "#1"},
				"up": {"uv": [2.25, 0.25, 2.75, 0.75], "texture": "#1"},
				"down": {"uv": [2.25, 0.25, 2.75, 0.75], "texture": "#1"}
			}
		},
		{
			"name": "voxel",
			"from": [24, 5, 2],
			"to": [27, 6, 3],
			"faces": {
				"north": {"uv": [3.25, 0.25, 3.75, 0.75], "texture": "#1"},
				"east": {"uv": [3.25, 0.25, 3.75, 0.75], "texture": "#1"},
				"south": {"uv": [3.25, 0.25, 3.75, 0.75], "texture": "#1"},
				"west": {"uv": [3.25, 0.25, 3.75, 0.75], "texture": "#1"},
				"up": {"uv": [3.25, 0.25, 3.75, 0.75], "texture": "#1"},
				"down": {"uv": [3.25, 0.25, 3.75, 0.75], "texture": "#1"}
			}
		},
		{
			"name": "voxel",
			"from": [23, 5, 2],
			"to": [24, 6, 3],
			"faces": {
				"north": {"uv": [4.25, 0.25, 4.75, 0.75], "texture": "#1"},
				"east": {"uv": [4.25, 0.25, 4.75, 0.75], "texture": "#1"},
				"south": {"uv": [4.25, 0.25, 4.75, 0.75], "texture": "#1"},
				"west": {"uv": [4.25, 0.25, 4.75, 0.75], "texture": "#1"},
				"up": {"uv": [4.25, 0.25, 4.75, 0.75], "texture": "#1"},
				"down": {"uv": [4.25, 0.25, 4.75, 0.75], "texture": "#1"}
			}
		},
		{
			"name": "voxel",
			"from": [22, 5, 2],
			"to": [23, 6, 3],
			"faces": {
				"north": {"uv": [2.25, 0.25, 2.75, 0.75], "texture": "#1"},
				"east": {"uv": [2.25, 0.25, 2.75, 0.75], "texture": "#1"},
				"south": {"uv": [2.25, 0.25, 2.75, 0.75], "texture": "#1"},
				"west": {"uv": [2.25, 0.25, 2.75, 0.75], "texture": "#1"},
				"up": {"uv": [2.25, 0.25, 2.75, 0.75], "texture": "#1"},
				"down": {"uv": [2.25, 0.25, 2.75, 0.75], "texture": "#1"}
			}
		},
		{
			"name": "voxel",
			"from": [21, 5, 2],
			"to": [22, 6, 3],
			"faces": {
				"north": {"uv": [4.25, 0.25, 4.75, 0.75], "texture": "#1"},
				"east": {"uv": [4.25, 0.25, 4.75, 0.75], "texture": "#1"},
				"south": {"uv": [4.25, 0.25, 4.75, 0.75], "texture": "#1"},
				"west": {"uv": [4.25, 0.25, 4.75, 0.75], "texture": "#1"},
				"up": {"uv": [4.25, 0.25, 4.75, 0.75], "texture": "#1"},
				"down": {"uv": [4.25, 0.25, 4.75, 0.75], "texture": "#1"}
			}
		},
		{
			"name": "voxel",
			"from": [18, 5, 2],
			"to": [20, 6, 3],
			"faces": {
				"north": {"uv": [3.25, 0.25, 3.75, 0.75], "texture": "#1"},
				"east": {"uv": [3.25, 0.25, 3.75, 0.75], "texture": "#1"},
				"south": {"uv": [3.25, 0.25, 3.75, 0.75], "texture": "#1"},
				"west": {"uv": [3.25, 0.25, 3.75, 0.75], "texture": "#1"},
				"up": {"uv": [3.25, 0.25, 3.75, 0.75], "texture": "#1"},
				"down": {"uv": [3.25, 0.25, 3.75, 0.75], "texture": "#1"}
			}
		},
		{
			"name": "voxel",
			"from": [17, 5, 2],
			"to": [18, 6, 3],
			"faces": {
				"north": {"uv": [2.25, 0.25, 2.75, 0.75], "texture": "#1"},
				"east": {"uv": [2.25, 0.25, 2.75, 0.75], "texture": "#1"},
				"south": {"uv": [2.25, 0.25, 2.75, 0.75], "texture": "#1"},
				"west": {"uv": [2.25, 0.25, 2.75, 0.75], "texture": "#1"},
				"up": {"uv": [2.25, 0.25, 2.75, 0.75], "texture": "#1"},
				"down": {"uv": [2.25, 0.25, 2.75, 0.75], "texture": "#1"}
			}
		},
		{
			"name": "voxel",
			"from": [12, 5, 2],
			"to": [14, 6, 3],
			"faces": {
				"north": {"uv": [2.25, 0.25, 2.75, 0.75], "texture": "#1"},
				"east": {"uv": [2.25, 0.25, 2.75, 0.75], "texture": "#1"},
				"south": {"uv": [2.25, 0.25, 2.75, 0.75], "texture": "#1"},
				"west": {"uv": [2.25, 0.25, 2.75, 0.75], "texture": "#1"},
				"up": {"uv": [2.25, 0.25, 2.75, 0.75], "texture": "#1"},
				"down": {"uv": [2.25, 0.25, 2.75, 0.75], "texture": "#1"}
			}
		},
		{
			"name": "voxel",
			"from": [11, 5, 2],
			"to": [12, 6, 3],
			"faces": {
				"north": {"uv": [0.25, 0.25, 0.75, 0.75], "texture": "#1"},
				"east": {"uv": [0.25, 0.25, 0.75, 0.75], "texture": "#1"},
				"south": {"uv": [0.25, 0.25, 0.75, 0.75], "texture": "#1"},
				"west": {"uv": [0.25, 0.25, 0.75, 0.75], "texture": "#1"},
				"up": {"uv": [0.25, 0.25, 0.75, 0.75], "texture": "#1"},
				"down": {"uv": [0.25, 0.25, 0.75, 0.75], "texture": "#1"}
			}
		},
		{
			"name": "voxel",
			"from": [30, 4, 2],
			"to": [31, 5, 3],
			"faces": {
				"north": {"uv": [0.25, 0.25, 0.75, 0.75], "texture": "#1"},
				"east": {"uv": [0.25, 0.25, 0.75, 0.75], "texture": "#1"},
				"south": {"uv": [0.25, 0.25, 0.75, 0.75], "texture": "#1"},
				"west": {"uv": [0.25, 0.25, 0.75, 0.75], "texture": "#1"},
				"up": {"uv": [0.25, 0.25, 0.75, 0.75], "texture": "#1"},
				"down": {"uv": [0.25, 0.25, 0.75, 0.75], "texture": "#1"}
			}
		},
		{
			"name": "voxel",
			"from": [28, 4, 2],
			"to": [30, 5, 3],
			"faces": {
				"north": {"uv": [2.25, 0.25, 2.75, 0.75], "texture": "#1"},
				"east": {"uv": [2.25, 0.25, 2.75, 0.75], "texture": "#1"},
				"south": {"uv": [2.25, 0.25, 2.75, 0.75], "texture": "#1"},
				"west": {"uv": [2.25, 0.25, 2.75, 0.75], "texture": "#1"},
				"up": {"uv": [2.25, 0.25, 2.75, 0.75], "texture": "#1"},
				"down": {"uv": [2.25, 0.25, 2.75, 0.75], "texture": "#1"}
			}
		},
		{
			"name": "voxel",
			"from": [26, 4, 2],
			"to": [28, 5, 3],
			"faces": {
				"north": {"uv": [3.25, 0.25, 3.75, 0.75], "texture": "#1"},
				"east": {"uv": [3.25, 0.25, 3.75, 0.75], "texture": "#1"},
				"south": {"uv": [3.25, 0.25, 3.75, 0.75], "texture": "#1"},
				"west": {"uv": [3.25, 0.25, 3.75, 0.75], "texture": "#1"},
				"up": {"uv": [3.25, 0.25, 3.75, 0.75], "texture": "#1"},
				"down": {"uv": [3.25, 0.25, 3.75, 0.75], "texture": "#1"}
			}
		},
		{
			"name": "voxel",
			"from": [22, 4, 2],
			"to": [23, 5, 3],
			"faces": {
				"north": {"uv": [4.25, 0.25, 4.75, 0.75], "texture": "#1"},
				"east": {"uv": [4.25, 0.25, 4.75, 0.75], "texture": "#1"},
				"south": {"uv": [4.25, 0.25, 4.75, 0.75], "texture": "#1"},
				"west": {"uv": [4.25, 0.25, 4.75, 0.75], "texture": "#1"},
				"up": {"uv": [4.25, 0.25, 4.75, 0.75], "texture": "#1"},
				"down": {"uv": [4.25, 0.25, 4.75, 0.75], "texture": "#1"}
			}
		},
		{
			"name": "voxel",
			"from": [15, 4, 2],
			"to": [17, 5, 3],
			"faces": {
				"north": {"uv": [3.25, 0.25, 3.75, 0.75], "texture": "#1"},
				"east": {"uv": [3.25, 0.25, 3.75, 0.75], "texture": "#1"},
				"south": {"uv": [3.25, 0.25, 3.75, 0.75], "texture": "#1"},
				"west": {"uv": [3.25, 0.25, 3.75, 0.75], "texture": "#1"},
				"up": {"uv": [3.25, 0.25, 3.75, 0.75], "texture": "#1"},
				"down": {"uv": [3.25, 0.25, 3.75, 0.75], "texture": "#1"}
			}
		},
		{
			"name": "voxel",
			"from": [14, 4, 2],
			"to": [15, 5, 3],
			"faces": {
				"north": {"uv": [2.25, 0.25, 2.75, 0.75], "texture": "#1"},
				"east": {"uv": [2.25, 0.25, 2.75, 0.75], "texture": "#1"},
				"south": {"uv": [2.25, 0.25, 2.75, 0.75], "texture": "#1"},
				"west": {"uv": [2.25, 0.25, 2.75, 0.75], "texture": "#1"},
				"up": {"uv": [2.25, 0.25, 2.75, 0.75], "texture": "#1"},
				"down": {"uv": [2.25, 0.25, 2.75, 0.75], "texture": "#1"}
			}
		},
		{
			"name": "voxel",
			"from": [13, 4, 2],
			"to": [14, 5, 3],
			"faces": {
				"north": {"uv": [3.25, 0.25, 3.75, 0.75], "texture": "#1"},
				"east": {"uv": [3.25, 0.25, 3.75, 0.75], "texture": "#1"},
				"south": {"uv": [3.25, 0.25, 3.75, 0.75], "texture": "#1"},
				"west": {"uv": [3.25, 0.25, 3.75, 0.75], "texture": "#1"},
				"up": {"uv": [3.25, 0.25, 3.75, 0.75], "texture": "#1"},
				"down": {"uv": [3.25, 0.25, 3.75, 0.75], "texture": "#1"}
			}
		},
		{
			"name": "voxel",
			"from": [12, 4, 2],
			"to": [13, 5, 3],
			"faces": {
				"north": {"uv": [0.25, 0.25, 0.75, 0.75], "texture": "#1"},
				"east": {"uv": [0.25, 0.25, 0.75, 0.75], "texture": "#1"},
				"south": {"uv": [0.25, 0.25, 0.75, 0.75], "texture": "#1"},
				"west": {"uv": [0.25, 0.25, 0.75, 0.75], "texture": "#1"},
				"up": {"uv": [0.25, 0.25, 0.75, 0.75], "texture": "#1"},
				"down": {"uv": [0.25, 0.25, 0.75, 0.75], "texture": "#1"}
			}
		},
		{
			"name": "voxel",
			"from": [29, 3, 2],
			"to": [30, 4, 3],
			"faces": {
				"north": {"uv": [0.25, 0.25, 0.75, 0.75], "texture": "#1"},
				"east": {"uv": [0.25, 0.25, 0.75, 0.75], "texture": "#1"},
				"south": {"uv": [0.25, 0.25, 0.75, 0.75], "texture": "#1"},
				"west": {"uv": [0.25, 0.25, 0.75, 0.75], "texture": "#1"},
				"up": {"uv": [0.25, 0.25, 0.75, 0.75], "texture": "#1"},
				"down": {"uv": [0.25, 0.25, 0.75, 0.75], "texture": "#1"}
			}
		},
		{
			"name": "voxel",
			"from": [28, 3, 2],
			"to": [29, 4, 3],
			"faces": {
				"north": {"uv": [3.25, 0.25, 3.75, 0.75], "texture": "#1"},
				"east": {"uv": [3.25, 0.25, 3.75, 0.75], "texture": "#1"},
				"south": {"uv": [3.25, 0.25, 3.75, 0.75], "texture": "#1"},
				"west": {"uv": [3.25, 0.25, 3.75, 0.75], "texture": "#1"},
				"up": {"uv": [3.25, 0.25, 3.75, 0.75], "texture": "#1"},
				"down": {"uv": [3.25, 0.25, 3.75, 0.75], "texture": "#1"}
			}
		},
		{
			"name": "voxel",
			"from": [26, 3, 2],
			"to": [28, 4, 3],
			"faces": {
				"north": {"uv": [2.25, 0.25, 2.75, 0.75], "texture": "#1"},
				"east": {"uv": [2.25, 0.25, 2.75, 0.75], "texture": "#1"},
				"south": {"uv": [2.25, 0.25, 2.75, 0.75], "texture": "#1"},
				"west": {"uv": [2.25, 0.25, 2.75, 0.75], "texture": "#1"},
				"up": {"uv": [2.25, 0.25, 2.75, 0.75], "texture": "#1"},
				"down": {"uv": [2.25, 0.25, 2.75, 0.75], "texture": "#1"}
			}
		},
		{
			"name": "voxel",
			"from": [23, 3, 2],
			"to": [26, 5, 3],
			"faces": {
				"north": {"uv": [3.25, 0.25, 3.75, 0.75], "texture": "#1"},
				"east": {"uv": [3.25, 0.25, 3.75, 0.75], "texture": "#1"},
				"south": {"uv": [3.25, 0.25, 3.75, 0.75], "texture": "#1"},
				"west": {"uv": [3.25, 0.25, 3.75, 0.75], "texture": "#1"},
				"up": {"uv": [3.25, 0.25, 3.75, 0.75], "texture": "#1"},
				"down": {"uv": [3.25, 0.25, 3.75, 0.75], "texture": "#1"}
			}
		},
		{
			"name": "voxel",
			"from": [21, 3, 2],
			"to": [22, 5, 3],
			"faces": {
				"north": {"uv": [3.25, 0.25, 3.75, 0.75], "texture": "#1"},
				"east": {"uv": [3.25, 0.25, 3.75, 0.75], "texture": "#1"},
				"south": {"uv": [3.25, 0.25, 3.75, 0.75], "texture": "#1"},
				"west": {"uv": [3.25, 0.25, 3.75, 0.75], "texture": "#1"},
				"up": {"uv": [3.25, 0.25, 3.75, 0.75], "texture": "#1"},
				"down": {"uv": [3.25, 0.25, 3.75, 0.75], "texture": "#1"}
			}
		},
		{
			"name": "voxel",
			"from": [17, 3, 2],
			"to": [20, 5, 3],
			"faces": {
				"north": {"uv": [3.25, 0.25, 3.75, 0.75], "texture": "#1"},
				"east": {"uv": [3.25, 0.25, 3.75, 0.75], "texture": "#1"},
				"south": {"uv": [3.25, 0.25, 3.75, 0.75], "texture": "#1"},
				"west": {"uv": [3.25, 0.25, 3.75, 0.75], "texture": "#1"},
				"up": {"uv": [3.25, 0.25, 3.75, 0.75], "texture": "#1"},
				"down": {"uv": [3.25, 0.25, 3.75, 0.75], "texture": "#1"}
			}
		},
		{
			"name": "voxel",
			"from": [15, 3, 2],
			"to": [17, 4, 3],
			"faces": {
				"north": {"uv": [2.25, 0.25, 2.75, 0.75], "texture": "#1"},
				"east": {"uv": [2.25, 0.25, 2.75, 0.75], "texture": "#1"},
				"south": {"uv": [2.25, 0.25, 2.75, 0.75], "texture": "#1"},
				"west": {"uv": [2.25, 0.25, 2.75, 0.75], "texture": "#1"},
				"up": {"uv": [2.25, 0.25, 2.75, 0.75], "texture": "#1"},
				"down": {"uv": [2.25, 0.25, 2.75, 0.75], "texture": "#1"}
			}
		},
		{
			"name": "voxel",
			"from": [14, 3, 2],
			"to": [15, 4, 3],
			"faces": {
				"north": {"uv": [3.25, 0.25, 3.75, 0.75], "texture": "#1"},
				"east": {"uv": [3.25, 0.25, 3.75, 0.75], "texture": "#1"},
				"south": {"uv": [3.25, 0.25, 3.75, 0.75], "texture": "#1"},
				"west": {"uv": [3.25, 0.25, 3.75, 0.75], "texture": "#1"},
				"up": {"uv": [3.25, 0.25, 3.75, 0.75], "texture": "#1"},
				"down": {"uv": [3.25, 0.25, 3.75, 0.75], "texture": "#1"}
			}
		},
		{
			"name": "voxel",
			"from": [13, 3, 2],
			"to": [14, 4, 3],
			"faces": {
				"north": {"uv": [0.25, 0.25, 0.75, 0.75], "texture": "#1"},
				"east": {"uv": [0.25, 0.25, 0.75, 0.75], "texture": "#1"},
				"south": {"uv": [0.25, 0.25, 0.75, 0.75], "texture": "#1"},
				"west": {"uv": [0.25, 0.25, 0.75, 0.75], "texture": "#1"},
				"up": {"uv": [0.25, 0.25, 0.75, 0.75], "texture": "#1"},
				"down": {"uv": [0.25, 0.25, 0.75, 0.75], "texture": "#1"}
			}
		},
		{
			"name": "voxel",
			"from": [28, 2, 2],
			"to": [29, 3, 3],
			"faces": {
				"north": {"uv": [0.25, 0.25, 0.75, 0.75], "texture": "#1"},
				"east": {"uv": [0.25, 0.25, 0.75, 0.75], "texture": "#1"},
				"south": {"uv": [0.25, 0.25, 0.75, 0.75], "texture": "#1"},
				"west": {"uv": [0.25, 0.25, 0.75, 0.75], "texture": "#1"},
				"up": {"uv": [0.25, 0.25, 0.75, 0.75], "texture": "#1"},
				"down": {"uv": [0.25, 0.25, 0.75, 0.75], "texture": "#1"}
			}
		},
		{
			"name": "voxel",
			"from": [26, 2, 2],
			"to": [28, 3, 3],
			"faces": {
				"north": {"uv": [3.25, 0.25, 3.75, 0.75], "texture": "#1"},
				"east": {"uv": [3.25, 0.25, 3.75, 0.75], "texture": "#1"},
				"south": {"uv": [3.25, 0.25, 3.75, 0.75], "texture": "#1"},
				"west": {"uv": [3.25, 0.25, 3.75, 0.75], "texture": "#1"},
				"up": {"uv": [3.25, 0.25, 3.75, 0.75], "texture": "#1"},
				"down": {"uv": [3.25, 0.25, 3.75, 0.75], "texture": "#1"}
			}
		},
		{
			"name": "voxel",
			"from": [23, 2, 2],
			"to": [26, 3, 3],
			"faces": {
				"north": {"uv": [2.25, 0.25, 2.75, 0.75], "texture": "#1"},
				"east": {"uv": [2.25, 0.25, 2.75, 0.75], "texture": "#1"},
				"south": {"uv": [2.25, 0.25, 2.75, 0.75], "texture": "#1"},
				"west": {"uv": [2.25, 0.25, 2.75, 0.75], "texture": "#1"},
				"up": {"uv": [2.25, 0.25, 2.75, 0.75], "texture": "#1"},
				"down": {"uv": [2.25, 0.25, 2.75, 0.75], "texture": "#1"}
			}
		},
		{
			"name": "voxel",
			"from": [22, 2, 2],
			"to": [23, 4, 3],
			"faces": {
				"north": {"uv": [3.25, 0.25, 3.75, 0.75], "texture": "#1"},
				"east": {"uv": [3.25, 0.25, 3.75, 0.75], "texture": "#1"},
				"south": {"uv": [3.25, 0.25, 3.75, 0.75], "texture": "#1"},
				"west": {"uv": [3.25, 0.25, 3.75, 0.75], "texture": "#1"},
				"up": {"uv": [3.25, 0.25, 3.75, 0.75], "texture": "#1"},
				"down": {"uv": [3.25, 0.25, 3.75, 0.75], "texture": "#1"}
			}
		},
		{
			"name": "voxel",
			"from": [21, 2, 2],
			"to": [22, 3, 3],
			"faces": {
				"north": {"uv": [2.25, 0.25, 2.75, 0.75], "texture": "#1"},
				"east": {"uv": [2.25, 0.25, 2.75, 0.75], "texture": "#1"},
				"south": {"uv": [2.25, 0.25, 2.75, 0.75], "texture": "#1"},
				"west": {"uv": [2.25, 0.25, 2.75, 0.75], "texture": "#1"},
				"up": {"uv": [2.25, 0.25, 2.75, 0.75], "texture": "#1"},
				"down": {"uv": [2.25, 0.25, 2.75, 0.75], "texture": "#1"}
			}
		},
		{
			"name": "voxel",
			"from": [20, 2, 2],
			"to": [21, 6, 3],
			"faces": {
				"north": {"uv": [3.25, 0.25, 3.75, 0.75], "texture": "#1"},
				"east": {"uv": [3.25, 0.25, 3.75, 0.75], "texture": "#1"},
				"south": {"uv": [3.25, 0.25, 3.75, 0.75], "texture": "#1"},
				"west": {"uv": [3.25, 0.25, 3.75, 0.75], "texture": "#1"},
				"up": {"uv": [3.25, 0.25, 3.75, 0.75], "texture": "#1"},
				"down": {"uv": [3.25, 0.25, 3.75, 0.75], "texture": "#1"}
			}
		},
		{
			"name": "voxel",
			"from": [17, 2, 2],
			"to": [20, 3, 3],
			"faces": {
				"north": {"uv": [2.25, 0.25, 2.75, 0.75], "texture": "#1"},
				"east": {"uv": [2.25, 0.25, 2.75, 0.75], "texture": "#1"},
				"south": {"uv": [2.25, 0.25, 2.75, 0.75], "texture": "#1"},
				"west": {"uv": [2.25, 0.25, 2.75, 0.75], "texture": "#1"},
				"up": {"uv": [2.25, 0.25, 2.75, 0.75], "texture": "#1"},
				"down": {"uv": [2.25, 0.25, 2.75, 0.75], "texture": "#1"}
			}
		},
		{
			"name": "voxel",
			"from": [15, 2, 2],
			"to": [17, 3, 3],
			"faces": {
				"north": {"uv": [3.25, 0.25, 3.75, 0.75], "texture": "#1"},
				"east": {"uv": [3.25, 0.25, 3.75, 0.75], "texture": "#1"},
				"south": {"uv": [3.25, 0.25, 3.75, 0.75], "texture": "#1"},
				"west": {"uv": [3.25, 0.25, 3.75, 0.75], "texture": "#1"},
				"up": {"uv": [3.25, 0.25, 3.75, 0.75], "texture": "#1"},
				"down": {"uv": [3.25, 0.25, 3.75, 0.75], "texture": "#1"}
			}
		},
		{
			"name": "voxel",
			"from": [14, 2, 2],
			"to": [15, 3, 3],
			"faces": {
				"north": {"uv": [0.25, 0.25, 0.75, 0.75], "texture": "#1"},
				"east": {"uv": [0.25, 0.25, 0.75, 0.75], "texture": "#1"},
				"south": {"uv": [0.25, 0.25, 0.75, 0.75], "texture": "#1"},
				"west": {"uv": [0.25, 0.25, 0.75, 0.75], "texture": "#1"},
				"up": {"uv": [0.25, 0.25, 0.75, 0.75], "texture": "#1"},
				"down": {"uv": [0.25, 0.25, 0.75, 0.75], "texture": "#1"}
			}
		},
		{
			"name": "voxel",
			"from": [26, 1, 2],
			"to": [28, 2, 3],
			"faces": {
				"north": {"uv": [0.25, 0.25, 0.75, 0.75], "texture": "#1"},
				"east": {"uv": [0.25, 0.25, 0.75, 0.75], "texture": "#1"},
				"south": {"uv": [0.25, 0.25, 0.75, 0.75], "texture": "#1"},
				"west": {"uv": [0.25, 0.25, 0.75, 0.75], "texture": "#1"},
				"up": {"uv": [0.25, 0.25, 0.75, 0.75], "texture": "#1"},
				"down": {"uv": [0.25, 0.25, 0.75, 0.75], "texture": "#1"}
			}
		},
		{
			"name": "voxel",
			"from": [23, 1, 2],
			"to": [26, 2, 3],
			"faces": {
				"north": {"uv": [3.25, 0.25, 3.75, 0.75], "texture": "#1"},
				"east": {"uv": [3.25, 0.25, 3.75, 0.75], "texture": "#1"},
				"south": {"uv": [3.25, 0.25, 3.75, 0.75], "texture": "#1"},
				"west": {"uv": [3.25, 0.25, 3.75, 0.75], "texture": "#1"},
				"up": {"uv": [3.25, 0.25, 3.75, 0.75], "texture": "#1"},
				"down": {"uv": [3.25, 0.25, 3.75, 0.75], "texture": "#1"}
			}
		},
		{
			"name": "voxel",
			"from": [22, 1, 2],
			"to": [23, 2, 3],
			"faces": {
				"north": {"uv": [2.25, 0.25, 2.75, 0.75], "texture": "#1"},
				"east": {"uv": [2.25, 0.25, 2.75, 0.75], "texture": "#1"},
				"south": {"uv": [2.25, 0.25, 2.75, 0.75], "texture": "#1"},
				"west": {"uv": [2.25, 0.25, 2.75, 0.75], "texture": "#1"},
				"up": {"uv": [2.25, 0.25, 2.75, 0.75], "texture": "#1"},
				"down": {"uv": [2.25, 0.25, 2.75, 0.75], "texture": "#1"}
			}
		},
		{
			"name": "voxel",
			"from": [21, 1, 2],
			"to": [22, 2, 3],
			"faces": {
				"north": {"uv": [3.25, 0.25, 3.75, 0.75], "texture": "#1"},
				"east": {"uv": [3.25, 0.25, 3.75, 0.75], "texture": "#1"},
				"south": {"uv": [3.25, 0.25, 3.75, 0.75], "texture": "#1"},
				"west": {"uv": [3.25, 0.25, 3.75, 0.75], "texture": "#1"},
				"up": {"uv": [3.25, 0.25, 3.75, 0.75], "texture": "#1"},
				"down": {"uv": [3.25, 0.25, 3.75, 0.75], "texture": "#1"}
			}
		},
		{
			"name": "voxel",
			"from": [20, 1, 2],
			"to": [21, 2, 3],
			"faces": {
				"north": {"uv": [2.25, 0.25, 2.75, 0.75], "texture": "#1"},
				"east": {"uv": [2.25, 0.25, 2.75, 0.75], "texture": "#1"},
				"south": {"uv": [2.25, 0.25, 2.75, 0.75], "texture": "#1"},
				"west": {"uv": [2.25, 0.25, 2.75, 0.75], "texture": "#1"},
				"up": {"uv": [2.25, 0.25, 2.75, 0.75], "texture": "#1"},
				"down": {"uv": [2.25, 0.25, 2.75, 0.75], "texture": "#1"}
			}
		},
		{
			"name": "voxel",
			"from": [17, 1, 2],
			"to": [20, 2, 3],
			"faces": {
				"north": {"uv": [3.25, 0.25, 3.75, 0.75], "texture": "#1"},
				"east": {"uv": [3.25, 0.25, 3.75, 0.75], "texture": "#1"},
				"south": {"uv": [3.25, 0.25, 3.75, 0.75], "texture": "#1"},
				"west": {"uv": [3.25, 0.25, 3.75, 0.75], "texture": "#1"},
				"up": {"uv": [3.25, 0.25, 3.75, 0.75], "texture": "#1"},
				"down": {"uv": [3.25, 0.25, 3.75, 0.75], "texture": "#1"}
			}
		},
		{
			"name": "voxel",
			"from": [15, 1, 2],
			"to": [17, 2, 3],
			"faces": {
				"north": {"uv": [0.25, 0.25, 0.75, 0.75], "texture": "#1"},
				"east": {"uv": [0.25, 0.25, 0.75, 0.75], "texture": "#1"},
				"south": {"uv": [0.25, 0.25, 0.75, 0.75], "texture": "#1"},
				"west": {"uv": [0.25, 0.25, 0.75, 0.75], "texture": "#1"},
				"up": {"uv": [0.25, 0.25, 0.75, 0.75], "texture": "#1"},
				"down": {"uv": [0.25, 0.25, 0.75, 0.75], "texture": "#1"}
			}
		},
		{
			"name": "voxel",
			"from": [24, 0, 2],
			"to": [26, 1, 3],
			"faces": {
				"north": {"uv": [0.25, 0.25, 0.75, 0.75], "texture": "#1"},
				"east": {"uv": [0.25, 0.25, 0.75, 0.75], "texture": "#1"},
				"south": {"uv": [0.25, 0.25, 0.75, 0.75], "texture": "#1"},
				"west": {"uv": [0.25, 0.25, 0.75, 0.75], "texture": "#1"},
				"up": {"uv": [0.25, 0.25, 0.75, 0.75], "texture": "#1"},
				"down": {"uv": [0.25, 0.25, 0.75, 0.75], "texture": "#1"}
			}
		},
		{
			"name": "voxel",
			"from": [23, 0, 2],
			"to": [24, 1, 3],
			"faces": {
				"north": {"uv": [2.25, 0.25, 2.75, 0.75], "texture": "#1"},
				"east": {"uv": [2.25, 0.25, 2.75, 0.75], "texture": "#1"},
				"south": {"uv": [2.25, 0.25, 2.75, 0.75], "texture": "#1"},
				"west": {"uv": [2.25, 0.25, 2.75, 0.75], "texture": "#1"},
				"up": {"uv": [2.25, 0.25, 2.75, 0.75], "texture": "#1"},
				"down": {"uv": [2.25, 0.25, 2.75, 0.75], "texture": "#1"}
			}
		},
		{
			"name": "voxel",
			"from": [22, 0, 2],
			"to": [23, 1, 3],
			"faces": {
				"north": {"uv": [1.25, 0.25, 1.75, 0.75], "texture": "#1"},
				"east": {"uv": [1.25, 0.25, 1.75, 0.75], "texture": "#1"},
				"south": {"uv": [1.25, 0.25, 1.75, 0.75], "texture": "#1"},
				"west": {"uv": [1.25, 0.25, 1.75, 0.75], "texture": "#1"},
				"up": {"uv": [1.25, 0.25, 1.75, 0.75], "texture": "#1"},
				"down": {"uv": [1.25, 0.25, 1.75, 0.75], "texture": "#1"}
			}
		},
		{
			"name": "voxel",
			"from": [21, 0, 2],
			"to": [22, 1, 3],
			"faces": {
				"north": {"uv": [2.25, 0.25, 2.75, 0.75], "texture": "#1"},
				"east": {"uv": [2.25, 0.25, 2.75, 0.75], "texture": "#1"},
				"south": {"uv": [2.25, 0.25, 2.75, 0.75], "texture": "#1"},
				"west": {"uv": [2.25, 0.25, 2.75, 0.75], "texture": "#1"},
				"up": {"uv": [2.25, 0.25, 2.75, 0.75], "texture": "#1"},
				"down": {"uv": [2.25, 0.25, 2.75, 0.75], "texture": "#1"}
			}
		},
		{
			"name": "voxel",
			"from": [20, 0, 2],
			"to": [21, 1, 3],
			"faces": {
				"north": {"uv": [1.25, 0.25, 1.75, 0.75], "texture": "#1"},
				"east": {"uv": [1.25, 0.25, 1.75, 0.75], "texture": "#1"},
				"south": {"uv": [1.25, 0.25, 1.75, 0.75], "texture": "#1"},
				"west": {"uv": [1.25, 0.25, 1.75, 0.75], "texture": "#1"},
				"up": {"uv": [1.25, 0.25, 1.75, 0.75], "texture": "#1"},
				"down": {"uv": [1.25, 0.25, 1.75, 0.75], "texture": "#1"}
			}
		},
		{
			"name": "voxel",
			"from": [17, 0, 2],
			"to": [20, 1, 3],
			"faces": {
				"north": {"uv": [0.25, 0.25, 0.75, 0.75], "texture": "#1"},
				"east": {"uv": [0.25, 0.25, 0.75, 0.75], "texture": "#1"},
				"south": {"uv": [0.25, 0.25, 0.75, 0.75], "texture": "#1"},
				"west": {"uv": [0.25, 0.25, 0.75, 0.75], "texture": "#1"},
				"up": {"uv": [0.25, 0.25, 0.75, 0.75], "texture": "#1"},
				"down": {"uv": [0.25, 0.25, 0.75, 0.75], "texture": "#1"}
			}
		}
	],
	"display": {
		"thirdperson_righthand": {
			"rotation": [136.89, 86.55, -58.36],
			"translation": [4.75, -5, 0.5]
		},
		"thirdperson_lefthand": {
			"rotation": [143.63, -86.2, 64.9],
			"translation": [-6.25, -6.25, 0]
		},
		"firstperson_righthand": {
			"rotation": [180, 77.75, -87],
			"translation": [4.25, 3.25, 0]
		},
		"firstperson_lefthand": {
			"rotation": [180, -80.5, 91.75],
			"translation": [-2.75, 2.75, 0]
		},
		"ground": {
			"translation": [-4.25, 0, 2.75],
			"scale": [0.6, 0.6, 0.6]
		},
		"gui": {
			"rotation": [180, 0, -44.25],
			"translation": [-6.25, -3.5, 0]
		},
		"head": {
			"translation": [-3.75, 8.5, 0]
		},
		"fixed": {
			"translation": [-6.25, -1.25, 4.75]
		}
	},
	"groups": [
		{
			"name": "voxel_file",
			"origin": [8, 8, 8],
			"color": 0,
			"nbt": "{}",
			"children": [
				0,
				1,
				2,
				3,
				4,
				5,
				6,
				7,
				8,
				9,
				10,
				11,
				12,
				13,
				14,
				15,
				16,
				17,
				18,
				19,
				20,
				21,
				22,
				23,
				24,
				25,
				26,
				27,
				28,
				29,
				30,
				31,
				32,
				33,
				34,
				35,
				36,
				37,
				38,
				39,
				40,
				41,
				42,
				43,
				44,
				45,
				46,
				47,
				48,
				49,
				50,
				51,
				52,
				53,
				54,
				55,
				56,
				57,
				58,
				59,
				60,
				61,
				62,
				63,
				64,
				65,
				66,
				67,
				68,
				69,
				70,
				71,
				72,
				73,
				74,
				75,
				76,
				77,
				78,
				79,
				80,
				81,
				82,
				83,
				84,
				85,
				86,
				87,
				88,
				89,
				90,
				91,
				92,
				93,
				94,
				95,
				96,
				97,
				98,
				99,
				100,
				101,
				102,
				103,
				104,
				105,
				106,
				107,
				108,
				109,
				110,
				111,
				112,
				113,
				114,
				115,
				116,
				117,
				118,
				119,
				120,
				121,
				122,
				123,
				124,
				125,
				126,
				127,
				128,
				129,
				130,
				131,
				132,
				133,
				134,
				135,
				136,
				137,
				138,
				139,
				140,
				141,
				142,
				143,
				144,
				145,
				146,
				147,
				148,
				149,
				150,
				151,
				152,
				153,
				154,
				155,
				156,
				157,
				158,
				159,
				160,
				161,
				162,
				163,
				164,
				165,
				166,
				167,
				168,
				169,
				170,
				171,
				172,
				173,
				174,
				175,
				176,
				177,
				178,
				179
			]
		}
	]
}