{
	"credit": "Made with Blockbench",
	"texture_size": [32, 32],
	"textures": {
		"0": "./command",
		"particle": "./command"
	},
	"elements": [
		{
			"from": [6.55, 4.6, 6.75],
			"to": [9.35, 5.5, 9.45],
			"rotation": {"angle": 0, "axis": "y", "origin": [8, -3, 8]},
			"faces": {
				"north": {"uv": [2, 7, 4, 7.5], "texture": "#0"},
				"east": {"uv": [6, 7, 4, 7.5], "texture": "#0"},
				"south": {"uv": [4, 4.5, 2, 5], "texture": "#0"},
				"west": {"uv": [4, 6.5, 2, 7], "texture": "#0"},
				"up": {"uv": [4, 5, 2, 6.5], "texture": "#0"},
				"down": {"uv": [4, 6.5, 2, 5], "texture": "#0"}
			}
		},
		{
			"from": [6.45, -0.6, 6.55],
			"to": [9.45, 2.4, 9.55],
			"rotation": {"angle": 45, "axis": "z", "origin": [7.85, 1.05, 7.9]},
			"faces": {
				"north": {"uv": [2.75, 8.25, 5, 10.5], "texture": "#0"},
				"east": {"uv": [5, 8.25, 2.75, 10.5], "texture": "#0"},
				"south": {"uv": [5, 8.25, 2.75, 10.5], "texture": "#0"},
				"west": {"uv": [5, 8.25, 2.75, 10.5], "texture": "#0"},
				"up": {"uv": [5, 8.25, 2.75, 10.5], "texture": "#0"},
				"down": {"uv": [5, 10.5, 2.75, 8.25], "texture": "#0"}
			}
		},
		{
			"from": [6.65, -4.1, 7.25],
			"to": [9.15, -2.5, 8.75],
			"rotation": {"angle": -22.5, "axis": "z", "origin": [8, -3, 8]},
			"faces": {
				"north": {"uv": [5, 3.5, 6.25, 4.25], "texture": "#0"},
				"east": {"uv": [6.25, 2.75, 5, 3.5], "texture": "#0"},
				"south": {"uv": [5, 3.5, 6.25, 4.25], "texture": "#0"},
				"west": {"uv": [6.25, 2.75, 5, 3.5], "texture": "#0"},
				"up": {"uv": [5, 5, 6.25, 5.75], "texture": "#0"},
				"down": {"uv": [6.25, 5, 5, 4.25], "texture": "#0"}
			}
		},
		{
			"from": [7.25, 5.5, 7.8],
			"to": [8.75, 27.5, 8.3],
			"rotation": {"angle": 0, "axis": "y", "origin": [8, 1.5, 8]},
			"faces": {
				"north": {"uv": [11.25, 2, 10.5, 13], "texture": "#0"},
				"east": {"uv": [11, 2, 11.25, 13], "texture": "#0"},
				"south": {"uv": [10.5, 2, 11.25, 13], "texture": "#0"},
				"west": {"uv": [10.5, 2, 10.75, 13], "texture": "#0"},
				"up": {"uv": [11.25, 2, 11, 2.5], "texture": "#0"},
				"down": {"uv": [4, 0, 2, 0], "texture": "#missing"}
			}
		},
		{
			"from": [7.25, 27.5, 7.8],
			"to": [8.25, 29.5, 8.3],
			"rotation": {"angle": 0, "axis": "y", "origin": [8, 1.5, 8]},
			"faces": {
				"north": {"uv": [10.75, 2, 11.25, 4], "texture": "#0"},
				"east": {"uv": [10.5, 2, 10.75, 3.5], "texture": "#0"},
				"south": {"uv": [10.75, 2, 11.25, 4], "texture": "#0"},
				"west": {"uv": [10.5, 2, 10.75, 3.75], "texture": "#0"},
				"up": {"uv": [11.25, 2, 11, 2.5], "texture": "#0"},
				"down": {"uv": [4, 0, 2, 0], "texture": "#missing"}
			}
		},
		{
			"from": [7.25, 29.5, 7.8],
			"to": [7.75, 30.5, 8.3],
			"rotation": {"angle": 0, "axis": "y", "origin": [8, 1.5, 8]},
			"faces": {
				"north": {"uv": [11, 2, 11.25, 2.75], "texture": "#0"},
				"east": {"uv": [11, 2, 11.25, 3], "texture": "#0"},
				"south": {"uv": [11, 2, 11.25, 3], "texture": "#0"},
				"west": {"uv": [11, 2, 11.25, 3], "texture": "#0"},
				"up": {"uv": [11.25, 2.25, 11, 2.75], "texture": "#0"},
				"down": {"uv": [1, 0.5, 1.5, 1], "texture": "#missing"}
			}
		},
		{
			"from": [7, -3.6, 7.5],
			"to": [9, 5, 8.5],
			"rotation": {"angle": 0, "axis": "y", "origin": [8, -3, 8]},
			"faces": {
				"north": {"uv": [0, 0, 1, 4.25], "texture": "#0"},
				"east": {"uv": [2, 0, 2.5, 4.25], "texture": "#0"},
				"south": {"uv": [1, 0, 2, 4.25], "texture": "#0"},
				"west": {"uv": [2.5, 0, 3, 4.25], "texture": "#0"},
				"up": {"uv": [4, 0.5, 3, 0], "texture": "#0"},
				"down": {"uv": [4, 0.5, 3, 1], "texture": "#0"}
			}
		},
		{
			"from": [1, 6, 8],
			"to": [7, 26.2, 8],
			"faces": {
				"north": {"uv": [12.5, 1.75, 15.25, 11], "texture": "#0"},
				"east": {"uv": [6, 5.5, 3.25, 14.75], "texture": "#0"},
				"south": {"uv": [15.25, 1.75, 12.5, 11], "texture": "#0"},
				"west": {"uv": [0, 0, 0, 10], "texture": "#0"},
				"up": {"uv": [0, 0, 4, 0], "texture": "#0"},
				"down": {"uv": [0, 0, 4, 0], "texture": "#0"}
			}
		},
		{
			"from": [7, 5, 7.5],
			"to": [9, 30.7, 8.5],
			"faces": {
				"north": {"uv": [8.5, 0, 9.5, 12.5], "texture": "#0"},
				"east": {"uv": [8.5, 0, 9.5, 12.5], "texture": "#0"},
				"south": {"uv": [9.5, 0, 8.5, 12.5], "texture": "#0"},
				"west": {"uv": [8.5, 0, 9.5, 12.5], "texture": "#0"},
				"up": {"uv": [8.5, 9.75, 9.5, 10.25], "texture": "#0"},
				"down": {"uv": [18, 0, 20, 0.5], "texture": "#0"}
			}
		}
	],
	"display": {
		"thirdperson_righthand": {
			"rotation": [0, 90, 0],
			"translation": [0, 5, 0.25],
			"scale": [0.82, 0.82, 0.82]
		},
		"thirdperson_lefthand": {
			"rotation": [-178.75, -90, 0],
			"translation": [0, 2.25, 0],
			"scale": [0.82, 0.82, 0.82]
		},
		"firstperson_righthand": {
			"rotation": [-19.5, 90, 0],
			"translation": [2.13, 2.45, 0.38],
			"scale": [0.48, 0.48, 0.48]
		},
		"firstperson_lefthand": {
			"rotation": [126, -90, 0],
			"translation": [2.38, 1.45, 1.13],
			"scale": [0.48, 0.48, 0.48]
		},
		"gui": {
			"rotation": [0, 0, -45.25],
			"translation": [-1.75, -2.25, 0],
			"scale": [0.62305, 0.61719, 1]
		},
		"fixed": {
			"rotation": [0, 0, 23],
			"translation": [0, -2.25, 0],
			"scale": [0.61914, 0.55664, 1]
		}
	}
}