{
	"parent": "minecraft:item/generated",
	"textures": {
		"layer0": "minecraft:item/cookie"
	},
  
	"overrides": [
		{"predicate": {"custom_model_data":1901}, "model": "item/cookie/1901"},
		{"predicate": {"custom_model_data":1902}, "model": "item/cookie/1902"},
		{"predicate": {"custom_model_data":1903}, "model": "item/cookie/1903"},
		{"predicate": {"custom_model_data":1904}, "model": "item/cookie/1904"},
		{"predicate": {"custom_model_data":1905}, "model": "item/cookie/1905"},
		{"predicate": {"custom_model_data":1906}, "model": "item/cookie/1906"},
		{"predicate": {"custom_model_data":1907}, "model": "item/cookie/1907"},
		{"predicate": {"custom_model_data":1908}, "model": "item/cookie/1908"},
		{"predicate": {"custom_model_data":1909}, "model": "item/cookie/1909"},
		{"predicate": {"custom_model_data":1910}, "model": "item/cookie/1910"},
		{"predicate": {"custom_model_data":1911}, "model": "item/cookie/1911"},
		{"predicate": {"custom_model_data":1912}, "model": "item/cookie/1912"},
		{"predicate": {"custom_model_data":1913}, "model": "item/cookie/1913"},
		{"predicate": {"custom_model_data":1914}, "model": "item/cookie/1914"}
    ]
}