{
	"parent": "minecraft:item/generated",
	"textures": {
		"layer0": "minecraft:item/iron_ingot"
	},
  
	"overrides": [
		{"predicate": {"custom_model_data":1505}, "model": "item/iron_ingot/1505"},
		{"predicate": {"custom_model_data":1506}, "model": "item/iron_ingot/1506"},
		{"predicate": {"custom_model_data":1507}, "model": "item/iron_ingot/1507"},
		{"predicate": {"custom_model_data":1508}, "model": "item/iron_ingot/1508"},
                {"predicate": {"custom_model_data":1509}, "model": "item/iron_ingot/1509"}
    ]
}