{
	"parent": "minecraft:item/generated",
	"textures": {
		"layer0": "minecraft:item/netherite_helmet"
	},
  
	"overrides": [
		{"predicate": {"custom_model_data":601}, "model": "item/netherite_helmet/601"},
		{"predicate": {"custom_model_data":605}, "model": "item/netherite_helmet/605"},
		{"predicate": {"custom_model_data":609}, "model": "item/netherite_helmet/609"},
		{"predicate": {"custom_model_data":613}, "model": "item/netherite_helmet/613"},
		{"predicate": {"custom_model_data":617}, "model": "item/netherite_helmet/617"},
		{"predicate": {"custom_model_data":621}, "model": "item/netherite_helmet/621"}
    ]
}