{
	"credit": "Made with Blockbench",
	"texture_size": [32, 32],
	"textures": {
		"1": "item/custom_textures_3/netherite"
	},
	"elements": [
		{
			"from": [7.5, 0.15, -1],
			"to": [9.5, 1.85, 10.8],
			"rotation": {"angle": 0, "axis": "y", "origin": [7.5, 0.5, 1]},
			"faces": {
				"north": {"uv": [12, 0, 13, 1], "texture": "#1"},
				"east": {"uv": [0, 0, 6, 1], "texture": "#1"},
				"south": {"uv": [13, 0, 14, 1], "texture": "#1"},
				"west": {"uv": [6, 0, 12, 1], "texture": "#1"},
				"up": {"uv": [1, 14, 0, 8], "texture": "#1"},
				"down": {"uv": [2, 8, 1, 14], "texture": "#1"}
			}
		},
		{
			"from": [7.1, 0.1, -1.9],
			"to": [9.9, 1.9, 0.9],
			"rotation": {"angle": 45, "axis": "y", "origin": [7, 0, -1]},
			"faces": {
				"north": {"uv": [1.5, 3.5, 3, 4.5], "texture": "#1"},
				"east": {"uv": [0, 3.5, 1.5, 4.5], "texture": "#1"},
				"south": {"uv": [4.5, 3.5, 6, 4.5], "texture": "#1"},
				"west": {"uv": [3, 3.5, 4.5, 4.5], "texture": "#1"},
				"up": {"uv": [3, 3.5, 1.5, 2], "texture": "#1"},
				"down": {"uv": [4.5, 2, 3, 3.5], "texture": "#1"}
			}
		},
		{
			"from": [4.65, 0, 4.5],
			"to": [9.65, 2, 7.5],
			"rotation": {"angle": -22.5, "axis": "y", "origin": [7.6, 0, 5.5]},
			"faces": {
				"north": {"uv": [1.5, 7, 4, 8], "texture": "#1"},
				"east": {"uv": [0, 7, 1.5, 8], "texture": "#1"},
				"south": {"uv": [5.5, 7, 8, 8], "texture": "#1"},
				"west": {"uv": [4, 7, 5.5, 8], "texture": "#1"},
				"up": {"uv": [4, 7, 1.5, 5.5], "texture": "#1"},
				"down": {"uv": [4, 7, 1.5, 5.5], "texture": "#1"}
			}
		},
		{
			"from": [4.5, 1, 2.8],
			"to": [12.5, 1, 26.8],
			"rotation": {"angle": 0, "axis": "y", "origin": [7.5, 0, 2.8]},
			"faces": {
				"north": {"uv": [8, 16, 12, 16], "texture": "#1"},
				"east": {"uv": [-4, 16, 8, 16], "texture": "#1"},
				"south": {"uv": [24, 16, 28, 16], "texture": "#1"},
				"west": {"uv": [12, 16, 24, 16], "texture": "#1"},
				"up": {"uv": [16, 16, 12, 4], "texture": "#1"},
				"down": {"uv": [16, 4, 12, 16], "texture": "#1"}
			}
		}
	],
	"display": {
		"thirdperson_righthand": {
			"rotation": [-68.01, -1.42, -91.44],
			"translation": [6.75, 4, 2.5]
		},
		"thirdperson_lefthand": {
			"rotation": [-68, 0, -90],
			"translation": [6.75, 4, 2.5]
		},
		"firstperson_righthand": {
			"rotation": [-103, 11, -52],
			"translation": [13.75, -0.25, -8.75],
			"scale": [1, 1, 1]
		},
		"firstperson_lefthand": {
			"rotation": [87.63, -2.96, -107],
			"translation": [4.75, 3.25, -0.25],
			"scale": [0.8, 0.8, 0.8]
		},
		"ground": {
			"translation": [0, 4.75, 0],
			"scale": [0.8, 0.8, 0.8]
		},
		"gui": {
			"rotation": [-90, 38, 0],
			"translation": [-2.25, -1.25, 0],
			"scale": [0.8, 0.8, 0.8]
		},
		"fixed": {
			"rotation": [-90, 0, 0],
			"translation": [0, -2, -8]
		}
	},
	"groups": [
		{
			"name": "group",
			"origin": [8, 8, 8],
			"color": 0,
			"children": [
				{
					"name": "group",
					"origin": [8, 8, 8],
					"color": 0,
					"children": [0, 1, 2]
				},
				{
					"name": "group",
					"origin": [8, 8, 8],
					"color": 0,
					"children": [3]
				}
			]
		}
	]
}