{
	"credit": "Made with Blockbench",
	"textures": {
		"0": "item/custom_textures_3/windman_body",
		"1": "item/custom_textures_3/emblem",
		"2": "item/custom_textures_3/screen",
		"3": "item/custom_textures_3/firework",
		"particle": "item/custom_textures_3/windman_body"
	},
	"elements": [
		{
			"name": "ammo",
			"from": [6.05, 5.05, 6],
			"to": [8.95, 7.95, 10],
			"faces": {
				"north": {"uv": [11.5, 9.125, 13.8, 11.425], "texture": "#0"},
				"east": {"uv": [8.525, 9.1125, 11.5, 11.4125], "texture": "#0"},
				"south": {"uv": [11.5, 9.125, 13.8, 11.425], "texture": "#0"},
				"west": {"uv": [8.5, 9.1125, 11.5, 11.4125], "rotation": 180, "texture": "#0"},
				"up": {"uv": [8.5, 9.1125, 11.5, 11.4125], "rotation": 270, "texture": "#0"},
				"down": {"uv": [8.5, 9.1125, 11.5, 11.4125], "rotation": 90, "texture": "#0"}
			}
		},
		{
			"name": "A1",
			"from": [6, 5, 10],
			"to": [9, 8, 17],
			"faces": {
				"north": {"uv": [7, 0, 10.5, 3.5], "texture": "#0"},
				"east": {"uv": [0, 0, 7, 3], "texture": "#0"},
				"south": {"uv": [7, 0, 10.5, 3.5], "texture": "#0"},
				"west": {"uv": [7, 0, 0, 3], "texture": "#0"},
				"up": {"uv": [3, 13, 0, 6], "texture": "#0"},
				"down": {"uv": [6, 6, 3, 13], "texture": "#0"}
			}
		},
		{
			"from": [6.75, 4, 7],
			"to": [8.25, 5, 14.5],
			"faces": {
				"east": {"uv": [0, 3.5, 7.5, 4.5], "texture": "#0"},
				"south": {"uv": [3.5, 2, 5, 3], "texture": "#0"},
				"west": {"uv": [7.5, 3.5, 0, 4.5], "texture": "#0"},
				"up": {"uv": [0, 6, 1.5, 13.5], "texture": "#0"},
				"down": {"uv": [4.5, 11.5, 6, 4], "texture": "#0"}
			}
		},
		{
			"from": [6.75, 3, 7],
			"to": [8.25, 4, 10.5],
			"faces": {
				"east": {"uv": [0, 4.5, 3.5, 5.5], "texture": "#0"},
				"south": {"uv": [0, 4.5, 1.5, 5.5], "texture": "#0"},
				"west": {"uv": [3.5, 4.5, 0, 5.5], "texture": "#0"},
				"down": {"uv": [4.5, 8.5, 6, 11.5], "texture": "#0"}
			}
		},
		{
			"from": [6.75, 4, 14.5],
			"to": [8.25, 5, 17],
			"faces": {
				"east": {"uv": [1.5, 13, 4, 14], "texture": "#0"},
				"south": {"uv": [1.5, 13, 3, 14], "texture": "#0"},
				"west": {"uv": [3.5, 13, 6, 14], "texture": "#0"},
				"up": {"uv": [6, 16, 7.5, 13.5], "texture": "#0"},
				"down": {"uv": [6, 13.5, 7.5, 16], "texture": "#0"}
			}
		},
		{
			"from": [6.75, 3, 10.5],
			"to": [8.25, 4, 16.5],
			"faces": {
				"east": {"uv": [0, 13, 6, 14], "texture": "#0"},
				"south": {"uv": [3, 13, 4.5, 14], "texture": "#0"},
				"west": {"uv": [6, 13, 0, 14], "texture": "#0"},
				"up": {"uv": [6, 16, 7.5, 10.5], "texture": "#0"},
				"down": {"uv": [6, 10.5, 7.5, 16], "texture": "#0"}
			}
		},
		{
			"name": "Up",
			"from": [6.8, 8, 3.5],
			"to": [8.2, 8.75, 17],
			"faces": {
				"north": {"uv": [7.375, 13, 9.425, 13.75], "texture": "#0"},
				"east": {"uv": [0, 13.5, 12.5, 14.25], "texture": "#0"},
				"south": {"uv": [3.625, 13.125, 4.925, 13.75], "texture": "#0"},
				"west": {"uv": [12.5, 13.25, 0, 14], "texture": "#0"},
				"up": {"uv": [0, 13.0875, 12.5, 14.3875], "rotation": 90, "texture": "#0"},
				"down": {"uv": [0, 13.0875, 12.5, 14.3875], "rotation": 90, "texture": "#0"}
			}
		},
		{
			"from": [7.5, 6, 0.5],
			"to": [7.5, 8, 2.5],
			"faces": {
				"east": {"uv": [9.0375, 6, 12, 9], "rotation": 90, "texture": "#0"},
				"west": {"uv": [9.0375, 9, 12, 6], "rotation": 90, "texture": "#0"}
			}
		},
		{
			"from": [6.75, 5, 1.25],
			"to": [8.25, 5.5, 2.5],
			"faces": {
				"north": {"uv": [14.5, 0, 16, 0.5], "texture": "#0"},
				"east": {"uv": [14.5, 0, 16, 0.5], "texture": "#0"},
				"west": {"uv": [14.5, 0, 16, 0.5], "texture": "#0"},
				"down": {"uv": [14.5, 0, 16, 1], "texture": "#0"}
			}
		},
		{
			"from": [6.75, 5.5, -0.5],
			"to": [8.25, 6, 2.5],
			"faces": {
				"north": {"uv": [14.5, 0, 16, 0.5], "texture": "#0"},
				"east": {"uv": [14.5, 0, 15, 2.5], "rotation": 90, "texture": "#0"},
				"west": {"uv": [14.5, 0, 15, 2.5], "rotation": 90, "texture": "#0"},
				"up": {"uv": [14.5, 0, 16, 2.5], "texture": "#0"},
				"down": {"uv": [14.5, 0, 16, 2.5], "texture": "#0"}
			}
		},
		{
			"from": [6.75, 3, 1.75],
			"to": [8.25, 5, 4.25],
			"faces": {
				"north": {"uv": [14.5, 0, 16, 2], "texture": "#0"},
				"east": {"uv": [13.5, 2.5, 16, 4.5], "texture": "#0"},
				"south": {"uv": [14.5, 0, 16, 2], "texture": "#0"},
				"west": {"uv": [13.5, 2.5, 16, 4.5], "texture": "#0"},
				"down": {"uv": [14.5, 0, 16, 2], "texture": "#0"}
			}
		},
		{
			"from": [6.725, 0.175, 1],
			"to": [8.275, 0.925, 2.5],
			"rotation": {"angle": 22.5, "axis": "x", "origin": [0, 0, 0]},
			"faces": {
				"north": {"uv": [12.9, 6, 14.5, 7], "rotation": 180, "texture": "#0"},
				"east": {"uv": [13, 6, 14.5, 8], "rotation": 90, "texture": "#0"},
				"south": {"uv": [12.9, 6, 14.5, 7], "texture": "#0"},
				"west": {"uv": [13, 6, 14.5, 8], "rotation": 270, "texture": "#0"},
				"down": {"uv": [14, 0.5, 16, 2.5], "rotation": 180, "texture": "#0"}
			}
		},
		{
			"from": [6.725, 0.925, 0],
			"to": [8.275, 4.525, 2.575],
			"rotation": {"angle": 22.5, "axis": "x", "origin": [0, 0, 0]},
			"faces": {
				"north": {"uv": [12, 0, 13.475, 3.4625], "rotation": 180, "texture": "#0"},
				"east": {"uv": [12.1125, 6, 16, 8.575], "rotation": 90, "texture": "#0"},
				"south": {"uv": [12, 0, 13.475, 3.3875], "texture": "#0"},
				"west": {"uv": [16, 6, 12.1, 8.575], "rotation": 270, "texture": "#0"},
				"up": {"uv": [14, 1, 15.05, 2.075], "texture": "#0"},
				"down": {"uv": [14.45, 0, 16, 2.575], "rotation": 180, "texture": "#0"}
			}
		},
		{
			"from": [7.3, -0.8, 0.35],
			"to": [7.7, 0.85, 2.325],
			"faces": {
				"north": {"uv": [5, 3, 5.3, 4.8], "texture": "#0"},
				"east": {"uv": [5, 3, 6.95, 4.8], "texture": "#0"},
				"west": {"uv": [7, 3, 4.95, 4.8], "texture": "#0"},
				"down": {"uv": [6.5, 3, 6.8, 4.95], "texture": "#0"}
			}
		},
		{
			"from": [6.8, -0.8, 2.325],
			"to": [8.2, -0.3, 3.325],
			"faces": {
				"north": {"uv": [3, 6.5, 5.3, 7.5], "texture": "#0"},
				"east": {"uv": [14.125, 1.5, 16, 2.375], "texture": "#0"},
				"south": {"uv": [3.2, 6.5, 5.5, 7.5], "texture": "#0"},
				"west": {"uv": [14.125, 1.5, 16, 2.5], "texture": "#0"},
				"up": {"uv": [3, 6, 5.8, 8], "texture": "#0"},
				"down": {"uv": [3, 6, 6, 8], "texture": "#0"}
			}
		},
		{
			"from": [6.75, 2.75, 4.25],
			"to": [8.25, 3, 6.75],
			"faces": {
				"north": {"uv": [6, 15, 7.5, 15.5], "texture": "#0"},
				"east": {"uv": [6.5, 13.5, 6, 16], "rotation": 90, "texture": "#0"},
				"west": {"uv": [6, 11, 6.5, 14.5], "rotation": 90, "texture": "#0"},
				"up": {"uv": [6, 12.5, 7.5, 15.5], "texture": "#0"},
				"down": {"uv": [6, 12.5, 7.5, 15.5], "texture": "#0"}
			}
		},
		{
			"from": [7.5, 3.5, 4.25],
			"to": [7.5, 4.7, 5.25],
			"faces": {
				"east": {"uv": [7.5, 3.5, 9.5, 5.4875], "rotation": 90, "texture": "#0"},
				"west": {"uv": [7.5, 5.4875, 9.5, 3.5], "rotation": 90, "texture": "#0"}
			}
		},
		{
			"from": [6.75, 2.75, 6.75],
			"to": [8.25, 5, 7],
			"faces": {
				"north": {"uv": [6, 11, 7.5, 13.25], "texture": "#0"},
				"east": {"uv": [6, 10.5, 6.5, 12.75], "texture": "#0"},
				"south": {"uv": [6, 14, 7.5, 14.5], "texture": "#0"},
				"west": {"uv": [6.5, 10.5, 6, 12.75], "texture": "#0"},
				"up": {"uv": [6, 15.5, 7.5, 16], "rotation": 180, "texture": "#0"},
				"down": {"uv": [6, 13, 7.5, 13.5], "texture": "#0"}
			}
		},
		{
			"from": [6.75, 4.65, 4.25],
			"to": [8.25, 5, 6.75],
			"faces": {
				"east": {"uv": [7, 13.8, 6.4625, 15.5], "rotation": 90, "texture": "#0"},
				"west": {"uv": [6.5, 13.5, 6.95, 15.5], "rotation": 90, "texture": "#0"},
				"up": {"uv": [6, 13, 7.5, 16], "texture": "#0"},
				"down": {"uv": [6, 13, 7.5, 16], "texture": "#0"}
			}
		},
		{
			"from": [6, 5, 5],
			"to": [9, 8, 6],
			"faces": {
				"north": {"uv": [4, 0, 7, 3], "texture": "#0"},
				"east": {"uv": [0, 0, 1, 3], "texture": "#0"},
				"south": {"uv": [6, 6, 9, 9], "texture": "#0"},
				"west": {"uv": [1, 0, 2, 3], "texture": "#0"},
				"up": {"uv": [0, 8, 3, 9], "texture": "#0"},
				"down": {"uv": [3, 6, 6, 7], "texture": "#0"}
			}
		},
		{
			"from": [6.75, 5, 2.5],
			"to": [8.25, 8, 5],
			"faces": {
				"north": {"uv": [14.5, 0, 16, 3], "texture": "#0"},
				"east": {"uv": [13.5, 0, 16, 3], "texture": "#0"},
				"west": {"uv": [16, 0, 13.5, 3], "texture": "#0"},
				"up": {"uv": [14.5, 0, 16, 3], "texture": "#0"}
			}
		},
		{
			"from": [6, 5.25, 4],
			"to": [8.75, 7.75, 5],
			"faces": {
				"north": {"uv": [3.5, 0, 6, 2.5], "texture": "#0"},
				"east": {"uv": [0, 0.5, 1, 2.5], "texture": "#0"},
				"west": {"uv": [0, 0.5, 1, 2.5], "texture": "#0"},
				"up": {"uv": [0, 7.5, 2.5, 8.5], "texture": "#0"},
				"down": {"uv": [3.5, 7, 6, 8], "texture": "#0"}
			}
		},
		{
			"from": [5.975, 5.25, 9.5],
			"to": [5.975, 7.75, 11],
			"faces": {
				"east": {"uv": [7.5125, 11.5125, 10, 12.9875], "rotation": 270, "texture": "#0"},
				"west": {"uv": [7.5125, 11.5125, 10, 12.9875], "rotation": 90, "texture": "#0"}
			}
		},
		{
			"from": [5.975, 5.25, 5],
			"to": [5.975, 7.75, 7.5],
			"faces": {
				"east": {"uv": [13.4875, 3.5125, 11.0125, 5.9875], "texture": "#0"},
				"west": {"uv": [11.0125, 3.5125, 13.4875, 5.9875], "texture": "#0"}
			}
		},
		{
			"name": "U1",
			"from": [6.75, 8, 2.5],
			"to": [8.25, 8.75, 3.5],
			"faces": {
				"north": {"uv": [7.5, 10, 8.25, 11.5], "rotation": 90, "texture": "#0"},
				"east": {"uv": [6, 9, 7, 9.75], "texture": "#0"},
				"south": {"uv": [7.5, 10, 8.25, 11.5], "rotation": 90, "texture": "#0"},
				"west": {"uv": [7, 9, 6, 9.75], "texture": "#0"},
				"up": {"uv": [7, 9, 8.5, 10], "texture": "#0"}
			}
		},
		{
			"name": "Aim",
			"from": [6.75, 8.75, 3],
			"to": [8.25, 8.925, 3],
			"faces": {
				"north": {"uv": [7.0125, 5.5, 8.5, 5.9875], "texture": "#0"},
				"south": {"uv": [8.5, 5.5, 7.0125, 5.9875], "texture": "#0"}
			}
		},
		{
			"from": [6.775, 6, -0.75],
			"to": [8.225, 8.5, 0.25],
			"rotation": {"angle": 22.5, "axis": "x", "origin": [0, 0, 0]},
			"faces": {
				"north": {"uv": [14.5, 0, 16, 2.5], "texture": "#0"},
				"east": {"uv": [15, 0.5, 16, 3], "texture": "#0"},
				"west": {"uv": [15, 0, 16, 2.5], "texture": "#0"}
			}
		},
		{
			"name": "Emplem1",
			"from": [8.275, 5.25, 2.25],
			"to": [8.275, 7, 4],
			"faces": {
				"north": {"uv": [0, 0, 0, 2], "texture": "#1"},
				"east": {"uv": [0, 0, 16, 16], "texture": "#1"},
				"south": {"uv": [0, 0, 0, 2], "texture": "#1"},
				"up": {"uv": [0, 2, 0, 0], "texture": "#1"},
				"down": {"uv": [0, 0, 0, 2], "texture": "#1"}
			}
		},
		{
			"name": "Emplem2",
			"from": [5.975, 5.25, 12.25],
			"to": [5.975, 7, 14],
			"faces": {
				"north": {"uv": [0, 0, 0, 2], "texture": "#1"},
				"east": {"uv": [0, 0, 16, 16], "texture": "#1"},
				"west": {"uv": [0, 0, 16, 16], "texture": "#1"},
				"up": {"uv": [0, 2, 0, 0], "texture": "#1"},
				"down": {"uv": [0, 0, 0, 2], "texture": "#1"}
			}
		},
		{
			"name": "Screen",
			"from": [7.15, 8.025, 2.475],
			"to": [7.85, 8.725, 2.475],
			"faces": {
				"north": {"uv": [0, 0, 16, 16], "texture": "#2"},
				"east": {"uv": [0, 0, 0, 1], "texture": "#2"},
				"west": {"uv": [0, 0, 0, 1], "texture": "#2"},
				"up": {"uv": [1, 0, 0, 0], "texture": "#2"},
				"down": {"uv": [1, 0, 0, 0], "texture": "#2"}
			}
		},
		{
			"name": "Screen",
			"from": [7.15, 8.025, 2.45],
			"to": [7.85, 8.725, 2.45],
			"faces": {
				"north": {"uv": [0, 0, 16, 16], "texture": "#3"},
				"east": {"uv": [0, 0, 0, 1], "texture": "#2"},
				"west": {"uv": [0, 0, 0, 1], "texture": "#2"},
				"up": {"uv": [1, 0, 0, 0], "texture": "#2"},
				"down": {"uv": [1, 0, 0, 0], "texture": "#2"}
			}
		}
	],
	"display": {
		"thirdperson_righthand": {
			"rotation": [-180, 7, -180],
			"translation": [-0.25, 2, -0.5],
			"scale": [0.42, 0.42, 0.42]
		},
		"thirdperson_lefthand": {
			"rotation": [-180, 7, -180],
			"translation": [0.25, 2, -0.5],
			"scale": [0.42, 0.42, 0.42]
		},
		"firstperson_righthand": {
			"rotation": [-180, 7.38, -180],
			"translation": [8.75, 4, -6],
			"scale": [0.78, 0.78, 0.78]
		},
		"firstperson_lefthand": {
			"rotation": [-180, 7.3, -180],
			"translation": [8.75, 4, -6],
			"scale": [0.78, 0.78, 0.78]
		},
		"ground": {
			"translation": [0, 3, 0],
			"scale": [0.42, 0.42, 0.42]
		},
		"gui": {
			"rotation": [-8.41, -46.24, -9.49],
			"translation": [1.25, 3.25, 0],
			"scale": [1.06, 1.06, 1.06]
		},
		"head": {
			"rotation": [0, 180, 0],
			"translation": [0, 10, -1],
			"scale": [0.67, 0.67, 0.67]
		},
		"fixed": {
			"rotation": [0, 90, 0],
			"translation": [0, 2.5, -1],
			"scale": [0.64, 0.64, 0.64]
		}
	},
	"groups": [
		0,
		1,
		{
			"name": "D1",
			"origin": [0, 0, 0],
			"color": 0,
			"children": [2, 3]
		},
		{
			"name": "D2",
			"origin": [0, 0, 0],
			"color": 0,
			"children": [4, 5]
		},
		6,
		7,
		{
			"name": "B1",
			"origin": [0, 0, 0],
			"color": 0,
			"children": [8, 9]
		},
		{
			"name": "DB1",
			"origin": [0, 0, 0],
			"color": 0,
			"children": [10, 11, 12, 13, 14]
		},
		{
			"name": "D3",
			"origin": [0, 0, 0],
			"color": 0,
			"children": [15, 16, 17, 18]
		},
		{
			"name": "C1",
			"origin": [0, 0, 0],
			"color": 0,
			"children": [19, 20, 21, 22, 23]
		},
		24,
		25,
		26,
		27,
		28,
		29,
		30
	]
}